аб'юрація	ɛ b j u r ɑ t͡sʲ i j ɛ
абатиса	ɛ b ɛ t ɪ s ɛ
абвер	ɑ b ʋ ɪ r
аберація	ɛ b ɪ r ɑ t͡sʲ i j ɛ
абеткування	ɛ b ɪ t k u ʋ ɑ nʲ ɛ
абзац	ɛ b z ɑ t͡s
аби	ɐ b ɪ
абияк	ɛ b ɪ j ɛ k
аблактування	ɛ b ɫ ɛ k t u ʋ ɑ nʲ ɛ
абластика	ɛ b ɫ ɑ s t ɪ k ɛ
абляція	ɛ b lʲ ɑ t͡sʲ i j ɛ
аболіціонізм	ɛ b ɔ lʲ i t͡sʲ i ɔ nʲ i z m
аболіціоніст	ɛ b ɔ lʲ i t͡sʲ i ɔ nʲ i s t
аборт	ɛ b ɔ r t
абортувати	ɛ b ɔ r t u ʋ ɑ t ɪ
абразія	ɛ b r ɑ zʲ i j ɛ
абрикос	ɛ b r ɪ k ɔ s
абрикоса	ɛ b r ɪ k ɔ s ɛ
абрикосник	ɛ b r ɪ k ɔ s n ɪ k
аброгація	ɛ b r ɔ ɦ ɑ t͡sʲ i j ɛ
абсанс	ɛ b s ɑ n s
абсолютист	ɛ b s ɔ lʲ u t ɪ s t
абсолютно	ɛ b s ɔ lʲ u t n ɔ
абсорбент	ɐ b s ɔ r b ɛ n t
абсорбер	ɛ b s ɔ r b ɪ r
абстрагованість	ɛ b s t r ɛ ɦ ɔ ʋ ɛ nʲ i sʲ tʲ
абстрагування	ɛ b s t r ɛ ɦ u ʋ ɑ nʲ ɛ
абстракціоніст	ɛ b s t r ɛ k t͡sʲ i ɔ nʲ i s t
абстракція	ɛ b s t r ɑ k t͡sʲ i j ɛ
абсурдно	ɛ b s u r d n ɔ
абсурдність	ɛ b s u r dʲ nʲ i sʲ tʲ
абхаз	ɛ b x ɑ z
абхазець	ɛ b x ɑ z ɪ t͡sʲ
абіогенез	ɛ b i ɔ ɦ ɪ n ɛ z
аваліст	ɛ ʋ ɛ lʲ i s t
авантура	ɛ ʋ ɛ n t u r ɛ
авантюрниця	ɛ ʋ ɛ nʲ tʲ u r n ɪ t͡sʲ ɛ
аварійний	ɛ ʋ ɛ rʲ i i n ɪ i
аварія	ɐ ʋ ɑ rʲ i j ɐ
авгіїв	ɛ u ɦ i j i u
аврора	ɛ u r ɔ r ɛ
австралопітек	ɛ u s t r ɛ ɫ ɔ p i t ɛ k
австромарксист	ɛ u s t r ɔ m ɛ r k s ɪ s t
австрійський	ɛ u s tʲ rʲ i i sʲ k ɪ i
автаркізм	ɛ u t ɛ r k i z m
автентичність	ɐ u̯ t e n t ɪ t͡ʃ nʲ i sʲ tʲ
авто	ɐ u̯ t ɔ
автобальзам	ɛ u t ɔ b ɛ lʲ z ɑ m
автобусик	ɛ u t ɔ b u s ɪ k
автобусна	ɛ u t ɔ b u s n ɛ
автобусний	ɛ u t ɔ b u s n ɪ i
автобіограф	ɛ u t ɔ b i ɔ ɦ r ɛ f
автовагон	ɛ u t ɔ ʋ ɛ ɦ ɔ n
автовласник	ɛ u t ɔ u ɫ ɑ s n ɪ k
автоводоцистерна	ɛ u t ɔ ʋ ɔ d ɔ t͡s ɪ s t ɛ r n ɛ
автогемотерапія	ɛ u t ɔ ɦ ɪ m ɔ t ɪ r ɛ p i j ɛ
автодидакт	ɛ u t ɔ d ɪ d ɑ k t
автореференція	ɑ u t ɔ r ɪ f ɪ r ɛ nʲ t͡sʲ i j ɛ
авторизувати	ɛ u t ɔ r ɪ z u ʋ ɑ t ɪ
авіабаза	ɛ ʋ i ɛ b ɑ z ɛ
авіабензин	ɛ ʋ i ɛ b ɪ n z ɪ n
авіавиставка	ɛ ʋ i ɛ ʋ ɪ s t ɛ u k ɛ
авіадвигун	ɛ ʋ i ɛ d ʋ ɪ ɦ u n
авіадесантник	ɛ ʋ i ɛ d ɪ s ɑ n t n ɪ k
авіадивізія	ɛ ʋ i ɛ d ɪ ʋ i zʲ i j ɛ
авіалайнер	ɐ ʋʲ i ɐ ɫ ɑ i̯ n e r
авіаль	ɛ ʋ i ɑ lʲ
авіамаяк	ɛ ʋ i ɛ m ɛ j ɑ k
авіаметеослужба	ɛ ʋ i ɛ m ɪ t ɪ ɔ s ɫ u ʒ b ɛ
авіаметеостанція	ɛ ʋ i ɛ m ɪ t ɪ ɔ s t ɑ nʲ t͡sʲ i j ɛ
авіапарк	ɛ ʋ i ɛ p ɑ r k
авіапасажир	ɛ ʋ i ɛ p ɛ s ɛ ʒ ɪ r
авіаполк	ɛ ʋ i ɛ p ɔ ɫ k
авіапорт	ɛ ʋ i ɛ p ɔ r t
авіапідживлення	ɛ ʋ i ɛ p i d͡ʒ ɪ u ɫ ɪ nʲ ɛ
авіарейд	ɛ ʋ i ɛ r ɛ i d
авіарозвідка	ɛ ʋ i ɛ r ɔ zʲ ʋ i d k ɛ
авіасалон	ɛ ʋ i ɛ s ɛ ɫ ɔ n
авіатика	ɛ ʋ i ɑ t ɪ k ɛ
авіатранспорт	ɛ ʋ i ɛ t r ɑ n s p ɔ r t
авіатраса	ɛ ʋ i ɛ t r ɑ s ɛ
авіаучилище	ɛ ʋ i ɛ u t͡ʃ ɪ ɫ ɪ ʃ t͡ʃ ɪ
авіз	ɛ ʋ i z
авізування	ɛ ʋ i z u ʋ ɑ nʲ ɛ
авіста	ɛ ʋ i s t ɛ
авієтка	ɛ ʋ i j ɛ t k ɛ
аграрний	ɐ ɦ r ɑ r n e i̯
агресивність	ɛ ɦ r ɪ s ɪ u nʲ i sʲ tʲ
адреса	ɛ d r ɛ s ɛ
аероліт	ɛ ɪ r ɔ lʲ i t
аероскопія	ɛ ɪ r ɔ s k ɔ p i j ɛ
азербайджанський	ɛ z ɪ r b ɛ i d͡ʒ ɑ nʲ sʲ k ɪ i
академічний	ɛ k ɛ d ɪ m i t͡ʃ n ɪ i
аквамариновий	ɛ k ʋ ɛ m ɛ r ɪ n ɔ ʋ ɪ i
акваріум	ɛ k ʋ ɑ rʲ i u m
активність	ɛ k t ɪ u nʲ i sʲ tʲ
активувати	ɛ k t ɪ ʋ u ʋ ɑ t ɪ
активістка	ɛ k t ɪ ʋ i s t k ɛ
акул	ɛ k u ɫ
акцентувати	ɛ k t͡s ɪ n t u ʋ ɑ t ɪ
акціонер	ɛ k t͡sʲ i ɔ n ɛ r
акція	ɑ k t͡sʲ i j ɛ
албанка	ɛ ɫ b ɑ n k ɛ
албанія	ɛ ɫ b ɑ nʲ i j ɛ
алло	ɛ ɫ ɔ
альбатрос	ɛ lʲ b ɛ t r ɔ s
амбітний	ɛ m b i t n ɪ i
амбіція	ɛ m b i t͡sʲ i j ɛ
америка	ɛ m ɛ r ɪ k ɛ
ампер	ɛ m p ɛ r
амстердам	ɐ m s t e r d ɑ m
амфібія	ɛ m f i b i j ɛ
аналогічний	ɛ n ɛ ɫ ɔ ɦ i t͡ʃ n ɪ i
аналізувати	ɛ n ɛ lʲ i z u ʋ ɑ t ɪ
аналітичний	ɛ n ɛ lʲ i t ɪ t͡ʃ n ɪ i
анамнії	ɛ n ɑ m nʲ i j i
ананас	ɛ n ɛ n ɑ s
англійка	ɛ n ɦ lʲ i i k ɛ
ангольський	ɛ n ɦ ɔ lʲ sʲ k ɪ i
андоррський	ɛ n d ɔ r sʲ k ɪ i
андрій	ɐ n dʲ rʲ i i̯
анжеліка	ɛ n ʒ ɪ lʲ i k ɛ
анна	ɑ nː ɐ
аномалія	ɛ n ɔ m ɑ lʲ i j ɛ
анонімність	ɛ n ɔ nʲ i m nʲ i sʲ tʲ
антагонізм	ɛ n t ɛ ɦ ɔ nʲ i z m
антибіотики	ɛ n t ɪ b i ɔ t ɪ k ɪ
антидот	ɛ n t ɪ d ɔ t
апарат	ɛ p ɛ r ɑ t
апатичний	ɛ p ɛ t ɪ t͡ʃ n ɪ i
апатія	ɛ p ɑ tʲ i j ɛ
аптека	ɛ p t ɛ k ɛ
арешт	ɐ r ɛ ʃ t
арифметичний	ɛ r ɪ f m ɪ t ɪ t͡ʃ n ɪ i
арка	ɑ r k ɛ
аркуш	ɑ r k u ʃ
ароматний	ɐ r ɔ m ɑ t n e i̯
артерію	ɛ r t ɛ rʲ i j u
артеріям	ɛ r t ɛ rʲ i j ɛ m
артеріє	ɛ r t ɛ rʲ i j ɪ
арфіст	ɛ r f i s t
арфістка	ɛ r f i s t k ɛ
археологів	ɛ r x ɪ ɔ ɫ ɔ ɦ i u
архієпископ	ɛ r x i j ɪ p ɪ s k ɔ p
аріка	ɛ rʲ i k ɛ
арістотель	ɛ rʲ i s t ɔ t ɪ lʲ
асимптота	ɛ s ɪ m p t ɔ t ɛ
асистент	ɛ s ɪ s t ɛ n t
асистентка	ɛ s ɪ s t ɛ n t k ɛ
астероїд	ɐ s t e r ɔ j i d
астрономія	ɛ s t r ɔ n ɔ m i j ɛ
ательє	ɐ t e lʲ j ɛ
атеїстичний	ɛ t ɪ j i s t ɪ t͡ʃ n ɪ i
афаліна	ɛ f ɛ lʲ i n ɛ
афганський	ɛ f ɦ ɑ nʲ sʲ k ɪ i
афганістан	ɛ f ɦ ɛ nʲ i s t ɑ n
африканець	ɛ f r ɪ k ɑ n ɪ t͡sʲ
ацтекський	ɛ t͡s t ɛ k sʲ k ɪ i
аґрусовий	ɑ ɡ r u s ɔ ʋ ɪ i
аґрусівка	ɛ ɡ r u sʲ i u k ɛ
баба	b ɑ b ɛ
бавитися	b ɑ ʋ ɪ t ɪ sʲ ɛ
багатий	b ɛ ɦ ɑ t ɪ i
багато	b ɛ ɦ ɑ t ɔ
багатогодинний	b ɛ ɦ ɛ t ɔ ɦ ɔ d ɪ n ɪ i
багатогранний	b ɛ ɦ ɛ t ɔ ɦ r ɑ n ɪ i
багатокутник	b ɛ ɦ ɛ t ɔ k u t n ɪ k
багатолюдний	b ɛ ɦ ɛ t ɔ lʲ u d n ɪ i
багатолітній	b ɛ ɦ ɛ t ɔ lʲ i tʲ nʲ i i
баклан	b ɛ k ɫ ɑ n
бактеріальний	b ɛ k t ɪ rʲ i ɑ lʲ n ɪ i
бактерія	b ɛ k t ɛ rʲ i j ɛ
банк	b ɑ n k
барвник	b ɛ r ʋ n ɪ k
баритися	b ɛ r ɪ t ɪ sʲ ɛ
батальйон	b ɛ t ɛ lʲ j ɔ n
батько	b ɑ tʲ k ɔ
батьківщина	b ɛ tʲ k i u ʃ t͡ʃ ɪ n ɛ
батяри	b ɛ tʲ ɑ r ɪ
батіг	b ɛ tʲ i ɦ
бацяр	b ɑ t͡sʲ ɛ r
бачити	b ɑ t͡ʃ e t e
безболісність	b ɪ z b ɔ lʲ i sʲ nʲ i sʲ tʲ
безвідповідальність	b ɪ zʲ ʋ i d p ɔ ʋ i d ɑ lʲ nʲ i sʲ tʲ
безвідсотковий	b ɪ zʲ ʋ i d͡z s ɔ t k ɔ ʋ ɪ i
безглуздість	b ɪ z ɦ ɫ u zʲ dʲ i sʲ tʲ
безготівковий	b ɪ z ɦ ɔ tʲ i u k ɔ ʋ ɪ i
бездоганний	b ɪ z d ɔ ɦ ɑ n ɪ i
бездомний	b ɪ z d ɔ m n ɪ i
бездумний	b ɪ z d u m n ɪ i
безжальний	b ɪ ʒ ɑ lʲ n ɪ i
безжалісний	b ɪ ʒ ɑ lʲ i s n ɪ i
безжурний	b ɪ ʒ u r n ɪ i
беззастережний	b ɪ z ɛ s t ɪ r ɛ ʒ n ɪ i
беззубий	b ɪ z u b ɪ i
безлюддя	b ɪ zʲ lʲ u dʲ ɛ
безліч	b ɛ zʲ lʲ i t͡ʃ
безособовий	b ɪ z ɔ s ɔ b ɔ ʋ ɪ i
безперебійний	b ɪ z p ɪ r ɪ b i i n ɪ i
безперервний	b ɪ z p ɪ r ɛ r ʋ n ɪ i
безплатний	b ɪ z p ɫ ɑ t n ɪ i
безпосередній	b ɪ z p ɔ s ɪ r ɛ dʲ nʲ i i
безпрецедентний	b ɪ z p r ɪ t͡s ɪ d ɛ n t n ɪ i
безпритульний	b ɪ z p r ɪ t u lʲ n ɪ i
безпідставний	b ɪ zʲ p i d͡z s t ɑ u n ɪ i
безпілотний	b ɪ zʲ p i ɫ ɔ t n ɪ i
безсмертя	b ɪ z s m ɛ r tʲ ɛ
безсторонність	b ɪ z s t ɔ r ɔ nʲ i sʲ tʲ
безтурботний	b ɪ z t u r b ɔ t n ɪ i
безчесний	b ɪ ʒ t͡ʃ ɛ s n ɪ i
безіменний	b ɪ zʲ i m ɛ n ɪ i
бельгійський	b ɪ lʲ ɦ i i sʲ k ɪ i
бенін	b ɪ nʲ i n
бере	b ɪ r ɛ
бесіда	b ɛ sʲ i d ɛ
бета	b ɛ t ɛ
бидло	b ɪ d ɫ ɔ
бик	b ɪ k
битва	b ɪ t ʋ ɛ
битви	b ɪ t ʋ e
благий	b ɫ ɛ ɦ ɪ i
благо	b ɫ ɑ ɦ ɔ
близький	b ɫ ɪ zʲ k ɪ i
близько	b ɫ ɪ zʲ k ɔ
блокадами	b ɫ ɔ k ɑ d ɛ m ɪ
блокадою	b ɫ ɔ k ɑ d ɔ j u
блокаді	b ɫ ɔ k ɑ dʲ i
бо	b ɔ
бобер	b ɔ b ɛ r
богдан	b ɔ ɦ d ɑ n
богдана	b ɔ ɦ d ɑ n ɐ
богослов'я	b ɔ ɦ ɔ s ɫ ɔ ʋ j ɛ
богослів'я	b ɔ ɦ ɔ sʲ lʲ i ʋ j ɛ
боже	b ɔ ʒ e
божественне	b ɔ ʒ ɛ s t ʋ ɪ n ɪ
бойко	b ɔ i k ɔ
болгарин	b ɔ ɫ ɦ ɑ r ɪ n
болниця	b ɔ ɫ n ɪ t͡sʲ ɛ
болото	b ɔ ɫ ɔ t ɔ
боліти	b ɔ lʲ i t ɪ
бомба	b ɔ m b ɛ
бонусами	b ɔ n u s ɛ m ɪ
бонуси	b ɔ n ʊ s e
бонусом	b ɔ n u s ɔ m
боротися	b ɔ r ɔ t e sʲ ɐ
борошно	b ɔ r ɔ ʃ n ɔ
борщ	b ɔ r ʃ t͡ʃ
босоногий	b ɔ s ɔ n ɔ ɦ ɪ i
боягузливий	b ɔ j ɛ ɦ u z ɫ ɪ ʋ ɪ i
брати	b r ɛ t ɪ
брест	b r ɛ s t
брехень	b r ɛ x ɪ nʲ
брехню	b r ɪ x nʲ u
брехнями	b r ɛ x nʲ ɛ m ɪ
британія	b r ɪ t ɑ nʲ i j ɛ
бронза	b r ɔ n z ɛ
бруднити	b r u d n ɪ t ɪ
бруднитися	b r u d n ɪ t ɪ sʲ ɛ
брухт	b r u x t
був	b u u
бувай	b u ʋ ɑ i
бувати	b u ʋ ɑ t ɪ
будапештський	b u d ɛ p ɛ sʲ t͡sʲ k ɪ i
будда	b u d ɛ
будучи	b u d ʊ t͡ʃ e
була	b ʊ ɫ ɑ
булава	b u ɫ ɛ ʋ ɑ
були	b u ɫ ɪ
бурмило	b u r m ɪ ɫ ɔ
бурштин	b u r ʃ t ɪ n
бутан	b u t ɑ n
бутерброд	b u t ɪ r b r ɔ d
бути	b u t e
бюро	b u r ɔ
бюрократка	b u r ɔ k r ɑ t k ɛ
бібліотекарка	b i b lʲ i ɔ t ɛ k ɛ r k ɛ
бібліофіл	b i b lʲ i ɔ f i ɫ
біг	bʲ i ɦ
біднота	b i d n ɔ t ɛ
біженка	b i ʒ ɪ n k ɛ
бік	bʲ i k
білий	b i ɫ ɪ i
білка	b i ɫ k ɛ
білодід	bʲ i ɫ o dʲ i d
білок	b i ɫ ɔ k
білолиций	b i ɫ ɔ ɫ ɪ t͡s ɪ i
білорусь	bʲ i ɫ o r u sʲ
білоруський	b i ɫ ɔ r u sʲ k ɪ i
біль	b i lʲ
більш	b i lʲ ʃ
більшати	b i lʲ ʃ ɛ t ɪ
більше	bʲ i lʲ ʃ e
більшості	b i lʲ ʃ ɔ sʲ tʲ i
більшість	bʲ i lʲ ʃʲ i sʲ tʲ
біля	bʲ i lʲ ɐ
біологія	b i ɔ ɫ ɔ ɦ i j ɛ
біржа	b i r ʒ ɛ
бірюзовий	b i rʲ u z ɔ ʋ ɪ i
бісексуал	b i s ɪ k s u ɑ ɫ
в'язень	ʋ j ɑ z ɪ nʲ
в'язниця	ʋ j ɛ z n ɪ t͡sʲ ɛ
в'єтнамський	ʋ j ɪ t n ɑ m sʲ k ɪ i
вагітна	ʋ ɛ ɦ i t n ɛ
вади	ʋ ɑ d ɪ
ваді	ʋ ɑ dʲ i
важко	ʋ ɑ ʒ k ɔ
важливий	ʋ ɛ ʒ ɫ ɪ ʋ ɪ i
важливість	ʋ ɛ ʒ ɫ ɪ ʋ i sʲ tʲ
важчий	ʋ ɑ ʒ t͡ʃ ɪ i
вайло	ʋ ɛ i ɫ ɔ
вакцинація	ʋ ɛ k t͡s ɪ n ɑ t͡sʲ i j ɛ
валець	ʋ ɛ ɫ ɛ t͡sʲ
валютний	ʋ ɛ lʲ u t n ɪ i
вам	ʋ ɑ m
вами	ʋ ɑ m e
варіантами	ʋ ɛ rʲ i ɑ n t ɛ m ɪ
варіантові	ʋ ɛ rʲ i ɑ n t ɔ ʋ i
варіанту	ʋ ɛ rʲ i ɑ n t u
варіантів	ʋ ɛ rʲ i ɑ nʲ tʲ i u
вас	ʋ ɑ s
вата	ʋ ɑ t ɛ
ватру	ʋ ɑ t r u
ватрушка	ʋ ɛ t r u ʃ k ɛ
ваше	ʋ ɑ ʃ e
вбивати	ʋ b ɪ ʋ ɑ t ɪ
вбивство	w b ɪ u̯ s t w ɔ
ввести	ʋː e s t ɪ
ввечері	ʋː ɛ t͡ʃ e rʲ i
вдовець	ʋ d ɔ ʋ ɛ t͡sʲ
ведмідь	ʋ ɪ dʲ m i dʲ
ведучий	ʋ e d u t͡ʃ e i̯
вежа	ʋ ɛ ʒ ɛ
великодній	ʋ ɪ ɫ ɪ k ɔ dʲ nʲ i i
великодушність	ʋ ɪ ɫ ɪ k ɔ d u ʃ nʲ i sʲ tʲ
велиґдень	ʋ ɪ ɫ ɪ ɡ d ɪ nʲ
велосипед	ʋ ɪ ɫ ɔ s ɪ p ɛ d
вельможа	ʋ ɪ lʲ m ɔ ʒ ɛ
венеціанський	ʋ ɪ n ɪ t͡sʲ i ɑ nʲ sʲ k ɪ i
вени	ʋ ɛ n ɪ
вербальний	ʋ ɪ r b ɑ lʲ n ɪ i
верем'я	ʋ ɪ r ɛ m j ɛ
верес	ʋ ɛ r ɪ s
веретено	ʋ ɪ r ɪ t ɛ n ɔ
вероніка	ʋ ɪ r ɔ nʲ i k ɛ
версія	ʋ ɛ r sʲ i j ɛ
весна	ʋ e s n ɑ
вестися	ʋ e s t ɪ sʲ ɐ
весь	ʋ ɛ sʲ
весільна	ʋ ɪ sʲ i lʲ n ɛ
вечер	ʋ ɪ t͡ʃ ɛ r
вечері	ʋ ɪ t͡ʃ ɛ rʲ i
вечора	ʋ ɛ t͡ʃ ɔ r ɛ
вечір	ʋ ɛ t͡ʃʲ i r
вечірка	ʋ ɪ t͡ʃʲ i r k ɛ
вже	ʋ ʒ ɛ
вжити	ʋ ʒ ɪ t ɪ
взірець	ʋ zʲ i r ɛ t͡sʲ
взірцевий	ʋ zʲ i r t͡s ɛ ʋ ɪ i
ви	ʋ ɪ
вибирати	ʋ ɪ b ɪ r ɑ t ɪ
вибиратися	ʋ ɪ b ɪ r ɑ t ɪ sʲ ɛ
виборами	ʋ ɪ b ɔ r ɛ m ɪ
виборах	ʋ ɪ b ɔ r ɐ x
вибору	ʋ ɪ b ɔ r ʊ
виборі	ʋ ɪ b ɔ rʲ i
вибрати	ʋ ɪ b r ɛ t ɪ
вибратися	ʋ ɪ b r ɛ t ɪ sʲ ɛ
вибух	ʋ ɪ b ʊ x
вибір	ʋ ɪ bʲ i r
виглядати	ʋ ɪ ɦ lʲ ɛ d ɑ t ɪ
виграш	ʋ ɪ ɦ r ɛ ʃ
вигук	ʋ ɪ ɦ u k
вигідний	ʋ ɪ ɦ i d n ɪ i
видатний	ʋ ɪ d ɛ t n ɪ i
видовище	ʋ ɪ d ɔ ʋ ɪ ʃ t͡ʃ ɪ
видра	ʋ ɪ d r ɛ
видіння	ʋ e dʲ i nʲː ɐ
виживання	ʋ e ʒ e ʋ ɑ nʲː ɐ
виживати	ʋ ɪ ʒ ɪ ʋ ɑ t ɪ
вижлоктати	ʋ ɪ ʒ ɫ ɔ k t ɛ t ɪ
визнання	ʋ e z n ɑ nʲː ɐ
визначення	ʋ ɪ z n ɛ t͡ʃ ɪ nʲ ɛ
вийти	ʋ ɪ i̯ t e
виклик	ʋ ɪ k ɫ ɪ k
виключати	ʋ ɪ k lʲ u t͡ʃ ɑ t ɪ
виключний	ʋ ɪ k lʲ u t͡ʃ n ɪ i
виконання	ʋ ɪ k ɔ n ɑ nʲ ɛ
виконати	ʋ ɪ k ɔ n ɐ t e
виконувати	ʋ ɪ k ɔ n u ʋ ɛ t ɪ
використання	ʋ ɪ k ɔ r ɪ s t ɑ nʲ ɛ
використовувати	ʋ e k ɔ r e s t ɔ w ʊ ʋ ɐ t e
викрутка	ʋ ɪ k r u t k ɛ
вимерти	ʋ ɪ m ɪ r t ɪ
вимикати	ʋ ɪ m ɪ k ɑ t ɪ
вимираючий	ʋ ɪ m ɪ r ɑ j u t͡ʃ ɪ i
вимкнути	ʋ ɪ m k n u t ɪ
вимога	ʋ e m ɔ ɦ ɐ
винайти	ʋ ɪ n ɛ i t ɪ
винахідливість	ʋ ɪ n ɛ x i d ɫ ɪ ʋ i sʲ tʲ
виникнути	ʋ ɪ n e k n ʊ t e
виноградник	ʋ ɪ n ɔ ɦ r ɑ d n ɪ k
винокур	ʋ ɪ n ɔ k u r
виняток	ʋ ɪ nʲ ɐ t ɔ k
випадків	ʋ ɪ p ɐ dʲ kʲ i u̯
випадок	ʋ ɪ p ɑ d ɔ k
випити	ʋ ɪ p ɪ t ɪ
випроменити	ʋ ɪ p r ɔ m ɪ n ɪ t ɪ
вираження	ʋ ɪ r ɛ ʒ ɪ nʲ ɛ
вираз	ʋ ɪ r ɛ z
виразно	ʋ e r ɑ z n ɔ
виростати	ʋ ɪ r ɔ s t ɑ t ɪ
вирости	ʋ ɪ r ɔ s t ɪ
виріб	ʋ ɪ rʲ i b
вирізнятися	ʋ ɪ rʲ i zʲ nʲ ɑ t ɪ sʲ ɛ
вирішення	ʋ ɪ rʲ i ʃ ɪ nʲ ɛ
висловлюватися	ʋ ɪ s ɫ ɔ u lʲ u ʋ ɛ t ɪ sʲ ɛ
виснажувати	ʋ ɪ s n ɑ ʒ u ʋ ɛ t ɪ
високосний	ʋ ɪ s ɔ k ɔ s n ɪ i
висота	ʋ e s ɔ t ɑ
виступати	ʋ e s t ʊ p ɑ t e
висіти	ʋ ɪ sʲ i t ɪ
витратити	ʋ ɪ t r ɛ t ɪ t ɪ
вихідних	ʋ e xʲ i d n ɪ x
вихідні	ʋ e xʲ i dʲ nʲ i
вичерпувати	ʋ ɪ t͡ʃ ɛ r p u ʋ ɛ t ɪ
вишити	ʋ ɪ ʃ ɪ t ɪ
вишня	ʋ ɪ ʃ nʲ ɛ
вищий	ʋ ɪ ʃ t͡ʃ ɪ i
виявитися	ʋ ɪ j ɛ ʋ ɪ t ɪ sʲ ɛ
вказівний	ʋ k ɛ zʲ i u n ɪ i
включати	ʋ k lʲ u t͡ʃ ɑ t ɪ
вкус	ʋ k u s
влада	w ɫ ɑ d ɐ
власна	ʋ ɫ ɑ s n ɛ
власність	w ɫ ɑ sʲ nʲ i sʲ tʲ
властивий	ʋ ɫ ɛ s t ɪ ʋ ɪ i
власті	ʋ ɫ ɑ sʲ tʲ i
влаштовуватися	ʋ ɫ ɛ ʃ t u ʋ ɑ t ɪ sʲ ɛ
вмерти	ʋ m ɛ r t ɪ
вмикати	ʋ m ɪ k ɑ t ɪ
внаслідок	ʋ n ɑ sʲ lʲ i d ɔ k
вночі	w n o t͡ʃʲ i
внука	ʋ n u k ɛ
внучка	ʋ n u t͡ʃ k ɛ
вовна	ʋ ɔ u n ɛ
вогню	w o ɦ nʲ u
вогонь	w ɔ ɦ ɔ nʲ
водосховище	ʋ ɔ d ɔ s x ɔ ʋ ɪ ʃ t͡ʃ ɪ
водій	w o dʲ i i̯
возити	ʋ ɔ z ɪ t ɪ
волейболістка	ʋ ɔ ɫ ɪ i b ɔ lʲ i s t k ɛ
володимир	w ɔ ɫ ɔ d ɪ m e r
волокти	ʋ ɔ ɫ ɔ k t ɪ
волонтер	ʋ ɔ ɫ ɔ n t ɛ r
волосся	w ɔ ɫ ɔ sʲː ɐ
вольний	ʋ ɔ lʲ n ɪ i
воля	w ɔ lʲ ɐ
вони	w ɔ n ɪ
воно	ʋ ɔ n ɔ
ворог	w ɔ r ɔ ɦ
ворожий	ʋ ɔ r ɔ ʒ ɪ i
ворожнеча	ʋ ɔ r ɔ ʒ n ɛ t͡ʃ ɛ
ворожість	ʋ ɔ r ɔ ʒʲ i sʲ tʲ
ворота	ʋ ɔ r ɔ t ɛ
воротар	ʋ ɔ r ɔ t ɑ r
восьмисот	ʋ ɔ sʲ m ɪ s ɔ t
восьмисотий	ʋ ɔ sʲ m ɪ s ɔ t ɪ i
воювати	w ɔ j ʊ ʋ ɑ t e
воєначальник	w ɔ j e n ɐ t͡ʃ ɑ lʲ n e k
впевнений	ʋ p ɛ u n ɪ n ɪ i
вперше	ʋ p ɛ r ʃ ɪ
враження	w r ɑ ʒ e nʲː ɐ
вранці	w r ɑ nʲ t͡sʲ i
врятовувати	ʋ rʲ ɛ t ɔ ʋ u ʋ ɛ t ɪ
все	ʋ s ɛ
всередині	ʋ s ɪ r ɛ d ɪ nʲ i
всесвітньовідомий	ʋ s ɪ sʲ ʋ i tʲ nʲ ɔ ʋ i d ɔ m ɪ i
вступати	ʋ s t u p ɑ t ɪ
вся	ʋ sʲ ɑ
всі	ʍ sʲ i
вторгатися	ʋ t ɔ r ɦ ɑ t ɪ sʲ ɛ
втрата	ʍ t r ɑ t ɐ
втратити	ʋ t r ɑ t ɪ t ɪ
втрачати	ʋ t r ɛ t͡ʃ ɑ t ɪ
втручання	ʋ t r u t͡ʃ ɑ nʲ ɛ
втілювати	ʋ tʲ i lʲ u ʋ ɛ t ɪ
вуглеводень	ʋ u ɦ ɫ ɪ ʋ ɔ d ɪ nʲ
вугор	ʋ u ɦ ɔ r
вужчий	ʋ u ʒ t͡ʃ ɪ i
вулиця	ʋ u ɫ ɪ t͡sʲ ɛ
вус	ʋ u s
вхід	ʍ xʲ i d
вчитель	ʋ t͡ʃ ɪ t ɪ lʲ
вчити	ʋ t͡ʃ ɪ t ɪ
вівсами	ʋ i u s ɛ m ɪ
вівсу	ʋ i u s u
вівсів	ʋ i u sʲ i u
вівторок	ʋʲ i u̯ t ɔ r ɔ k
від	ʋʲ i d
від'їбатися	ʋ i d j i b ɑ t ɪ sʲ ɛ
відвага	ʋ i d ʋ ɑ ɦ ɛ
відважний	ʋ i d ʋ ɑ ʒ n ɪ i
відвернути	ʋ i d ʋ ɪ r n u t ɪ
відвідати	ʋʲ i dʲ ʋʲ i d ɐ t e
відданий	ʋ i d ɛ n ɪ i
відданість	ʋ i d ɛ nʲ i sʲ tʲ
відзвітувати	zʲ ʋ i t u ʋ ɑ t ɪ
відкладати	ʋ i d k ɫ ɛ d ɑ t ɪ
відкриття	ʋʲ i d k r e tʲː ɑ
відлякувати	ʋ i dʲ lʲ ɑ k u ʋ ɛ t ɪ
відлічити	ʋ i dʲ lʲ i t͡ʃ ɪ t ɪ
відмова	ʋʲ i d m ɔ ʋ ɐ
відміну	ʋʲ i dʲ mʲ i n ʊ
відновити	ʋ i d n ɔ ʋ ɪ t ɪ
відновлювати	ʋʲ i d n ɔ u̯ lʲ ʊ ʋ ɐ t e
відображати	ʋ i d ɔ b r ɛ ʒ ɑ t ɪ
відокремити	ʋ i d ɔ k r ɛ m ɪ t ɪ
відокремлювати	ʋ i d ɔ k r ɛ m lʲ u ʋ ɛ t ɪ
відомство	ʋʲ i d ɔ m s t w ɔ
відповідати	ʋ i d p ɔ ʋ i d ɑ t ɪ
відповідь	ʋ i d p ɔ ʋ i dʲ
відпочивати	ʋ i d p ɔ t͡ʃ ɪ ʋ ɑ t ɪ
відпочилий	ʋ i d p ɔ t͡ʃ ɪ ɫ ɪ i
відродження	ʋ i d r ɔ d͡ʒ ɪ nʲ ɛ
відродити	ʋ i d r ɔ d ɪ t ɪ
відрізнятися	ʋ i dʲ rʲ i zʲ nʲ ɑ t ɪ sʲ ɛ
відсвяткувати	ʋ i d͡z sʲ ʋ ɛ t k u ʋ ɑ t ɪ
відстоювати	ʋ i d͡z s t ɔ j u ʋ ɛ t ɪ
відстояти	ʋ i d͡z s t ɔ j ɑ t ɪ
відчиняти	ʋ i d͡ʒ t͡ʃ ɪ nʲ ɑ t ɪ
відчути	ʋ i d͡ʒ t͡ʃ u t ɪ
відчуття	ʋʲ i d͡ʒ t͡ʃ ʊ tʲː ɑ
візантій	ʋ i z ɑ nʲ tʲ i i
візантійський	ʋ i z ɛ nʲ tʲ i i sʲ k ɪ i
візовий	ʋ i z ɔ ʋ ɪ i
візуальний	ʋ i z u ɑ lʲ n ɪ i
військовий	ʋ i i sʲ k ɔ ʋ ɪ i
віковічний	ʋ i k ɔ ʋ i t͡ʃ n ɪ i
віктор	ʋʲ i k t ɔ r
вікторія	ʋ i k t ɔ rʲ i j ɛ
вікісловник	ʋ i k i s ɫ ɔ u n ɪ k
віл	ʋ i ɫ
вільна	ʋ i lʲ n ɛ
вільний	ʋʲ i lʲ n e i̯
вільнодумець	ʋ i lʲ n ɔ d u m ɪ t͡sʲ
вільнодумка	ʋ i lʲ n ɔ d u m k ɛ
вільнодумство	ʋ i lʲ n ɔ d u m s t ʋ ɔ
він	ʋʲ i n
вірменія	ʋ i r m ɛ nʲ i j ɛ
віросповідання	ʋ i r ɔ s p ɔ ʋ i d ɑ nʲ ɛ
віртуальний	ʋ i r t u ɑ lʲ n ɪ i
віру	ʋ i r u
вісь	ʋ i sʲ
вітальне	ʋ i t ɑ lʲ n ɪ
вітебськ	ʋ i t ɪ b sʲ k
вітер	ʋʲ i t e r
вітряний	ʋ i tʲ rʲ ɛ n ɪ i
віяти	ʋ i j ɛ t ɪ
гаджет	ɦ ɑ d͡ʒ ɪ t
галасливий	ɦ ɛ ɫ ɛ s ɫ ɪ ʋ ɪ i
галиця	ɦ ɑ ɫ ɪ t͡sʲ ɛ
галстук	ɦ ɑ ɫ s t u k
галузь	ɦ ɑ ɫ ʊ zʲ
галюцинація	ɦ ɛ lʲ u t͡s ɪ n ɑ t͡sʲ i j ɛ
гаманець	ɦ ɛ m ɛ n ɛ t͡sʲ
гарантія	ɦ ɛ r ɑ nʲ tʲ i j ɛ
гвінея	ɦ ʋ i n ɛ j ɛ
геймплей	ɦ ɪ i m p ɫ ɛ i
гель	ɦ ɛ lʲ
гендер	ɦ ɛ n d ɪ r
генерувати	ɦ ɪ n ɪ r u ʋ ɑ t ɪ
геноцид	ɦ e n ɔ t͡s ɪ d
геометричний	ɦ ɪ ɔ m ɪ t r ɪ t͡ʃ n ɪ i
геополітика	ɦ ɪ ɔ p ɔ lʲ i t ɪ k ɛ
геофізичний	ɦ ɪ ɔ f i z ɪ t͡ʃ n ɪ i
гербата	ɦ ɪ r b ɑ t ɛ
героїчний	ɦ ɪ r ɔ j i t͡ʃ n ɪ i
герцогиня	ɦ ɪ r t͡s ɔ ɦ ɪ nʲ ɛ
глава	ɦ ɫ ɛ ʋ ɑ
гладіатор	ɦ ɫ ɛ dʲ i ɑ t ɔ r
гладіаторський	ɦ ɫ ɛ dʲ i ɑ t ɔ r sʲ k ɪ i
глек	ɦ ɫ ɛ k
глід	ɦ lʲ i d
гнати	ɦ n ɑ t ɪ
голландія	ɦ ɔ ɫ ɑ nʲ dʲ i j ɛ
голова	ɦ ɔ ɫ ɔ ʋ ɑ
головний	ɦ ɔ ɫ ɔ u n ɪ i
голодомор	ɦ ɔ ɫ ɔ d ɔ m ɔ r
голота	ɦ ɔ ɫ ɔ t ɛ
гомосексуальний	ɦ ɔ m ɔ s ɪ k s u ɑ lʲ n ɪ i
гомосексуалізм	ɦ ɔ m ɔ s ɪ k s u ɛ lʲ i z m
гони	ɦ ɔ n ɪ
гонор	ɦ ɔ n ɔ r
гончар	ɦ ɔ n t͡ʃ ɑ r
гординя	ɦ ɔ r d ɪ nʲ ɛ
гордитися	ɦ ɔ r d ɪ t ɪ sʲ ɛ
горизонтами	ɦ ɔ r ɪ z ɔ n t ɛ m ɪ
горизонтові	ɦ ɔ r ɪ z ɔ n t ɔ ʋ i
горище	ɦ ɔ r ɪ ʃ t͡ʃ ɪ
горло	ɦ ɔ r ɫ ɔ
город	ɦ ɔ r ɔ d
городянин	ɦ ɔ r ɔ dʲ ɑ n ɪ n
горох	ɦ ɔ r ɔ x
господар	ɦ ɔ s p ɔ d ɐ r
господинею	ɦ ɔ s p ɔ d ɪ n ɪ j u
господиню	ɦ ɔ s p ɔ d ɪ nʲ u
госпіталізація	ɦ ɔ sʲ p i t ɛ lʲ i z ɑ t͡sʲ i j ɛ
гостювати	ɦ ɔ sʲ tʲ u ʋ ɑ t ɪ
готовий	ɦ ɔ t ɔ ʋ e i̯
готовність	ɦ ɔ t ɔ u nʲ i sʲ tʲ
готувати	ɦ ɔ t ʊ ʋ ɑ t e
гра	ɦ r ɑ
грабіж	ɦ r ɛ b i ʒ
град	ɦ r ɑ d
гранатомет	ɦ r ɛ n ɛ t ɔ m ɛ t
границя	ɦ r ɛ n ɪ t͡sʲ ɛ
граніт	ɦ r ɛ nʲ i t
гратися	ɦ r ɑ t ɪ sʲ ɛ
гребля	ɦ r ɛ b lʲ ɛ
гребти	ɦ r ɪ b t ɪ
греція	ɦ r ɛ t͡sʲ i j ɛ
гриб	ɦ r ɪ b
гривень	ɦ r ɪ ʋ ɪ nʲ
гривням	ɦ r ɪ u nʲ ɛ m
гривні	ɦ r ɪ u nʲ i
григоріанський	ɦ r ɪ ɦ ɔ rʲ i ɑ nʲ sʲ k ɪ i
гро	ɦ r ɔ
громадянка	ɦ r ɔ m ɛ dʲ ɑ n k ɛ
громадянство	ɦ r ɔ m ɛ dʲ ɑ n s t ʋ ɔ
громадянський	ɦ r ɔ m ɛ dʲ ɑ nʲ sʲ k ɪ i
громико	ɦ r ɔ m ɪ k ɔ
громило	ɦ r ɔ m ɪ ɫ ɔ
грошей	ɦ r ɔ ʃ e i̯
груди	ɦ r u d e
груша	ɦ r u ʃ ɛ
грязь	ɦ rʲ ɑ zʲ
грі	ɦ rʲ i
гріб	ɦ rʲ i b
грізний	ɦ rʲ i z n ɪ i
грішний	ɦ rʲ i ʃ n ɪ i
губернатор	ɦ ʊ b e r n ɑ t ɔ r
гуляти	ɦ u lʲ ɑ t ɪ
гуманістичний	ɦ u m ɛ nʲ i s t ɪ t͡ʃ n ɪ i
гуманістка	ɦ u m ɛ nʲ i s t k ɛ
гурченко	ɦ u r t͡ʃ ɪ n k ɔ
гуцульщина	ɦ u t͡s u lʲ ʃ t͡ʃ ɪ n ɛ
гібридний	ɦ i b r ɪ d n ɪ i
гідравлічний	ɦ i d r ɛ u lʲ i t͡ʃ n ɪ i
гідрологія	ɦ i d r ɔ ɫ ɔ ɦ i j ɛ
гілля	ɦ i lʲ ɛ
гіперактивний	ɦ i p ɪ r ɛ k t ɪ u n ɪ i
гіпотеза	ɦ i p ɔ t ɪ z ɛ
гірський	ɦ i r sʲ k ɪ i
гірший	ɦ i r ʃ ɪ i
давальний	d ɛ ʋ ɑ lʲ n ɪ i
давати	d ɛ ʋ ɑ t ɪ
давньогрецький	d ɛ u nʲ ɔ ɦ r ɛ t͡sʲ k ɪ i
дані	d ɑ nʲ i
даремність	d ɛ r ɛ m nʲ i sʲ tʲ
дата	d ɑ t ɛ
дати	d ɑ t ɪ
датувати	d ɛ t u ʋ ɑ t ɪ
двадцятиоднокутник	d ʋ ɛ d͡zʲ t͡sʲ ɛ t ɪ ɔ d n ɔ k u t n ɪ k
двері	d ʋ ɛ rʲ i
двомовність	d ʋ ɔ m ɔ u nʲ i sʲ tʲ
двоногий	d ʋ ɔ n ɔ ɦ ɪ i
двосторонній	d ʋ ɔ s t ɔ r ɔ nʲ i i
дві	dʲ ʋʲ i
двічі	dʲ ʋ i t͡ʃʲ i
де	d ɛ
дебютувати	d ɪ b u t u ʋ ɑ t ɪ
дебіл	d ɪ b i ɫ
дев'яностий	d ɪ ʋ j ɛ n ɔ s t ɪ i
дев'ятеро	d ɛ ʋ j ɛ t ɪ r ɔ
дев'яти	d e ʋ j ɐ t ɪ
дев'ять	d ɛ ʋ j ɐ tʲ
дейтон	d ɛ i t ɔ n
декларативний	d ɪ k ɫ ɛ r ɛ t ɪ u n ɪ i
декларацій	d ɪ k ɫ ɛ r ɑ t͡sʲ i i
декларацію	d ɪ k ɫ ɛ r ɑ t͡sʲ i j u
декларація	d e k ɫ ɐ r ɑ t͡sʲ i j ɐ
декларацією	d ɪ k ɫ ɛ r ɑ t͡sʲ i j ɪ j u
делегат	d ɪ ɫ ɪ ɦ ɑ t
делегатка	d ɪ ɫ ɪ ɦ ɑ t k ɛ
делегаціях	d ɪ ɫ ɪ ɦ ɑ t͡sʲ i j ɛ x
демократизувати	d ɪ m ɔ k r ɛ t ɪ z u ʋ ɑ t ɪ
демократично	d ɪ m ɔ k r ɛ t ɪ t͡ʃ n ɔ
демонстрація	d ɪ m ɔ n s t r ɑ t͡sʲ i j ɛ
демонструвати	d e m ɔ n s t r ʊ ʋ ɑ t e
день	d ɛ nʲ
дерев'яний	d ɪ r ɪ ʋ j ɑ n ɪ i
держав	d e r ʒ ɑ u̯
держава	d e r ʒ ɑ ʋ ɐ
державний	d e r ʒ ɑ u̯ n e i̯
десерт	d ɪ s ɛ r t
десертах	d ɪ s ɛ r t ɛ x
деталь	d ɪ t ɑ lʲ
дефект	d ɪ f ɛ k t
дешевий	d ɪ ʃ ɛ ʋ ɪ i
дешевший	d ɪ ʃ ɛ u ʃ ɪ i
джаз	d͡ʒ ɑ z
джгут	d͡ʒ ɦ u t
дзеркало	d͡z ɛ r k ɛ ɫ ɔ
дзиґа	d͡z ɪ ɡ ɛ
дзьоб	d͡zʲ ɔ b
диван	d ɪ ʋ ɑ n
дивний	d ɪ u n ɪ i
дивізій	d ɪ ʋ i zʲ i i
дивізіям	d ɪ ʋ i zʲ i j ɛ m
дивізіях	d ɪ ʋ i zʲ i j ɛ x
дизентерія	d e z e n t e rʲ i j ɐ
дикий	d ɪ k e i̯
диктатор	d ɪ k t ɑ t ɔ r
динаміка	d ɪ n ɑ m i k ɛ
динамічно	d ɪ n ɛ m i t͡ʃ n ɔ
диплома	d ɪ p ɫ ɔ m ɛ
директор	d ɪ r ɛ k t ɔ r
дисбаланс	d ɪ z b ɛ ɫ ɑ n s
дисертацій	d ɪ s ɪ r t ɑ t͡sʲ i i
дисертацію	d ɪ s ɪ r t ɑ t͡sʲ i j u
дисертація	d ɪ s ɪ r t ɑ t͡sʲ i j ɛ
дисиміляція	d ɪ s ɪ m i lʲ ɑ t͡sʲ i j ɛ
дискусія	d ɪ s k u sʲ i j ɛ
дислокація	d ɪ s ɫ ɔ k ɑ t͡sʲ i j ɛ
диспетчер	d ɪ s p ɛ tʃ ɪ r
дистанційне	d e s t ɐ nʲ t͡sʲ i i̯ n e
дисципліна	d ɪ s t͡s ɪ p lʲ i n ɛ
дитсадки	d ɪ t͡s ɛ d k ɪ
дитсадків	d ɪ t͡s ɛ dʲ k i u
дитсадок	d ɪ t͡s ɛ d ɔ k
дитята	d ɪ tʲ ɑ t ɛ
для	dʲ lʲ ɑ
дня	dʲ nʲ ɑ
дніпро	dʲ nʲ i p r ɔ
до	d ɔ
добривечір	d ɔ b r ɪ ʋ ɛ t͡ʃʲ i r
добробут	d ɔ b r ɔ b u t
доброзичливий	d ɔ b r ɔ z ɪ t͡ʃ ɫ ɪ ʋ ɪ i
доброзичливиця	d ɔ b r ɔ z ɪ t͡ʃ ɫ ɪ ʋ ɪ t͡sʲ ɛ
добросусідський	d ɔ b r ɔ s u sʲ i d͡zʲ sʲ k ɪ i
доброта	d ɔ b r ɔ t ɑ
доброчесний	d ɔ b r ɔ t͡ʃ ɛ s n ɪ i
добувати	d ɔ b u ʋ ɑ t ɪ
довг	d ɔ u ɦ
довгий	d ɔ u ɦ ɪ i
довгочасний	d ɔ u ɦ ɔ t͡ʃ ɑ s n ɪ i
довоєнний	d ɔ ʋ ɔ j ɛ n ɪ i
довіряти	d ɔ ʋ i rʲ ɑ t ɪ
довічний	d ɔ ʋ i t͡ʃ n ɪ i
догадуватися	d ɔ ɦ ɑ d u ʋ ɛ t ɪ sʲ ɛ
догма	d ɔ ɦ m ɛ
договір	d ɔ ɦ ɔ ʋʲ i r
додавати	d ɔ d ɐ ʋ ɑ t e
додатках	d ɔ d ɑ t k ɛ x
додатку	d ɔ d ɑ t k ʊ
додому	d ɔ d ɔ m ʊ
доза	d ɔ z ɛ
докторат	d ɔ k t ɔ r ɑ t
документувати	d ɔ k u m ɪ n t u ʋ ɑ t ɪ
долоням	d ɔ ɫ ɔ nʲ ɛ m
долонях	d ɔ ɫ ɔ nʲ ɛ x
долоні	d ɔ ɫ ɔ nʲ i
домашнє	d ɔ m ɑ ʃ nʲ ɪ
дому	d ɔ m u
донька	d ɔ nʲ k ɐ
допитливий	d ɔ p ɪ t ɫ ɪ ʋ ɪ i
допомога	d ɔ p ɔ m ɔ ɦ ɐ
допомогти	d ɔ p ɔ m ɔ ɦ t ɪ
допустимий	d ɔ p u s t ɪ m ɪ i
допустити	d ɔ p u s t ɪ t ɪ
доречний	d ɔ r ɛ t͡ʃ n ɪ i
дорога	d ɔ r ɔ ɦ ɛ
дорогий	d ɔ r ɔ ɦ ɪ i
доросла	d ɔ r ɔ s ɫ ɛ
дорослий	d ɔ r ɔ s ɫ ɪ i
досвідчений	d ɔ sʲ ʋ i d͡ʒ t͡ʃ ɪ n ɪ i
досить	d ɔ s e tʲ
дослідження	d o sʲ lʲ i d͡ʒ e nʲː ɐ
дослідниця	d ɔ sʲ lʲ i d n ɪ t͡sʲ ɛ
достатньо	d ɔ s t ɑ tʲ nʲ ɔ
доступ	d ɔ s t ʊ p
досьє	d ɔ sʲ j ɛ
досягнення	d ɔ sʲ ɑ ɦ n ɪ nʲ ɛ
дошках	d ɔ ʃ k ɛ x
дощ	d ɔ ʃ t͡ʃ
дощок	d ɔ ʃ t͡ʃ ɔ k
доїхати	d ɔ j i x ɛ t ɪ
драматургічний	d r ɛ m ɛ t u r ɦ i t͡ʃ n ɪ i
дратувати	d r ɛ t u ʋ ɑ t ɪ
дровця	d r ɔ u t͡sʲ ɑ
друг	d r u ɦ
другий	d r u ɦ ɪ i
другові	d r u ɦ ɔ ʋ i
другу	d r u ɦ u
друже	d r u ʒ ɪ
друзям	d r u zʲ ɛ m
друзями	d r u zʲ ɛ m ɪ
друзів	d r u zʲ i u
дріжджі	dʲ rʲ i ʒ d͡ʒ i
дрімати	dʲ rʲ i m ɑ t ɪ
дуже	d u ʒ e
думку	d u m k ʊ
дур	d u r
дути	d u t ɪ
душ	d u ʃ
дядьо	dʲ ɑ dʲ ɔ
дякую	dʲ ɑ k ʊ j ʊ
діагностика	dʲ i ɛ ɦ n ɔ s t ɪ k ɛ
діагностувати	dʲ i ɛ ɦ n ɔ s t u ʋ ɑ t ɪ
діаграма	dʲ i ɛ ɦ r ɑ m ɛ
діаметрально	dʲ i ɛ m ɪ t r ɑ lʲ n ɔ
діафрагма	dʲ i ɛ f r ɑ ɦ m ɛ
діафрагмами	dʲ i ɛ f r ɑ ɦ m ɛ m ɪ
діафрагмі	dʲ i ɛ f r ɑ ɦ m i
дівча	dʲ i u t͡ʃ ɑ
дівчина	dʲ i u t͡ʃ ɪ n ɛ
дізнатися	dʲ i z n ɑ t ɪ sʲ ɛ
дім	dʲ i m
дія	dʲ i j ɛ
діяти	dʲ i j ɐ t e
дієвий	dʲ i j ɛ ʋ ɪ i
евакуація	ɪ ʋ ɛ k u ɑ t͡sʲ i j ɛ
евакуювати	ɪ ʋ ɛ k u j u ʋ ɑ t ɪ
еволюціонувати	ɪ ʋ ɔ lʲ u t͡sʲ i ɔ n u ʋ ɑ t ɪ
евтаназія	ɪ u t ɛ n ɑ zʲ i j ɛ
егоїстичний	ɪ ɦ ɔ j i s t ɪ t͡ʃ n ɪ i
екваторіальний	ɪ k ʋ ɛ t ɔ rʲ i ɑ lʲ n ɪ i
економічний	ɪ k ɔ n ɔ m i t͡ʃ n ɪ i
ексгібіціоністський	ɪ ɡ zʲ ɦ i b i t͡sʲ i ɔ nʲ i sʲ k ɪ i
експедицію	ɪ k s p ɪ d ɪ t͡sʲ i j u
експедиціям	ɪ k s p ɪ d ɪ t͡sʲ i j ɛ m
експерт	e k s p ɛ r t
експонат	ɪ k s p ɔ n ɑ t
елегантний	ɪ ɫ ɪ ɦ ɑ n t n ɪ i
електрифікувати	ɪ ɫ ɪ k t r ɪ f i k u ʋ ɑ t ɪ
електромагнетизм	ɪ ɫ ɪ k t r ɔ m ɛ ɦ n ɪ t ɪ z m
електронний	ɪ ɫ ɪ k t r ɔ n ɪ i
елефант	ɪ ɫ ɪ f ɑ n t
емблематичний	ɪ m b ɫ ɪ m ɛ t ɪ t͡ʃ n ɪ i
емоцію	ɪ m ɔ t͡sʲ i j u
емоції	e m ɔ t͡sʲ i j i
емпіричний	ɪ m p i r ɪ t͡ʃ n ɪ i
емігрувати	ɪ m i ɦ r u ʋ ɑ t ɪ
енергій	ɪ n ɛ r ɦ i i
енергією	e n ɛ r ɦʲ i j e j ʊ
ензим	ɪ n z ɪ m
енциклопедист	ɪ n t͡s ɪ k ɫ ɔ p ɪ d ɪ s t
енциклопедистка	ɪ n t͡s ɪ k ɫ ɔ p ɪ d ɪ s t k ɛ
епох	ɪ p ɔ x
епохи	ɪ p ɔ x ɪ
епідеміологічний	e pʲ i d e mʲ i ɔ ɫ o ɦʲ i t͡ʃ n e i̯
епідеміологія	ɪ p i d ɪ m i ɔ ɫ ɔ ɦ i j ɛ
епічний	ɪ p i t͡ʃ n ɪ i
еротика	ɪ r ɔ t ɪ k ɛ
естонія	ɪ s t ɔ nʲ i j ɛ
етап	ɪ t ɑ p
етика	ɛ t ɪ k ɛ
етимологія	ɪ t ɪ m ɔ ɫ ɔ ɦ i j ɛ
ефір	e fʲ i r
еякулювати	ɪ j ɛ k u lʲ u ʋ ɑ t ɪ
еякуляція	ɪ j ɛ k u lʲ ɑ t͡sʲ i j ɛ
жаль	ʒ ɑ lʲ
жарт	ʒ ɑ r t
жасмин	ʒ ɛ s m ɪ n
женевський	ʒ ɪ n ɛ u sʲ k ɪ i
женитися	ʒ ɪ n ɪ t ɪ sʲ ɛ
живець	ʒ ɪ ʋ ɛ t͡sʲ
живий	ʒ ɪ ʋ ɪ i
живіт	ʒ e ʋʲ i t
жила	ʒ ɪ ɫ ɑ
жити	ʒ ɪ t e
житло	ʒ e t ɫ ɔ
житній	ʒ ɪ tʲ nʲ i i
життя	ʒ e tʲː ɑ
життєздатний	ʒ ɪ tʲ ɪ z d ɑ t n ɪ i
жлуктити	ʒ ɫ u k t ɪ t ɪ
жнець	ʒ n ɛ t͡sʲ
жовтень	ʒ ɔ u t ɪ nʲ
жовтий	ʒ ɔ u̯ t e i̯
жодний	ʒ ɔ d n ɪ i
жолудь	ʒ ɔ ɫ u dʲ
жона	ʒ ɔ n ɑ
жорстокий	ʒ ɔ r s t ɔ k ɪ i
жук	ʒ u k
журнал	ʒ u r n ɑ ɫ
журналістка	ʒ u r n ɛ lʲ i s t k ɛ
жінка	ʒʲ i n k ɛ
з'ясувати	z j ɛ s u ʋ ɑ t ɪ
з'їдати	z j i d ɑ t ɪ
з'їсти	z j i s t ɪ
забагти	z ɛ b ɑ ɦ t ɪ
забезпечення	z ɐ b e z p ɛ t͡ʃ e nʲː ɐ
забезпечити	z ɐ b e z p ɛ t͡ʃ e t e
забезпечувати	z ɛ b ɪ z p ɛ t͡ʃ u ʋ ɛ t ɪ
забобон	z ɛ b ɔ b ɔ n
заборонити	z ɛ b ɔ r ɔ n ɪ t ɪ
забороняти	z ɛ b ɔ r ɔ nʲ ɑ t ɪ
забрало	z ɛ b r ɑ ɫ ɔ
забруднення	z ɛ b r u d n ɪ nʲ ɛ
забудькуватий	z ɛ b u dʲ k u ʋ ɛ t ɪ i
завадити	z ɐ ʋ ɑ d e t e
завантажити	z ɛ ʋ ɛ n t ɑ ʒ ɪ t ɪ
завантажувати	z ɛ ʋ ɛ n t ɑ ʒ u ʋ ɛ t ɪ
завдання	z ɐ u̯ d ɑ nʲː ɐ
завдяки	z ɛ u dʲ ɛ k ɪ
завершення	z ɛ ʋ ɛ r ʃ ɪ nʲ ɛ
завойовувати	z ɛ ʋ ɔ j ɔ ʋ u ʋ ɛ t ɪ
завтра	z ɑ u̯ t r ɐ
завіса	z ɛ ʋ i s ɛ
загальний	z ɐ ɦ ɑ lʲ n e i̯
загальновідомий	z ɛ ɦ ɛ lʲ n ɔ ʋ i d ɔ m ɪ i
заглядати	z ɛ ɦ lʲ ɛ d ɑ t ɪ
загреб	z ɑ ɦ r ɪ b
зад	z ɑ d
задоволення	z ɛ d ɔ ʋ ɔ ɫ ɪ nʲ ɛ
зазвичай	z ɐ z ʋ e t͡ʃ ɑ i̯
зазначати	z ɛ z n ɛ t͡ʃ ɑ t ɪ
зазначити	z ɛ z n ɛ t͡ʃ ɪ t ɪ
займатися	z ɐ i̯ m ɑ t e sʲ ɐ
займається	z ɐ i̯ m ɑ j e t͡sʲː ɐ
займенник	z ɛ i m ɛ n ɪ k
зайнятий	z ɑ i nʲ ɛ t ɪ i
зайнятися	z ɛ i nʲ ɑ t ɪ sʲ ɛ
заколот	z ɑ k ɔ ɫ ɔ t
законах	z ɛ k ɔ n ɛ x
законодавиця	z ɛ k ɔ n ɔ d ɑ ʋ ɪ t͡sʲ ɛ
законодавство	z ɛ k ɔ n ɔ d ɑ u s t ʋ ɔ
законопроект	z ɐ k ɔ n ɔ p r ɔ ɛ k t
законослухняний	z ɛ k ɔ n ɔ s ɫ u x nʲ ɑ n ɪ i
закінчення	z ɛ k i n t͡ʃ ɪ nʲ ɛ
залежний	z ɛ ɫ ɛ ʒ n ɪ i
залізо	z ɛ lʲ i z ɔ
замовити	z ɛ m ɔ ʋ ɪ t ɪ
замовник	z ɛ m ɔ u n ɪ k
замощувати	z ɛ m ɔ ʃ t͡ʃ u ʋ ɛ t ɪ
замінити	z ɐ mʲ i n ɪ t e
занотовувати	z ɛ n ɔ t ɔ ʋ u ʋ ɛ t ɪ
занотувати	z ɛ n ɔ t u ʋ ɑ t ɪ
занурювати	z ɛ n u rʲ u ʋ ɛ t ɪ
заохотити	z ɛ ɔ x ɔ t ɪ t ɪ
заперечувати	z ɐ p e r ɛ t͡ʃ ʊ ʋ ɐ t e
запитання	z ɐ p e t ɑ nʲː ɐ
запобігання	z ɛ p ɔ b i ɦ ɑ nʲ ɛ
започатковувати	z ɛ p ɔ t͡ʃ ɛ t k ɔ ʋ u ʋ ɛ t ɪ
започаткувати	z ɛ p ɔ t͡ʃ ɛ t k u ʋ ɑ t ɪ
зара	z ɑ r ɛ
зареєструвати	z ɐ r e j e s t r ʊ ʋ ɑ t e
заробити	z ɐ r ɔ b ɪ t e
зарубіжжя	z ɛ r u b i ʒʲ ɛ
заручати	z ɛ r u t͡ʃ ɑ t ɪ
засмутити	z ɛ s m u t ɪ t ɪ
засмучений	z ɐ s m u t͡ʃ e n e i̯
засновник	z ɛ s n ɔ u n ɪ k
засновниця	z ɛ s n ɔ u n ɪ t͡sʲ ɛ
заспокоювати	z ɛ s p ɔ k ɔ j u ʋ ɛ t ɪ
заспокоїти	z ɐ s p ɔ k ɔ j i t e
заспокійливий	z ɛ s p ɔ k i i ɫ ɪ ʋ ɪ i
застраховувати	z ɛ s t r ɛ x ɔ ʋ u ʋ ɛ t ɪ
застрахувати	z ɛ s t r ɛ x u ʋ ɑ t ɪ
заступник	z ɛ s t u p n ɪ k
засудити	z ɛ s u d ɪ t ɪ
засідання	z ɐ sʲ i d ɐ nʲː ɐ
зателефонувати	z ɐ t e ɫ e f ɔ n ʊ ʋ ɑ t e
захаренко	z ɛ x ɑ r ɪ n k ɔ
захворювання	z ɐ x w ɔ rʲ ʊ ʋ ɐ nʲː ɐ
захворювань	z ɐ x w ɔ rʲ ʊ ʋ ɐ nʲ
захист	z ɑ x ɪ s t
захищати	z ɐ x e ʃ t͡ʃ ɑ t e
заявити	z ɛ j ɛ ʋ ɪ t ɪ
заяць	z ɑ j ɛ t͡sʲ
заєць	z ɑ j ɪ t͡sʲ
заїр	z ɛ j i r
збагатити	z b ɛ ɦ ɛ t ɪ t ɪ
збір	zʲ b i r
звернення	z ʋ ɛ r n ɪ nʲ ɛ
звикнути	z ʋ ɪ k n u t ɪ
звичайний	z ʋ ɪ t͡ʃ ɑ i n ɪ i
звичайно	z ʋ e t͡ʃ ɑ i̯ n ɔ
зворотний	z ʋ ɔ r ɔ t n ɪ i
звук	z ʋ u k
звуковий	z ʋ u k ɔ ʋ ɪ i
звідкись	zʲ ʋ i d k ɪ sʲ
звідси	zʲ ʋ i d͡z s ɪ
звідти	zʲ ʋ i d t ɪ
звіря	zʲ ʋ i rʲ ɑ
згадати	z ɦ ɐ d ɑ t e
згода	z ɦ ɔ d ɐ
згодний	z ɦ ɔ d n ɪ i
здатен	z d ɑ t ɪ n
здогадуватися	z d ɔ ɦ ɑ d u ʋ ɛ t ɪ sʲ ɛ
здоров'я	z d ɔ r ɔ ʋ j ɐ
здріти	z dʲ rʲ i t ɪ
здібний	zʲ dʲ i b n ɪ i
здійснити	zʲ dʲ i i̯ s n ɪ t e
зекономити	z ɪ k ɔ n ɔ m ɪ t ɪ
зелен	z ɛ ɫ ɪ n
зеленський	z e ɫ ɛ nʲ sʲ k e i̯
землевласник	z ɪ m ɫ ɪ u ɫ ɑ s n ɪ k
зима	z ɪ m ɑ
зимовий	z ɪ m ɔ ʋ ɪ i
злочинець	z ɫ ɔ t͡ʃ ɪ n ɪ t͡sʲ
змагання	z m ɛ ɦ ɑ nʲ ɛ
змагатися	z m ɛ ɦ ɑ t ɪ sʲ ɛ
зменшень	z m ɛ n ʃ ɪ nʲ
зменшити	z m ɛ n ʃ e t e
змова	z m ɔ ʋ ɛ
змусити	z m u s ɪ t ɪ
змі	zʲ m i
змій	zʲ m i i
змінити	zʲ m i n ɪ t ɪ
знадобитися	z n ɛ d ɔ b ɪ t ɪ sʲ ɛ
знайомий	z n ɛ j ɔ m ɪ i
знайти	z n ɛ i t ɪ
знак	z n ɑ k
знаменитість	z n ɐ m e n ɪ tʲ i sʲ tʲ
значення	z n ɑ t͡ʃ e nʲː ɐ
значний	z n ɛ t͡ʃ n ɪ i
знижувати	z n ɪ ʒ u ʋ ɛ t ɪ
знищити	z n ɪ ʃ t͡ʃ e t e
знімати	zʲ nʲ i m ɑ t e
знімок	zʲ nʲ i m ɔ k
зобов'язання	z ɔ b ɔ ʋ j ɑ z ɛ nʲ ɛ
зображати	z ɔ b r ɛ ʒ ɑ t ɪ
зображення	z ɔ b r ɑ ʒ e nʲː ɐ
зображувати	z ɔ b r ɑ ʒ u ʋ ɛ t ɪ
зовні	z ɔ u nʲ i
зовнішня	z ɔ u nʲ i ʃ nʲ ɛ
зовнішній	z ɔ u nʲ i ʃ nʲ i i
зовсім	z ɔ u̯ sʲ i m
зозуля	z ɔ z u lʲ ɛ
золота	z ɔ ɫ ɔ t ɛ
золото	z ɔ ɫ ɔ t ɔ
золотом	z ɔ ɫ ɔ t ɔ m
зона	z ɔ n ɐ
зоологія	z ɔ ɔ ɫ ɔ ɦ i j ɛ
зоомагазин	z ɔ ɔ m ɛ ɦ ɛ z ɪ n
зоопарк	z ɔ ɔ p ɑ r k
зоровий	z ɔ r ɔ ʋ ɪ i
зоря	z ɔ rʲ ɑ
зрада	z r ɑ d ɐ
зрадниця	z r ɑ d n ɪ t͡sʲ ɛ
зрештою	z r ɛ ʃ t ɔ j ʊ
зрозумілість	z r ɔ z u m i lʲ i sʲ tʲ
зрозуміти	z r ɔ z ʊ mʲ i t e
зростання	z r ɔ s t ɑ nʲː ɐ
зростати	z r ɔ s t ɑ t e
зрости	z r ɔ s t ɪ
зручний	z r u t͡ʃ n ɪ i
зуби	z u b e
зупинити	z ʊ p e n ɪ t e
зупинка	z u p ɪ n k ɛ
зупинятися	z u p ɪ nʲ ɑ t ɪ sʲ ɛ
зустріч	z u s tʲ rʲ i t͡ʃ
зустрічатися	z u s tʲ rʲ i t͡ʃ ɑ t ɪ sʲ ɛ
зустрічей	z u s tʲ rʲ i t͡ʃ e i̯
зустрічі	z u s tʲ rʲ i t͡ʃʲ i
зібратися	zʲ i b r ɑ t ɪ sʲ ɛ
зір	zʲ i r
зірка	zʲ i r k ɐ
й	j
його	j ɔ ɦ ɔ
йогурт	j ɔ ɦ ʊ r t
йти	i t ɪ
кабінет	k ɐ bʲ i n ɛ t
кажучи	k ɑ ʒ u t͡ʃ ɪ
кайман	k ɛ i m ɑ n
календарем	k ɛ ɫ ɪ n d ɛ r ɛ m
календаря	k ɛ ɫ ɪ n d ɛ rʲ ɑ
календарів	k ɛ ɫ ɪ n d ɛ rʲ i u
калій	k ɑ lʲ i i
канадієць	k ɛ n ɛ dʲ i j ɪ t͡sʲ
каплицею	k ɛ p ɫ ɪ t͡s ɪ j u
каплиць	k ɛ p ɫ ɪ t͡sʲ
каплицю	k ɛ p ɫ ɪ t͡sʲ u
каплиці	k ɛ p ɫ ɪ t͡sʲ i
капуста	k ɛ p u s t ɛ
капітал	k ɛ p i t ɑ ɫ
капітан	k ɛ p i t ɑ n
капітулювати	k ɛ p i t u lʲ u ʋ ɑ t ɪ
кар'єра	k ɛ r j ɛ r ɛ
кара	k ɑ r ɛ
карась	k ɛ r ɑ sʲ
карликовий	k ɑ r ɫ ɪ k ɔ ʋ ɪ i
карт	k ɑ r t
картина	k ɐ r t ɪ n ɐ
картка	k ɑ r t k ɛ
картографічний	k ɛ r t ɔ ɦ r ɛ f i t͡ʃ n ɪ i
картопля	k ɛ r t ɔ p lʲ ɛ
кат	k ɑ t
катастрофами	k ɛ t ɛ s t r ɔ f ɛ m ɪ
катастрофи	k ɛ t ɛ s t r ɔ f ɪ
категоричний	k ɛ t ɪ ɦ ɔ r ɪ t͡ʃ n ɪ i
катерина	k ɐ t e r ɪ n ɐ
каштан	k ɛ ʃ t ɑ n
квадратний	k ʋ ɛ d r ɑ t n ɪ i
квантова	k ʋ ɑ n t ɔ ʋ ɛ
квітень	k ʋ i t ɪ nʲ
келих	k ɛ ɫ ɪ x
керівництво	k e rʲ i u̯ n ɪ t͡s t w ɔ
ким	k ɪ m
киплячий	k ɪ p lʲ ɑ t͡ʃ ɪ i
кипіти	k ɪ p i t ɪ
кисень	k ɪ s ɪ nʲ
китай	k e t ɑ i̯
кишенею	k ɪ ʃ ɛ n ɪ j u
кишенькові	k ɪ ʃ ɪ nʲ k ɔ ʋ i
кишеню	k ɪ ʃ ɛ nʲ u
кишенях	k ɪ ʃ ɛ nʲ ɛ x
києвом	k ɪ j e w ɔ m
києві	k ɪ j e ʋʲ i
київ	k ɪ j i u̯
київський	k ɪ j i u̯ sʲ k e i̯
клавіатур	k ɫ ɛ ʋ i ɛ t u r
класовий	k ɫ ɑ s ɔ ʋ ɪ i
класти	k ɫ ɑ s t ɪ
клоччя	k ɫ ɔ t͡ʃʲː ɛ
клуатр	k ɫ u ɑ t r
клуб	k ɫ u b
ключовий	k lʲ u t͡ʃ ɔ ʋ ɪ i
клясти	k lʲ ɛ s t ɪ
кліматичний	k lʲ i m ɛ t ɪ t͡ʃ n ɪ i
клієнт	k lʲ i j ɛ n t
книга	k n ɪ ɦ ɐ
книжка	k n ɪ ʒ k ɐ
книжкова	k n ɪ ʒ k ɔ ʋ ɛ
коала	k ɔ ɑ ɫ ɛ
коаліційний	k ɔ ɛ lʲ i t͡sʲ i i n ɪ i
ковдра	k ɔ u d r ɛ
ковзкий	k ɔ u z k ɪ i
когнітивний	k ɔ ɦ nʲ i t ɪ u n ɪ i
когось	k ɔ ɦ ɔ sʲ
когут	k ɔ ɦ u t
кода	k ɔ d ɛ
кодекс	k ɔ d e k s
коефіцієнт	k ɔ ɪ f i t͡sʲ i j ɛ n t
кожен	k ɔ ʒ e n
кожного	k ɔ ʒ n ɔ ɦ ɔ
кожух	k ɔ ʒ u x
козакові	k ɔ z ɛ k ɔ ʋ i
козаків	k ɔ z ɐ kʲ i u̯
козел	k ɔ z ɛ ɫ
козирок	k ɔ z ɪ r ɔ k
коли	k ɔ ɫ ɪ
коливання	k ɔ ɫ ɪ ʋ ɑ nʲ ɛ
колись	k ɔ ɫ ɪ sʲ
колишній	k ɔ ɫ ɪ ʃ nʲ i i̯
колумбія	k ɔ ɫ u m b i j ɛ
коліно	k ɔ lʲ i n ɔ
колір	k ɔ lʲ i r
команда	k ɔ m ɑ n d ɛ
комар	k ɔ m ɑ r
комедій	k ɔ m ɛ dʲ i i
комедія	k ɔ m ɛ dʲ i j ɛ
комедією	k ɔ m ɛ dʲ i j ɪ j u
коментар	k ɔ m ɪ n t ɑ r
комора	k ɔ m ɔ r ɛ
компактний	k ɔ m p ɑ k t n ɪ i
компанія	k ɔ m p ɑ nʲ i j ɐ
компенсація	k ɔ m p ɪ n s ɑ t͡sʲ i j ɛ
комунізм	k ɔ m u nʲ i z m
комісія	k o mʲ i sʲ i j ɐ
комітет	k ɔ mʲ i t ɛ t
конвенція	k ɔ n ʋ ɛ nʲ t͡sʲ i j ɛ
конкретний	k ɔ n k r ɛ t n ɪ i
конкурентоспроможність	k ɔ n k u r ɪ n t ɔ s p r ɔ m ɔ ʒ nʲ i sʲ tʲ
конкурс	k ɔ n k u r s
конлі	k ɔ nʲ lʲ i
конотоп	k ɔ n ɔ t ɔ p
конотіп	k ɔ n ɔ tʲ i p
контрастувати	k ɔ n t r ɛ s t u ʋ ɑ t ɪ
контроль	k ɔ n t r ɔ lʲ
конфета	k ɔ n f ɛ t ɛ
конфлікт	k ɔ n f lʲ i k t
концентрація	k ɔ n t͡s ɪ n t r ɑ t͡sʲ i j ɛ
концепт	k ɔ n t͡s ɛ p t
концепція	k ɔ n t͡s ɛ p t͡sʲ i j ɛ
кончина	k ɔ n t͡ʃ ɪ n ɛ
копати	k ɔ p ɑ t ɪ
копито	k ɔ p ɪ t ɔ
корабел	k ɔ r ɛ b ɛ ɫ
кораблебудівник	k ɔ r ɛ b ɫ ɪ b u dʲ i u n ɪ k
корисність	k ɔ r ɪ sʲ nʲ i sʲ tʲ
користь	k ɔ r ɪ sʲ tʲ
коровай	k ɔ r ɔ ʋ ɑ i
королеві	k ɔ r ɔ ɫ ɛ ʋ i
королівство	k ɔ r ɔ lʲ i u s t ʋ ɔ
королівський	k ɔ r ɔ lʲ i u sʲ k ɪ i
коронавірус	k ɔ r ɔ n ɛ ʋ i r u s
короп	k ɔ r ɔ p
коротше	k ɔ r ɔ t͡ʃ ʃ ɪ
корупція	k ɔ r u p t͡sʲ i j ɛ
корчма	k ɔ r t͡ʃ m ɛ
коріння	k o rʲ i nʲː ɐ
корінь	k ɔ rʲ i nʲ
коса	k ɔ s ɑ
косити	k ɔ s ɪ t ɪ
космодром	k ɔ s m ɔ d r ɔ m
космологія	k ɔ s m ɔ ɫ ɔ ɦ i j ɛ
костел	k ɔ s t ɛ ɫ
костянтин	k ɔ sʲ tʲ ɛ n t ɪ n
кота	k ɔ t ɑ
коханий	k ɔ x ɛ n ɪ i
кохання	k ɔ x ɑ nʲ ɛ
кохати	k ɔ x ɑ t ɪ
кочерга	k ɔ t͡ʃ ɪ r ɦ ɑ
коштувати	k ɔ ʃ t u ʋ ɛ t ɪ
кошуля	k ɔ ʃ u lʲ ɛ
краб	k r ɑ b
кравченко	k r ɑ u t͡ʃ ɪ n k ɔ
кращий	k r ɑ ʃ t͡ʃ e i̯
креативний	k r ɪ ɛ t ɪ u n ɪ i
кредитний	k r ɪ d ɪ t n ɪ i
крейда	k r ɛ i d ɛ
крива	k r ɪ ʋ ɑ
кривавий	k r ɪ ʋ ɑ ʋ ɪ i
крига	k r ɪ ɦ ɛ
криголам	k r ɪ ɦ ɔ ɫ ɑ m
крикливий	k r ɪ k ɫ ɪ ʋ ɪ i
крим	k r ɪ m
кримінальний	k r ɪ m i n ɑ lʲ n ɪ i
критеріям	k r ɪ t ɛ rʲ i j ɛ m
критерієві	k r ɪ t ɛ rʲ i j ɪ ʋ i
критерієм	k r ɪ t ɛ rʲ i j ɪ m
критеріїв	k r e t ɛ rʲ i j i u̯
критикувати	k r ɪ t ɪ k u ʋ ɑ t ɪ
критичний	k r ɪ t ɪ t͡ʃ n ɪ i
крихта	k r ɪ x t ɛ
крихітний	k r ɪ x i t n ɪ i
кришка	k r ɪ ʃ k ɛ
кросівка	k r ɔ sʲ i u k ɛ
крім	k rʲ i m
кріп	k rʲ i p
крісло	k rʲ i s ɫ ɔ
кубанський	k u b ɑ nʲ sʲ k ɪ i
кубань	k u b ɑ nʲ
кубинець	k u b ɪ n ɪ t͡sʲ
кубічний	k u b i t͡ʃ n ɪ i
куди	k u d ɪ
кукурудза	k u k u r u d͡z ɛ
культурний	k u lʲ t u r n ɪ i
купа	k u p ɛ
купальний	k u p ɑ lʲ n ɪ i
купування	k u p u ʋ ɑ nʲ ɛ
купувати	k ʊ p ʊ ʋ ɑ t e
курбико	k u r b ɪ k ɔ
курити	k u r ɪ t ɪ
куток	k u t ɔ k
кухонний	k u x ɔ n ɪ i
кучма	k u t͡ʃ m ɛ
кшталт	k ʃ t ɑ ɫ t
кіберпростір	k i b ɪ r p r ɔ sʲ tʲ i r
кілограм	k i ɫ ɔ ɦ r ɑ m
кілометр	k i ɫ ɔ m ɛ t r
кількісний	kʲ i lʲ kʲ i s n e i̯
кількість	kʲ i lʲ kʲ i sʲ tʲ
кільце	k i lʲ t͡s ɛ
кінець	kʲ i n ɛ t͡sʲ
кіно	k i n ɔ
кінці	k i nʲ t͡sʲ i
кіт	k i t
кіш	k i ʃ
кішка	k i ʃ k ɛ
лабораторний	ɫ ɐ b ɔ r ɐ t ɔ r n e i̯
лавандовий	ɫ ɛ ʋ ɑ n d ɔ ʋ ɪ i
лавка	ɫ ɑ u̯ k ɐ
лакрос	ɫ ɛ k r ɔ s
ламати	ɫ ɛ m ɑ t ɪ
лапша	ɫ ɛ p ʃ ɑ
ласка	ɫ ɑ s k ɛ
ластівка	ɫ ɑ sʲ tʲ i u k ɛ
латвія	ɫ ɑ tʲ ʋ i j ɛ
латиський	ɫ ɛ t ɪ sʲ k ɪ i
лауреат	ɫ ɛ u r ɪ ɑ t
лебединий	ɫ ɪ b ɪ d ɪ n ɪ i
лев	ɫ ɛ u
левиця	ɫ ɪ ʋ ɪ t͡sʲ ɛ
легендарний	ɫ e ɦ e n d ɑ r n e i̯
легеневий	ɫ ɪ ɦ ɪ n ɛ ʋ ɪ i
легеня	ɫ ɪ ɦ ɛ nʲ ɛ
легко	ɫ ɛ ɦ k ɔ
легітимація	ɫ ɪ ɦ i t ɪ m ɑ t͡sʲ i j ɛ
лексикографічний	ɫ ɪ k s ɪ k ɔ ɦ r ɛ f i t͡ʃ n ɪ i
лексикографія	ɫ ɪ k s ɪ k ɔ ɦ r ɑ f i j ɛ
лекцією	ɫ ɛ k t͡sʲ i j ɪ j u
ленін	ɫ ɛ nʲ i n
липа	ɫ ɪ p ɛ
лисиця	ɫ ɪ s ɪ t͡sʲ ɛ
лист	ɫ ɪ s t
листопад	ɫ ɪ s t ɔ p ɑ d
листя	ɫ ɪ sʲ tʲ ɐ
литва	ɫ ɪ t ʋ ɑ
литвин	ɫ ɪ t ʋ ɪ n
литка	ɫ ɪ t k ɛ
лихо	ɫ ɪ x ɔ
лихоманка	ɫ ɪ x ɔ m ɑ n k ɛ
личинка	ɫ ɪ t͡ʃ ɪ n k ɛ
лише	ɫ ɪ ʃ ɛ
лов	ɫ ɔ u
ловелас	ɫ ɔ ʋ ɪ ɫ ɑ s
логістичний	ɫ ɔ ɦ i s t ɪ t͡ʃ n ɪ i
ложа	ɫ ɔ ʒ ɛ
ложе	ɫ ɔ ʒ ɪ
лом	ɫ ɔ m
ломака	ɫ ɔ m ɑ k ɛ
лопух	ɫ ɔ p u x
лотерея	ɫ ɔ t ɪ r ɛ j ɛ
лошак	ɫ ɔ ʃ ɑ k
луг	ɫ u ɦ
луна	ɫ u n ɑ
лунь	ɫ u nʲ
лучник	ɫ u t͡ʃ n ɪ k
льотчик	lʲ ɔ tʃ ɪ k
любов	lʲ u b ɔ u
люди	lʲ u d ɪ
людина	lʲ u d ɪ n ɛ
людці	lʲ u d͡zʲ t͡sʲ i
лякатися	lʲ ɛ k ɑ t ɪ sʲ ɛ
лялька	lʲ ɑ lʲ k ɛ
ліберальний	lʲ i b ɪ r ɑ lʲ n ɪ i
лівий	lʲ i ʋ e i̯
лівія	lʲ i ʋ i j ɛ
лідер	lʲ i d e r
ліжко	lʲ i ʒ k ɔ
лікарні	lʲ i k ɑ r nʲ i
ліки	lʲ i k e
лінійний	lʲ i nʲ i i n ɪ i
ліс	lʲ i s
лісова	lʲ i s ɔ ʋ ɑ
літ	lʲ i t
літера	lʲ i t ɪ r ɛ
літературний	lʲ i t ɪ r ɛ t u r n ɪ i
ліцензія	lʲ i t͡s ɛ nʲ zʲ i j ɛ
м'язові	m j ɑ z ɔ ʋ i
м'ясо	m j ɑ s ɔ
м'яч	m j ɑ t͡ʃ
магній	m ɑ ɦ nʲ i i
майбутнє	m ɐ i̯ b u tʲ nʲ e
майже	m ɑ i̯ ʒ e
майя	m ɑ i j ɛ
макові	m ɑ k ɔ ʋ i
максим	m ɐ k s ɪ m
максимальний	m ɛ k s ɪ m ɑ lʲ n ɪ i
маківка	m ɑ k i u k ɛ
маланка	m ɛ ɫ ɑ n k ɛ
маленький	m ɛ ɫ ɛ nʲ k ɪ i
мало	m ɑ ɫ ɔ
мамо	m ɑ m ɔ
мандрувати	m ɛ n d r u ʋ ɑ t ɪ
мандрівник	m ɛ n dʲ rʲ i u n ɪ k
маніпулювати	m ɛ nʲ i p u lʲ u ʋ ɑ t ɪ
маргіналізація	m ɛ r ɦ i n ɛ lʲ i z ɑ t͡sʲ i j ɛ
марний	m ɑ r n ɪ i
марта	m ɑ r t ɛ
маршрутка	m ɛ r ʃ r u t k ɛ
маріуполь	m ɐ rʲ i u p ɔ lʲ
марія	m ɛ rʲ i j ɛ
маска	m ɑ s k ɛ
маскат	m ɛ s k ɑ t
маслина	m ɛ s ɫ ɪ n ɛ
масть	m ɑ sʲ tʲ
масштаб	m ɛ ʃ t ɑ b
матеріальний	m ɛ t ɪ rʲ i ɑ lʲ n ɪ i
мати	m ɑ t e
матрьошка	m ɛ tʲ rʲ ɔ ʃ k ɛ
матч	m ɑ t͡ʃː
машина	m ɐ ʃ ɪ n ɐ
мева	m ɛ ʋ ɛ
мегаліт	m ɪ ɦ ɛ lʲ i t
медитація	m ɪ d ɪ t ɑ t͡sʲ i j ɛ
медуза	m ɪ d u z ɛ
мексиканка	m ɪ k s ɪ k ɑ n k ɛ
мексиканський	m ɪ k s ɪ k ɑ nʲ sʲ k ɪ i
меланія	m ɪ ɫ ɑ nʲ i j ɛ
мелодій	m e ɫ ɔ dʲ i i̯
мелодію	m ɪ ɫ ɔ dʲ i j u
мелодіям	m ɪ ɫ ɔ dʲ i j ɛ m
мем	m ɛ m
меморандум	m ɪ m ɔ r ɑ n d u m
меморіальний	m ɪ m ɔ rʲ i ɑ lʲ n ɪ i
мене	m e n ɛ
ментовка	m ɪ n t ɔ u k ɛ
менше	m ɛ n ʃ ɪ
менший	m ɛ n ʃ ɪ i
меншина	m ɪ n ʃ ɪ n ɛ
меншість	m ɛ nʲ ʃ i sʲ tʲ
мені	m e nʲ i
мережа	m ɪ r ɛ ʒ ɛ
мертвий	m ɛ r t ʋ ɪ i
металевий	m ɪ t ɛ ɫ ɛ ʋ ɪ i
металург	m ɪ t ɛ ɫ u r ɦ
метелик	m ɪ t ɛ ɫ ɪ k
метеорит	m e t e ɔ r ɪ t
метри	m ɛ t r ɪ
метрів	m ɛ tʲ rʲ i u
мешканець	m ɛ ʃ k ɐ n e t͡sʲ
ми	m ɪ
мимоволі	m ɪ m ɔ ʋ ɔ lʲ i
минулий	m ɪ n u ɫ ɪ i
мир	m ɪ r
мислити	m ɪ s ɫ ɪ t ɪ
михайло	m ɪ x ɑ i ɫ ɔ
млин	m ɫ ɪ n
мовити	m ɔ ʋ ɪ t ɪ
мовознавець	m ɔ ʋ ɔ z n ɑ ʋ ɪ t͡sʲ
мовознавство	m ɔ ʋ ɔ z n ɑ u s t ʋ ɔ
мовчати	m ɔ u t͡ʃ ɑ t ɪ
могутній	m ɔ ɦ u tʲ nʲ i i
модель	m ɔ d ɛ lʲ
модернізувати	m ɔ d ɪ r nʲ i z u ʋ ɑ t ɪ
можливий	m ɔ ʒ ɫ ɪ ʋ ɪ i
можливість	m ɔ ʒ ɫ ɪ ʋ i sʲ tʲ
можна	m ɔ ʒ n ɛ
мокнути	m ɔ k n u t ɪ
молдавія	m ɔ ɫ d ɑ ʋ i j ɛ
молекулярна	m ɔ ɫ ɪ k u lʲ ɑ r n ɛ
молекулярний	m ɔ ɫ ɪ k u lʲ ɑ r n ɪ i
молодий	m ɔ ɫ ɔ d ɪ i
молодиця	m ɔ ɫ ɔ d ɪ t͡sʲ ɛ
молодиці	m ɔ ɫ ɔ d ɪ t͡sʲ i
молодята	m ɔ ɫ ɔ dʲ ɑ t ɛ
молоко	m ɔ ɫ ɔ k ɔ
молоття	m ɔ ɫ ɔ tʲ ɑ
молюск	m ɔ lʲ u s k
момент	m ɔ m ɛ n t
монархіє	m ɔ n ɑ r x i j ɪ
монгольський	m ɔ n ɦ ɔ lʲ sʲ k ɪ i
моногамний	m ɔ n ɔ ɦ ɑ m n ɪ i
монополіст	m ɔ n ɔ p ɔ lʲ i s t
монохромний	m ɔ n ɔ x r ɔ m n ɪ i
монумент	m ɔ n u m ɛ n t
морква	m ɔ r k ʋ ɛ
мороз	m ɔ r ɔ z
морозиво	m ɔ r ɔ z ɪ ʋ ɔ
морський	m ɔ r sʲ k ɪ i
морфологія	m ɔ r f ɔ ɫ ɔ ɦ i j ɛ
мостовий	m ɔ s t ɔ ʋ ɪ i
мотиваційний	m ɔ t ɪ ʋ ɛ t͡sʲ i i n ɪ i
мотоцикл	m ɔ t ɔ t͡s ɪ k ɫ
мотоциклам	m ɔ t ɔ t͡s ɪ k ɫ ɛ m
мотоциклах	m ɔ t ɔ t͡s ɪ k ɫ ɛ x
мошонка	m ɔ ʃ ɔ n k ɛ
моя	m ɔ j ɑ
моє	m ɔ j ɛ
мої	m ɔ j i
моїй	m ɔ j i i
мрія	m rʲ i j ɛ
мріями	m rʲ i j ɛ m ɪ
мріях	m rʲ i j ɛ x
мріє	m rʲ i j ɪ
музей	m ʊ z ɛ i̯
музика	m u z ɪ k ɛ
музикантка	m u z ɪ k ɑ n t k ɛ
мур	m u r
муха	m u x ɛ
мід	m i d
міжвоєнний	m i ʒ ʋ ɔ j ɛ n ɪ i
міжзоряний	m i ʒ z ɔ rʲ ɛ n ɪ i
міжурядовий	m i ʒ u rʲ ɛ d ɔ ʋ ɪ i
мізерний	m i z ɪ r n ɪ i
мій	mʲ i i̯
мікроскоп	m i k r ɔ s k ɔ p
мікроскопія	m i k r ɔ s k ɔ p i j ɛ
мікрофон	m i k r ɔ f ɔ n
мілина	m i ɫ ɪ n ɑ
мільйон	m i lʲ j ɔ n
мінімальний	m i nʲ i m ɑ lʲ n ɪ i
мінімум	m i nʲ i m u m
міністерство	mʲ i nʲ i s t ɛ r s t w ɔ
міністр	m i nʲ i s t r
мірою	m i r ɔ j u
містичний	m i s t ɪ t͡ʃ n ɪ i
містобудування	m i s t ɔ b u d u ʋ ɑ nʲ ɛ
місце	mʲ i s t͡s e
місцевий	m i s t͡s ɛ ʋ ɪ i
міський	mʲ i sʲ k ɪ i̯
місяць	m i sʲ ɛ t͡sʲ
місіонер	m i sʲ i ɔ n ɛ r
мітоз	m i t ɔ z
мітотичний	m i t ɔ t ɪ t͡ʃ n ɪ i
міф	m i f
міфологія	m i f ɔ ɫ ɔ ɦ i j ɛ
набагато	n ɐ b ɐ ɦ ɑ t ɔ
наблизити	n ɛ b ɫ ɪ z ɪ t ɪ
навичка	n ɑ ʋ ɪ t͡ʃ k ɛ
навруз	n ɛ u r u z
навчання	n ɐ u̯ t͡ʃ ɑ nʲː ɐ
навчити	n ɛ u t͡ʃ ɪ t ɪ
навігаційний	n ɛ ʋ i ɦ ɛ t͡sʲ i i n ɪ i
навіть	n ɑ ʋʲ i tʲ
нагадувати	n ɛ ɦ ɑ d u ʋ ɛ t ɪ
нагромаджувати	n ɛ ɦ r ɔ m ɑ d͡ʒ u ʋ ɛ t ɪ
надавати	n ɐ d ɐ ʋ ɑ t e
надати	n ɐ d ɑ t e
надзвуковий	n ɛ d͡z ʋ u k ɔ ʋ ɪ i
надій	n ɛ dʲ i i
надії	n ɛ dʲ i j i
називати	n ɛ z ɪ ʋ ɑ t ɪ
найбільш	n ɐ i̯ bʲ i lʲ ʃ
найбільше	n ɛ i b i lʲ ʃ ɪ
найбільший	n ɛ i b i lʲ ʃ ɪ i
найдружелюбніший	n ɛ i d r u ʒ ɪ lʲ u b nʲ i ʃ ɪ i
найманець	n ɑ i m ɛ n ɪ t͡sʲ
наймати	n ɛ i m ɑ t ɪ
найменше	n ɛ i m ɛ n ʃ ɪ
наймичка	n ɑ i m ɪ t͡ʃ k ɛ
найнижчий	n ɛ i n ɪ ʒ t͡ʃ ɪ i
налаштовувати	n ɛ ɫ ɛ ʃ t ɔ ʋ u ʋ ɛ t ɪ
нам	n ɑ m
намагатися	n ɛ m ɛ ɦ ɑ t ɪ sʲ ɛ
намет	n ɛ m ɛ t
намисто	n ɛ m ɪ s t ɔ
намібія	n ɛ m i b i j ɛ
наміри	n ɑ mʲ i r e
напередодні	n ɛ p ɪ r ɪ d ɔ dʲ nʲ i
написати	n ɛ p ɪ s ɑ t ɪ
направити	n ɐ p r ɑ ʋ e t e
наприклад	n ɐ p r ɪ k ɫ ɐ d
наприкінці	n ɛ p r ɪ k i nʲ t͡sʲ i
напружити	n ɛ p r u ʒ ɪ t ɪ
наразі	n ɐ r ɑ zʲ i
нарвал	n ɛ r ʋ ɑ ɫ
нарешті	n ɐ r ɛ ʃ tʲ i
наркотичний	n ɛ r k ɔ t ɪ t͡ʃ n ɪ i
народження	n ɐ r ɔ d͡ʒ e nʲː ɐ
народитися	n ɛ r ɔ d ɪ t ɪ sʲ ɛ
народний	n ɐ r ɔ d n e i̯
нас	n ɑ s
насамперед	n ɐ s ɑ m p e r e d
населення	n ɐ s ɛ ɫ e nʲː ɐ
населити	n ɛ s ɪ ɫ ɪ t ɪ
насильство	n ɐ s ɪ lʲ s t w ɔ
насолодитися	n ɛ s ɔ ɫ ɔ d ɪ t ɪ sʲ ɛ
насправді	n ɐ s p r ɑ u̯ dʲ i
настати	n ɛ s t ɑ t ɪ
наступниця	n ɛ s t u p n ɪ t͡sʲ ɛ
наступного	n ɐ s t u p n ɔ ɦ ɔ
насіння	n ɐ sʲ i nʲː ɐ
наук	n ɐ u k
наука	n ɛ u k ɛ
науковий	n ɛ u k ɔ ʋ ɪ i
націоналістичний	n ɛ t͡sʲ i ɔ n ɛ lʲ i s t ɪ t͡ʃ n ɪ i
начиння	n ɛ t͡ʃ ɪ nʲ ɛ
наші	n ɑ ʃʲ i
наявний	n ɛ j ɑ u n ɪ i
наявність	n ɛ j ɑ u nʲ i sʲ tʲ
небажання	n ɪ b ɛ ʒ ɑ nʲ ɛ
небезпеки	n e b e z p ɛ k e
небога	n ɪ b ɔ ɦ ɛ
невидимий	n ɪ ʋ ɪ d ɪ m ɪ i
неврологія	n ɪ u r ɔ ɫ ɔ ɦ i j ɛ
невідворотний	n ɪ ʋ i d ʋ ɔ r ɔ t n ɪ i
невідкладний	n ɪ ʋ i d k ɫ ɑ d n ɪ i
невідповідний	n ɪ ʋ i d p ɔ ʋ i d n ɪ i
негативний	n ɪ ɦ ɛ t ɪ u n ɪ i
негативно	n ɪ ɦ ɛ t ɪ u n ɔ
недавно	n ɪ d ɑ u n ɔ
недоконаний	n ɪ d ɔ k ɔ n ɛ n ɪ i
недооцінювати	n ɪ d ɔ ɔ t͡sʲ i nʲ u ʋ ɛ t ɪ
недостатньо	n ɪ d ɔ s t ɑ tʲ nʲ ɔ
недостатність	n ɪ d ɔ s t ɑ tʲ nʲ i sʲ tʲ
недоступний	n ɪ d ɔ s t u p n ɪ i
недільний	n ɪ dʲ i lʲ n ɪ i
незадоволення	n ɪ z ɛ d ɔ ʋ ɔ ɫ ɪ nʲ ɛ
незалежносте	n ɪ z ɛ ɫ ɛ ʒ n ɔ s t ɪ
незалежности	n ɪ z ɛ ɫ ɛ ʒ n ɔ s t ɪ
незалежності	n ɪ z ɛ ɫ ɛ ʒ n ɔ sʲ tʲ i
незамінність	n ɪ z ɛ m i nʲ i sʲ tʲ
незнання	n ɪ z n ɛ nʲ ɑ
нейтралітет	n ɪ i t r ɛ lʲ i t ɛ t
неможливий	n ɪ m ɔ ʒ ɫ ɪ ʋ ɪ i
ненароджений	n ɪ n ɛ r ɔ d͡ʒ ɪ n ɪ i
неня	n ɛ nʲ ɛ
неперервний	n ɪ p ɪ r ɛ r ʋ n ɪ i
неподалік	n ɪ p ɔ d ɛ lʲ i k
неподільний	n ɪ p ɔ dʲ i lʲ n ɪ i
непомірний	n ɪ p ɔ m i r n ɪ i
неправду	n ɪ p r ɑ u d u
неправді	n ɪ p r ɑ u dʲ i
неприйнятний	n ɪ p r ɪ i nʲ ɛ t n ɪ i
нерв	n ɛ r ʋ
нерішучість	n ɪ rʲ i ʃ u t͡ʃʲ i sʲ tʲ
нескладовий	n ɪ s k ɫ ɛ d ɔ ʋ ɪ i
несподіваний	n ɪ s p ɔ dʲ i ʋ ɛ n ɪ i
нестерпний	n ɪ s t ɛ r p n ɪ i
нетерплячий	n ɪ t ɪ r p lʲ ɑ t͡ʃ ɪ i
неформальний	n ɪ f ɔ r m ɑ lʲ n ɪ i
нещирий	n ɪ ʃ t͡ʃ ɪ r ɪ i
неї	n ɛ j i
ними	n ɪ m ɪ
нині	n ɪ nʲ i
нирка	n ɪ r k ɛ
них	n ɪ x
новий	n ɔ ʋ ɪ i̯
новини	n ɔ ʋ ɪ n ɪ
ножовий	n ɔ ʒ ɔ ʋ ɪ i
номер	n ɔ m e r
номінальний	n ɔ m i n ɑ lʲ n ɪ i
норвежка	n ɔ r ʋ ɛ ʒ k ɛ
нормальний	n ɔ r m ɑ lʲ n ɪ i
ночви	n ɔ t͡ʃ ʋ ɪ
нумограй	n u m ɔ ɦ r ɑ i
нього	nʲ ɔ ɦ ɔ
ні	nʲ i
ніготь	nʲ i ɦ ɔ tʲ
нідерланди	nʲ i d ɪ r ɫ ɑ n d ɪ
ніздрі	nʲ i z dʲ rʲ i
ній	nʲ i i̯
ніколи	nʲ i k ɔ ɫ e
німець	nʲ i m ɪ t͡sʲ
німий	nʲ i m ɪ i
ніс	nʲ i s
ніч	nʲ i t͡ʃ
обговорення	ɔ b ɦ ɔ w ɔ r e nʲː ɐ
обговорювати	ɔ b ɦ ɔ ʋ ɔ rʲ u ʋ ɛ t ɪ
обдаровувати	ɔ b d ɛ r ɔ ʋ u ʋ ɛ t ɪ
обдарувати	ɔ b d ɛ r u ʋ ɑ t ɪ
обдурювати	ɔ b d u rʲ u ʋ ɛ t ɪ
обережно	ɔ b e r ɛ ʒ n ɔ
оберігати	ɔ b ɪ rʲ i ɦ ɑ t ɪ
обладнати	ɔ b ɫ ɛ d n ɑ t ɪ
область	ɔ b ɫ ɛ sʲ tʲ
обличчя	ɔ b ɫ ɪ t͡ʃʲː ɐ
обмеження	ɔ b m ɛ ʒ ɪ nʲ ɛ
обмежень	ɔ b m ɛ ʒ ɪ nʲ
обмежувати	ɔ b m ɛ ʒ u ʋ ɛ t ɪ
обмін	ɔ b mʲ i n
обміркувати	ɔ b m i r k u ʋ ɑ t ɪ
обов'язково	ɔ b ɔ ʋ j ɛ z k ɔ ʋ ɔ
обов'язок	ɔ b ɔ ʋ j ɐ z ɔ k
оборонити	ɔ b ɔ r ɔ n ɪ t ɪ
образливий	ɔ b r ɑ z ɫ ɪ ʋ ɪ i
обрати	ɔ b r ɑ t e
обстежувати	ɔ b s t ɛ ʒ u ʋ ɛ t ɪ
обурення	ɔ b u r ɪ nʲ ɛ
обчислювати	ɔ b t͡ʃ ɪ sʲ lʲ u ʋ ɛ t ɪ
обшук	ɔ b ʃ u k
обід	ɔ b i d
обідати	ɔ b i d ɛ t ɪ
обґрунтовувати	ɔ b ɡ r u n t ɔ ʋ u ʋ ɛ t ɪ
обґрунтувати	ɔ b ɡ r u n t u ʋ ɑ t ɪ
овід	ɔ ʋ i d
огайо	ɔ ɦ ɑ j ɔ
огляд	ɔ ɦ lʲ ɛ d
одержувачів	ɔ d ɛ r ʒ u ʋ ɛ t͡ʃʲ i u
один	ɔ d ɪ n
однина	ɔ d n ɪ n ɑ
однокласник	ɔ d n ɔ k ɫ ɑ s n ɪ k
одночасно	ɔ d n ɔ t͡ʃ ɑ s n ɔ
одношлюбність	ɔ d n ɔ ʃ lʲ u b nʲ i sʲ tʲ
озимий	ɔ z ɪ m ɪ i
ознайомлення	ɔ z n ɛ j ɔ m ɫ ɪ nʲ ɛ
ознака	ɔ z n ɑ k ɛ
окремий	ɔ k r ɛ m e i̯
окрім	o k rʲ i m
окупація	ɔ k u p ɑ t͡sʲ i j ɛ
олег	ɔ ɫ ɛ ɦ
олександр	ɔ ɫ e k s ɑ n d r
олена	ɔ ɫ ɛ n ɐ
оленина	ɔ ɫ ɪ n ɪ n ɛ
олово	ɔ ɫ ɔ ʋ ɔ
олівець	ɔ lʲ i ʋ ɛ t͡sʲ
олігархія	ɔ lʲ i ɦ ɑ r x i j ɛ
омбудсмен	ɔ m b u d͡z s m ɛ n
онтологія	ɔ n t ɔ ɫ ɔ ɦ i j ɛ
операція	ɔ p ɪ r ɑ t͡sʲ i j ɛ
опис	ɔ p ɪ s
описовий	ɔ p ɪ s ɔ ʋ ɪ i
опитати	ɔ p ɪ t ɑ t ɪ
опитувати	ɔ p ɪ t u ʋ ɛ t ɪ
оповідання	ɔ p ɔ ʋ i d ɑ nʲ ɛ
оподаткувати	ɔ p ɔ d ɛ t k u ʋ ɑ t ɪ
опозиція	ɔ p ɔ z ɪ t͡sʲ i j ɐ
оприлюднювати	ɔ p r ɪ lʲ u dʲ nʲ u ʋ ɛ t ɪ
оптика	ɔ p t ɪ k ɛ
опубліковувати	ɔ p u b lʲ i k ɔ ʋ u ʋ ɛ t ɪ
опір	ɔ pʲ i r
орбіт	ɔ r b i t
орбіти	ɔ r b i t ɪ
органи	ɔ r ɦ ɛ n ɪ
органів	ɔ r ɦ ɛ nʲ i u
організація	ɔ r ɦ ɐ nʲ i z ɑ t͡sʲ i j ɐ
організаціє	ɔ r ɦ ɛ nʲ i z ɑ t͡sʲ i j ɪ
організацією	ɔ r ɦ ɛ nʲ i z ɑ t͡sʲ i j ɪ j u
організації	ɔ r ɦ ɐ nʲ i z ɑ t͡sʲ i j i
організм	ɔ r ɦ ɐ nʲ i z m
організований	ɔ r ɦ ɐ nʲ i z ɔ ʋ ɐ n e i̯
органічна	ɔ r ɦ ɛ nʲ i t͡ʃ n ɛ
оренда	ɔ r ɛ n d ɛ
орнітологія	ɔ r nʲ i t ɔ ɫ ɔ ɦ i j ɛ
орієнтувати	ɔ rʲ i j ɪ n t u ʋ ɑ t ɪ
освіжати	ɔ sʲ ʋ i ʒ ɑ t ɪ
освіжити	ɔ sʲ ʋ i ʒ ɪ t ɪ
освітній	ɔ sʲ ʋ i tʲ nʲ i i
осердя	ɔ s ɛ r dʲ ɛ
осло	ɔ s ɫ ɔ
осмислювати	ɔ s m ɪ sʲ lʲ u ʋ ɛ t ɪ
основний	ɔ s n ɔ u n ɪ i
особа	ɔ s ɔ b ɛ
особистий	ɔ s ɔ b ɪ s t ɪ i
особисто	ɔ s ɔ b ɪ s t ɔ
особливо	ɔ s ɔ b ɫ ɪ w ɔ
останній	ɔ s t ɑ nʲː i i̯
остаточний	ɔ s t ɛ t ɔ t͡ʃ n ɪ i
ось	ɔ sʲ
отвір	ɔ tʲ ʋʲ i r
отець	ɔ t ɛ t͡sʲ
отже	ɔ d ʒ e
оточити	ɔ t ɔ t͡ʃ ɪ t ɪ
оточувати	ɔ t ɔ t͡ʃ u ʋ ɛ t ɪ
отримати	ɔ t r ɪ m ɐ t e
отримувати	ɔ t r ɪ m ʊ ʋ ɐ t e
отруйний	ɔ t r u i n ɪ i
офіра	ɔ f i r ɛ
охопити	ɔ x ɔ p ɪ t ɪ
охороняти	ɔ x ɔ r ɔ nʲ ɑ t ɪ
охра	ɔ x r ɛ
оцими	ɔ t͡s ɪ m ɪ
оцінити	ɔ t͡sʲ i n ɪ t e
оцінювати	ɔ t͡sʲ i nʲ u ʋ ɛ t ɪ
оцією	ɔ t͡sʲ i j ɛ j u
очиці	ɔ t͡ʃ ɪ t͡sʲ i
очолити	ɔ t͡ʃ ɔ ɫ ɪ t ɪ
п'ятдесят	p j ɛ d d ɪ sʲ ɑ t
п'ятнадцятий	p j ɛ t n ɑ d͡zʲ t͡sʲ ɛ t ɪ i
п'ятниця	p j ɑ t n ɪ t͡sʲ ɛ
п'ятсот	p j ɛ t͡s ɔ t
п'ять	p j ɑ tʲ
павутина	p ɛ ʋ u t ɪ n ɛ
падати	p ɑ d ɛ t ɪ
палка	p ɑ ɫ k ɛ
паломництво	p ɛ ɫ ɔ m n ɪ t͡s t ʋ ɔ
пам'ятник	p ɑ m j ɛ t n ɪ k
пандемічний	p ɛ n d ɪ m i t͡ʃ n ɪ i
пандус	p ɑ n d u s
панпсихізм	p ɛ n p s ɪ x i z m
панікерство	p ɛ nʲ i k ɛ r s t ʋ ɔ
папір	p ɛ p i r
парадигма	p ɛ r ɛ d ɪ ɦ m ɛ
парадоксальний	p ɛ r ɛ d ɔ k s ɑ lʲ n ɪ i
парасолька	p ɛ r ɛ s ɔ lʲ k ɛ
парашутизм	p ɛ r ɛ ʃ u t ɪ z m
парламент	p ɛ r ɫ ɑ m ɪ n t
паровоз	p ɛ r ɔ ʋ ɔ z
партнер	p ɛ r t n ɛ r
пархоменко	p ɛ r x ɔ m ɪ n k ɔ
пасажирка	p ɐ s ɐ ʒ ɪ r k ɐ
паспорт	p ɑ s p ɔ r t
пастка	p ɑ s t k ɛ
патина	p ɛ t ɪ n ɛ
патріотизмі	p ɛ tʲ rʲ i ɔ t ɪ zʲ m i
пауз	p ɑ u z
паузами	p ɑ u z ɛ m ɪ
паузу	p ɑ u z u
пацюк	p ɛ t͡sʲ u k
педагог	p ɪ d ɛ ɦ ɔ ɦ
пекарні	p ɪ k ɑ r nʲ i
пекло	p ɛ k ɫ ɔ
пень	p ɛ nʲ
пердіти	p ɪ r dʲ i t ɪ
перебільшити	p ɪ r ɪ b i lʲ ʃ ɪ t ɪ
перевага	p ɪ r ɪ ʋ ɑ ɦ ɛ
переважний	p ɪ r ɪ ʋ ɑ ʒ n ɪ i
переважно	p e r e ʋ ɑ ʒ n ɔ
перевалювати	p ɪ r ɪ ʋ ɑ lʲ u ʋ ɛ t ɪ
перевантаження	p e r e ʋ ɐ n t ɑ ʒ e nʲː ɐ
перевантаженість	p ɪ r ɪ ʋ ɛ n t ɑ ʒ ɪ nʲ i sʲ tʲ
перевезення	p ɪ r ɪ ʋ ɛ z ɪ nʲ ɛ
перевиховати	p ɪ r ɪ ʋ ɪ x ɔ ʋ ɛ t ɪ
перевищити	p ɪ r ɪ ʋ ɪ ʃ t͡ʃ ɪ t ɪ
перевищувати	p ɪ r ɪ ʋ ɪ ʃ t͡ʃ u ʋ ɛ t ɪ
перевірити	p ɪ r ɪ ʋ i r ɪ t ɪ
переговори	p e r e ɦ ɔ w ɔ r e
перед	p ɪ r ɛ d
передній	p ɪ r ɛ dʲ nʲ i i
передова	p e r e d ɔ ʋ ɑ
передумувати	p ɪ r ɪ d u m u ʋ ɛ t ɪ
передчасний	p ɪ r ɪ d͡ʒ t͡ʃ ɑ s n ɪ i
перезаписати	p ɪ r ɪ z ɛ p ɪ s ɑ t ɪ
перекладати	p ɪ r ɪ k ɫ ɛ d ɑ t ɪ
перекладачка	p ɪ r ɪ k ɫ ɛ d ɑ t͡ʃ k ɛ
перекладачки	p ɪ r ɪ k ɫ ɛ d ɑ t͡ʃ k ɪ
перекласти	p e r e k ɫ ɑ s t e
переконати	p ɪ r ɪ k ɔ n ɑ t ɪ
перемир'я	p ɪ r ɪ m ɪ r j ɛ
переорієнтувати	p ɪ r ɪ ɔ rʲ i j ɪ n t u ʋ ɑ t ɪ
переосмислювати	p ɪ r ɪ ɔ s m ɪ sʲ lʲ u ʋ ɛ t ɪ
переоцінювати	p ɪ r ɪ ɔ t͡sʲ i nʲ u ʋ ɛ t ɪ
переривати	p ɪ r ɪ r ɪ ʋ ɑ t ɪ
пересічний	p ɪ r ɪ sʲ i t͡ʃ n ɪ i
перетинка	p ɪ r ɛ t ɪ n k ɛ
перехід	p e r e xʲ i d
периферія	p ɪ r ɪ f ɪ rʲ i j ɛ
перлина	p ɪ r ɫ ɪ n ɛ
персональний	p ɪ r s ɔ n ɑ lʲ n ɪ i
персонально	p ɪ r s ɔ n ɑ lʲ n ɔ
персоніфікація	p ɪ r s ɔ nʲ i f i k ɑ t͡sʲ i j ɛ
перукар	p ɪ r u k ɑ r
перукарня	p ɪ r u k ɑ r nʲ ɛ
перше	p ɛ r ʃ e
перший	p ɛ r ʃ e i̯
першого	p ɛ r ʃ ɔ ɦ ɔ
першість	p ɛ r ʃ i sʲ tʲ
періодизаціям	p ɪ rʲ i ɔ d ɪ z ɑ t͡sʲ i j ɛ m
періодизаціях	p ɪ rʲ i ɔ d ɪ z ɑ t͡sʲ i j ɛ x
періодично	p ɪ rʲ i ɔ d ɪ t͡ʃ n ɔ
песимістичний	p ɪ s ɪ m i s t ɪ t͡ʃ n ɪ i
пестицид	p ɪ s t ɪ t͡s ɪ d
петицій	p ɪ t ɪ t͡sʲ i i
петиція	p ɪ t ɪ t͡sʲ i j ɛ
петиціях	p ɪ t ɪ t͡sʲ i j ɛ x
печера	p ɪ t͡ʃ ɛ r ɛ
печив	p ɛ t͡ʃ ɪ u
печивами	p ɛ t͡ʃ ɪ ʋ ɛ m ɪ
пивний	p ɪ u n ɪ i
пиво	p ɪ w ɔ
пилосос	p ɪ ɫ ɔ s ɔ s
писар	p ɪ s ɛ r
письменний	p ɪ sʲ m ɛ n ɪ i
письменниця	p ɪ sʲ m ɛ n ɪ t͡sʲ ɛ
письменниці	p ɪ sʲ m ɛ n ɪ t͡sʲ i
питання	p ɪ t ɑ nʲ ɛ
пити	p ɪ t e
плавати	p ɫ ɑ ʋ ɛ t ɪ
плавець	p ɫ ɛ ʋ ɛ t͡sʲ
пласт	p ɫ ɑ s t
платити	p ɫ ɐ t ɪ t e
площа	p ɫ ɔ ʃ t͡ʃ ɐ
плуг	p ɫ u ɦ
плутократією	p ɫ u t ɔ k r ɑ tʲ i j ɪ j u
плювати	p lʲ u ʋ ɑ t ɪ
плюш	p lʲ u ʃ
плівка	p lʲ i u k ɛ
побачення	p ɔ b ɑ t͡ʃ ɪ nʲ ɛ
побачити	p ɔ b ɑ t͡ʃ e t e
пов'язати	p ɔ ʋ j ɛ z ɑ t ɪ
повезти	p ɔ ʋ ɪ z t ɪ
повернути	p ɔ ʋ ɪ r n u t ɪ
повечеряти	p ɔ ʋ ɪ t͡ʃ ɛ rʲ ɛ t ɪ
повставати	p ɔ u s t ɛ ʋ ɑ t ɪ
повстанець	p ɔ u s t ɑ n ɪ t͡sʲ
повсюдний	p ɔ u sʲ u d n ɪ i
повторювати	p ɔ u t ɔ rʲ u ʋ ɛ t ɪ
повідомити	p ɔ ʋʲ i d ɔ m e t e
повідомлення	p ɔ ʋ i d ɔ m ɫ ɪ nʲ ɛ
повікам	p ɔ ʋ i k ɛ m
повіки	p ɔ ʋ i k ɪ
повільно	p ɔ ʋ i lʲ n ɔ
повісити	p ɔ ʋʲ i s e t e
повість	p ɔ ʋ i sʲ tʲ
повітря	p ɔ ʋʲ i tʲ rʲ ɐ
погано	p ɔ ɦ ɑ n ɔ
поглинути	p ɔ ɦ ɫ ɪ n u t ɪ
погляд	p ɔ ɦ lʲ ɛ d
поглядові	p ɔ ɦ lʲ ɛ d ɔ ʋ i
погнати	p ɔ ɦ n ɑ t ɪ
погода	p ɔ ɦ ɔ d ɛ
погоджуватися	p ɔ ɦ ɔ d͡ʒ u ʋ ɛ t ɪ sʲ ɛ
погоди	p ɔ ɦ ɔ d ɪ
погодитися	p ɔ ɦ ɔ d ɪ t ɪ sʲ ɛ
погрожувати	p ɔ ɦ r ɔ ʒ u ʋ ɛ t ɪ
погруддя	p ɔ ɦ r u dʲ ɛ
погуляти	p ɔ ɦ u lʲ ɑ t ɪ
подвоювати	p ɔ d ʋ ɔ j u ʋ ɛ t ɪ
подивитися	p ɔ d ɪ ʋ ɪ t ɪ sʲ ɛ
подовження	p ɔ d ɔ u ʒ ɪ nʲ ɛ
подорож	p ɔ d ɔ r ɔ ʒ
подробиці	p ɔ d r ɔ b e t͡sʲ i
подібність	p ɔ dʲ i b nʲ i sʲ tʲ
подія	p ɔ dʲ i j ɛ
поема	p ɔ ɛ m ɛ
поза	p ɔ z ɐ
позаземний	p ɔ z ɛ z ɛ m n ɪ i
позбавити	p ɔ z b ɑ ʋ ɪ t ɪ
позбавляти	p ɔ z b ɛ u lʲ ɑ t ɪ
позбутися	p ɔ z b u t ɪ sʲ ɛ
поздоровляти	p ɔ z d ɔ r ɔ u lʲ ɑ t ɪ
позитивний	p ɔ z e t ɪ u̯ n e i̯
позитивно	p ɔ z e t ɪ u̯ n ɔ
позиція	p ɔ z ɪ t͡sʲ i j ɛ
позичати	p ɔ z ɪ t͡ʃ ɑ t ɪ
познань	p ɔ z n ɛ nʲ
показати	p ɔ k ɐ z ɑ t e
показник	p ɔ k ɑ z n e k
покарання	p ɔ k ɛ r ɑ nʲ ɛ
покарань	p ɔ k ɛ r ɑ nʲ
покоління	p ɔ k o lʲ i nʲː ɐ
покриття	p ɔ k r e tʲː ɑ
покупка	p ɔ k u p k ɛ
покій	p ɔ k i i
полк	p ɔ ɫ k
половина	p ɔ ɫ ɔ ʋ ɪ n ɛ
положення	p ɔ ɫ ɔ ʒ ɪ nʲ ɛ
полум'я	p ɔ ɫ u m j ɛ
полуниця	p ɔ ɫ u n ɪ t͡sʲ ɛ
польща	p ɔ lʲ ʃ t͡ʃ ɛ
поляк	p ɔ lʲ ɑ k
поляки	p ɔ lʲ ɑ k ɪ
поліпшити	p ɔ lʲ i p ʃ ɪ t ɪ
політик	p ɔ lʲ i t ɪ k
поліцію	p o lʲ i t͡sʲ i j ʊ
поліція	p o lʲ i t͡sʲ i j ɐ
поліціях	p ɔ lʲ i t͡sʲ i j ɛ x
поліції	p o lʲ i t͡sʲ i j i
помирати	p ɔ m ɪ r ɑ t ɪ
помста	p ɔ m s t ɛ
помідор	p ɔ m i d ɔ r
понеділок	p ɔ n e dʲ i ɫ ɔ k
поняття	p ɔ nʲ ɑ tʲ ɛ
попередній	p ɔ p ɪ r ɛ dʲ nʲ i i
попросити	p ɔ p r ɔ s ɪ t e
популярний	p ɔ p ʊ lʲ ɑ r n e i̯
популяція	p ɔ p ʊ lʲ ɑ t͡sʲ i j ɐ
попіл	p ɔ p i ɫ
породілля	p ɔ r ɔ dʲ i lʲ ɛ
пороховий	p ɔ r ɔ x ɔ ʋ ɪ i
порошенко	p ɔ r ɔ ʃ ɛ n k ɔ
портативний	p ɔ r t ɛ t ɪ u n ɪ i
португальський	p ɔ r t u ɦ ɑ lʲ sʲ k ɪ i
портфеля	p ɔ r t f ɛ lʲ ɛ
портфелях	p ɔ r t f ɛ lʲ ɛ x
порядковий	p ɔ rʲ ɛ d k ɔ ʋ ɪ i
порядок	p ɔ rʲ ɑ d ɔ k
порівнювати	p o rʲ i u̯ nʲ ʊ ʋ ɐ t e
порівняння	p ɔ rʲ i u nʲ ɑ nʲ ɛ
посадка	p ɔ s ɑ d k ɛ
поселення	p ɔ s ɛ ɫ ɪ nʲ ɛ
поселити	p ɔ s ɪ ɫ ɪ t ɪ
посередник	p ɔ s ɪ r ɛ d n ɪ k
посилити	p ɔ s ɪ ɫ e t e
посол	p ɔ s ɔ ɫ
посталий	p ɔ s t ɑ ɫ ɪ i
постанова	p ɔ s t ɐ n ɔ ʋ ɐ
постати	p ɔ s t ɑ t ɪ
постать	p ɔ s t ɛ tʲ
постатям	p ɔ s t ɛ tʲ ɛ m
постатях	p ɔ s t ɛ tʲ ɛ x
постаті	p ɔ s t ɐ tʲ i
постачання	p ɔ s t ɐ t͡ʃ ɑ nʲː ɐ
постачати	p ɔ s t ɛ t͡ʃ ɑ t ɪ
поступки	p ɔ s t u p k ɪ
поступку	p ɔ s t u p k u
поступово	p ɔ s t ʊ p ɔ w ɔ
поступці	p ɔ s t u p t͡sʲ i
постійно	p ɔ sʲ tʲ i i n ɔ
посуд	p ɔ s u d
посібник	p ɔ sʲ i b n ɪ k
потворний	p ɔ t ʋ ɔ r n ɪ i
потенціал	p ɔ t ɪ nʲ t͡sʲ i ɑ ɫ
потилице	p ɔ t ɪ ɫ ɪ t͡s ɪ
потрібний	p ɔ tʲ rʲ i b n ɪ i
потужний	p o t u ʒ n e i̯
потягнути	p ɔ tʲ ɛ ɦ n u t ɪ
потік	p o tʲ i k
потім	p ɔ tʲ i m
похвала	p ɔ x ʋ ɛ ɫ ɑ
похорони	p ɔ x ɔ r ɔ n ɪ
почарківець	p ɔ t͡ʃ ɛ r k i ʋ ɪ t͡sʲ
почати	p ɔ t͡ʃ ɑ t ɪ
почесть	p ɔ t͡ʃ ɪ sʲ tʲ
починати	p ɔ t͡ʃ ɪ n ɑ t ɪ
почути	p o t͡ʃ u t e
поширити	p ɔ ʃ ɪ r ɪ t ɪ
пошта	p ɔ ʃ t ɛ
пошук	p ɔ ʃ ʊ k
пояснювальний	p ɔ j ɑ sʲ nʲ u ʋ ɛ lʲ n ɪ i
поєднання	p ɔ j ɪ d n ɑ nʲ ɛ
поїти	p ɔ j i t ɪ
поїхати	p ɔ j i x ɐ t e
прабабуся	p r ɛ b ɛ b u sʲ ɛ
прав	p r ɑ u
правда	p r ɑ u̯ d ɐ
право	p r ɑ w ɔ
правоохоронні	p r ɛ ʋ ɔ ɔ x ɔ r ɔ nʲ i
прагнення	p r ɑ ɦ n ɪ nʲ ɛ
празник	p r ɑ z n ɪ k
прамова	p r ɛ m ɔ ʋ ɛ
прапір	p r ɑ p i r
прати	p r ɑ t ɪ
працьовитий	p r ɛ t͡sʲ ɔ ʋ ɪ t ɪ i
працівниками	p r ɛ t͡sʲ i u n ɪ k ɑ m ɪ
працівники	p r ɐ t͡sʲ i u̯ n e k ɪ
працівником	p r ɛ t͡sʲ i u n ɪ k ɔ m
працівників	p r ɐ t͡sʲ i u̯ n e kʲ i u̯
працівницям	p r ɛ t͡sʲ i u n ɪ t͡sʲ ɛ m
працівниці	p r ɛ t͡sʲ i u n ɪ t͡sʲ i
превентивний	p r ɪ ʋ ɪ n t ɪ u n ɪ i
представник	p r e d͡z s t ɐ u̯ n ɪ k
представниця	p r ɪ d͡z s t ɛ u n ɪ t͡sʲ ɛ
президент	p r e z e d ɛ n t
прекрасний	p r ɪ k r ɑ s n ɪ i
приблизно	p r e b ɫ ɪ z n ɔ
прибічник	p r ɪ b i t͡ʃ n ɪ k
прибічниця	p r ɪ b i t͡ʃ n ɪ t͡sʲ ɛ
привабити	p r ɪ ʋ ɑ b ɪ t ɪ
привселюдний	p r ɪ u s ɪ lʲ u d n ɪ i
привчати	p r ɪ u t͡ʃ ɑ t ɪ
привітати	p r ɪ ʋ i t ɑ t ɪ
пригодницький	p r ɪ ɦ ɔ d n ɪ t͡sʲ k ɪ i
приготувати	p r ɪ ɦ ɔ t u ʋ ɑ t ɪ
приземлюватися	p r ɪ z ɛ m lʲ u ʋ ɛ t ɪ sʲ ɛ
призначення	p r ɪ z n ɑ t͡ʃ ɪ nʲ ɛ
приймати	p r ɪ i m ɑ t ɪ
прийняття	p r e i̯ nʲ ɐ tʲː ɑ
прийти	p r ɪ i t ɪ
прикро	p r ɪ k r ɔ
примусити	p r ɪ m u s ɪ t ɪ
принаймні	p r ɪ n ɑ i m nʲ i
принести	p r ɪ n ɪ s t ɪ
принизити	p r ɪ n ɪ z ɪ t ɪ
припинення	p r ɪ p ɪ n ɪ nʲ ɛ
припущень	p r ɪ p u ʃ t͡ʃ ɪ nʲ
природа	p r e r ɔ d ɐ
природнича	p r ɪ r ɔ d n ɪ t͡ʃ ɛ
природничий	p r ɪ r ɔ d n ɪ t͡ʃ ɪ i
природному	p r ɪ r ɔ d n ɔ m u
присвійний	p r ɪ sʲ ʋ i i n ɪ i
прискорити	p r ɪ s k ɔ r ɪ t ɪ
прислухування	p r ɪ s ɫ u x u ʋ ɛ nʲ ɛ
прислухуватися	p r ɪ s ɫ u x u ʋ ɛ t ɪ sʲ ɛ
прислівниковий	p r ɪ sʲ lʲ i u n ɪ k ɔ ʋ ɪ i
пристрій	p r ɪ s tʲ rʲ i i
присутній	p r e s u tʲ nʲ i i̯
присутність	p r ɪ s u tʲ nʲ i sʲ tʲ
притомність	p r ɪ t ɔ m nʲ i sʲ tʲ
притулок	p r ɪ t u ɫ ɔ k
причина	p r ɪ t͡ʃ ɪ n ɛ
причинний	p r ɪ t͡ʃ ɪ n ɪ i
пришви	p r ɪ ʃ ʋ ɪ
пришвидшити	p r ɪ ʃ ʋ ɪ d͡ʒ ʃ ɪ t ɪ
приємний	p r e j ɛ m n e i̯
приємність	p r ɪ j ɛ m nʲ i sʲ tʲ
приїжджати	p r ɪ j i ʒ d͡ʒ ɑ t ɪ
приїзд	p r e j i z d
проблема	p r ɔ b ɫ ɛ m ɛ
проведення	p r ɔ ʋ ɛ d e nʲː ɐ
прогнозів	p r ɔ ɦ n ɔ zʲ i u
проголошувати	p r ɔ ɦ ɔ ɫ ɔ ʃ u ʋ ɛ t ɪ
програма	p r ɔ ɦ r ɑ m ɛ
продавати	p r ɔ d ɛ ʋ ɑ t ɪ
продавщиця	p r ɔ d ɛ u ʃ t͡ʃ ɪ t͡sʲ ɛ
продовження	p r ɔ d ɔ u̯ ʒ e nʲː ɐ
продовжувати	p r ɔ d ɔ u̯ ʒ ʊ ʋ ɐ t e
продукт	p r o d u k t
продуктивність	p r ɔ d u k t ɪ u nʲ i sʲ tʲ
продукція	p r ɔ d u k t͡sʲ i j ɛ
проконтролювати	p r ɔ k ɔ n t r ɔ lʲ ʊ ʋ ɑ t e
пролетар	p r ɔ ɫ ɪ t ɑ r
промисловість	p r ɔ m ɪ s ɫ ɔ ʋ i sʲ tʲ
промова	p r ɔ m ɔ ʋ ɛ
промовляти	p r ɔ m ɔ u lʲ ɑ t ɪ
промокнути	p r ɔ m ɔ k n u t ɪ
пропаганда	p r ɔ p ɛ ɦ ɑ n d ɛ
пропозицію	p r ɔ p ɔ z ɪ t͡sʲ i j ʊ
пропозиція	p r ɔ p ɔ z ɪ t͡sʲ i j ɛ
пропозиціями	p r ɔ p ɔ z ɪ t͡sʲ i j ɛ m ɪ
пропозицією	p r ɔ p ɔ z ɪ t͡sʲ i j ɪ j u
пропорція	p r ɔ p ɔ r t͡sʲ i j ɛ
пропорціям	p r ɔ p ɔ r t͡sʲ i j ɛ m
пропорціях	p r ɔ p ɔ r t͡sʲ i j ɛ x
пропорції	p r ɔ p ɔ r t͡sʲ i j i
пропустити	p r ɔ p ʊ s t ɪ t e
простота	p r ɔ s t ɔ t ɑ
простір	p r ɔ sʲ tʲ i r
просьба	p r ɔ zʲ b ɛ
протест	p r ɔ t ɛ s t
противник	p r ɔ t ɪ u n ɪ k
протитанковий	p r ɔ t ɪ t ɑ n k ɔ ʋ ɪ i
протягом	p r ɔ tʲ ɐ ɦ ɔ m
процвітаючий	p r ɔ t͡sʲ ʋ i t ɑ j u t͡ʃ ɪ i
процедурний	p r ɔ t͡s ɪ d u r n ɪ i
процес	p r ɔ t͡s ɛ s
проєкт	p r ɔ j ɛ k t
прямокутний	p rʲ ɛ m ɔ k u t n ɪ i
прізвище	p rʲ i z ʋ e ʃ t͡ʃ e
пріоритет	p rʲ i ɔ r ɪ t ɛ t
психолог	p s ɪ x ɔ ɫ ɔ ɦ
психологічний	p s ɪ x ɔ ɫ ɔ ɦ i t͡ʃ n ɪ i
психологія	p s ɪ x ɔ ɫ ɔ ɦ i j ɛ
психіатрія	p s ɪ x i ɛ tʲ rʲ i j ɛ
психіка	p s ɪ x i k ɛ
птах	p t ɑ x
птиця	p t ɪ t͡sʲ ɛ
пуголовок	p u ɦ ɔ ɫ ɔ ʋ ɔ k
пункт	p u n k t
пустиня	p u s t ɪ nʲ ɛ
пухлина	p u x ɫ ɪ n ɛ
пшениця	p ʃ ɪ n ɪ t͡sʲ ɛ
південь	p i u d ɪ nʲ
півзахисник	pʲ i u̯ z ɐ x e s n ɪ k
північ	pʲ i u̯ nʲ i t͡ʃ
півстоліття	p i u s t ɔ lʲ i tʲ ɛ
під	pʲ i d
підвищення	pʲ i d ʋ ɪ ʃ t͡ʃ e nʲː ɐ
підвищити	pʲ i d ʋ ɪ ʃ t͡ʃ e t e
підвищувати	p i d ʋ ɪ ʃ t͡ʃ u ʋ ɛ t ɪ
підвіконня	p i dʲ ʋ i k ɔ nʲ ɛ
підготовка	p i d ɦ ɔ t ɔ u k ɛ
підготовляти	p i d ɦ ɔ t ɔ u lʲ ɑ t ɪ
піддержати	p i d ɛ r ʒ ɛ t ɪ
підкреслювати	p i d k r ɛ sʲ lʲ u ʋ ɛ t ɪ
підлогу	p i d ɫ ɔ ɦ u
підмет	p i d m ɪ t
підмінювати	p i dʲ m i nʲ u ʋ ɛ t ɪ
підміняти	p i dʲ m i nʲ ɑ t ɪ
піднебіння	p i d n ɪ b i nʲ ɛ
підняти	p i dʲ nʲ ɑ t ɪ
підозра	p i d ɔ z r ɛ
підписати	pʲ i d p e s ɑ t e
підпорядковувати	p i d p ɔ rʲ ɛ d k ɔ ʋ u ʋ ɛ t ɪ
підприємниця	p i d p r ɪ j ɛ m n ɪ t͡sʲ ɛ
підприємство	p i d p r ɪ j ɛ m s t ʋ ɔ
підрости	p i d r ɔ s t ɪ
підсумок	p i d͡z s u m ɔ k
підтримати	p i d t r ɪ m ɛ t ɪ
підтримувати	p i d t r ɪ m u ʋ ɛ t ɪ
підхожий	p i d x ɔ ʒ ɪ i
підхід	pʲ i dʲ xʲ i d
пізніший	p i zʲ nʲ i ʃ ɪ i
пінистий	p i n ɪ s t ɪ i
пінний	p i n ɪ i
піраміда	p i r ɛ m i d ɛ
після	pʲ i sʲ lʲ ɐ
пісня	p i sʲ nʲ ɛ
піти	pʲ i t ɪ
піхва	p i x ʋ ɛ
піч	p i t͡ʃ
равлик	r ɑ u ɫ ɪ k
рада	r ɑ d ɐ
ради	r ɑ d ɪ
радо	r ɑ d ɔ
радянська	r ɐ dʲ ɑ nʲ sʲ k ɐ
радіоактивний	r ɑ dʲ i ɔ ɛ k t ɪ u n ɪ i
радість	r ɑ dʲ i sʲ tʲ
разом	r ɑ z ɔ m
разі	r ɑ zʲ i
райдуга	r ɑ i d u ɦ ɛ
район	r ɛ j ɔ n
ранку	r ɑ n k ʊ
ранній	r ɑ nʲ i i
раніше	r ɐ nʲ i ʃ e
раніший	r ɛ nʲ i ʃ ɪ i
раптом	r ɑ p t ɔ m
раса	r ɑ s ɛ
ратифікація	r ɛ t ɪ f i k ɑ t͡sʲ i j ɛ
рахунок	r ɛ x u n ɔ k
рацію	r ɑ t͡sʲ i j u
раціями	r ɑ t͡sʲ i j ɛ m ɪ
реанімація	r ɪ ɛ nʲ i m ɑ t͡sʲ i j ɛ
реб	r ɛ b
реванш	r ɪ ʋ ɑ n ʃ
революціонерка	r ɪ ʋ ɔ lʲ u t͡sʲ i ɔ n ɛ r k ɛ
революція	r ɪ ʋ ɔ lʲ u t͡sʲ i j ɛ
регулювати	r e ɦ ʊ lʲ ʊ ʋ ɑ t e
регіональний	r ɪ ɦ i ɔ n ɑ lʲ n ɪ i
результат	r ɪ z u lʲ t ɑ t
рейк'явік	r ɪ i k j ɑ ʋ i k
рейтузи	r ɪ i t u z ɪ
рекомендувати	r ɪ k ɔ m ɪ n d u ʋ ɑ t ɪ
реконструкція	r ɪ k ɔ n s t r u k t͡sʲ i j ɛ
релігійний	r ɪ lʲ i ɦ i i n ɪ i
репресивний	r ɪ p r ɪ s ɪ u n ɪ i
репродуктивний	r ɪ p r ɔ d u k t ɪ u n ɪ i
репутація	r ɪ p u t ɑ t͡sʲ i j ɛ
республіка	r ɪ s p u b lʲ i k ɛ
ресторан	r ɪ s t ɔ r ɑ n
ретельно	r e t ɛ lʲ n ɔ
референдумами	r ɪ f ɪ r ɛ n d u m ɛ m ɪ
референдумах	r ɪ f ɪ r ɛ n d u m ɛ x
рецесія	r ɪ t͡s ɛ sʲ i j ɛ
речі	r ɛ t͡ʃʲ i
решето	r ɛ ʃ ɪ t ɔ
решта	r ɛ ʃ t ɛ
риба	r ɪ b ɛ
рибка	r ɪ b k ɛ
ризик	r ɪ z ɪ k
рилам	r ɪ ɫ ɛ m
рило	r ɪ ɫ ɔ
рилу	r ɪ ɫ u
рицар	r ɪ t͡s ɛ r
робити	r ɔ b ɪ t e
робота	r ɔ b ɔ t ɐ
родзинка	r ɔ d͡z ɪ n k ɛ
родзинки	r ɔ d͡z ɪ n k ɪ
родина	r ɔ d ɪ n ɛ
родитися	r ɔ d ɪ t ɪ sʲ ɛ
родовий	r ɔ d ɔ ʋ ɪ i
роділля	r ɔ dʲ i lʲ ɛ
розбіжний	r ɔ zʲ b i ʒ n ɪ i
розв'язувати	r ɔ z ʋ j ɑ z u ʋ ɛ t ɪ
розвальні	r ɔ z ʋ ɛ lʲ nʲ i
розвиток	r ɔ z ʋ e t ɔ k
розвідати	r ɔ zʲ ʋ i d ɛ t ɪ
розвідування	r ɔ zʲ ʋ i d u ʋ ɛ nʲ ɛ
розгляд	r ɔ z ɦ lʲ ɛ d
розглянути	r ɔ z ɦ lʲ ɑ n u t ɪ
розгромити	r ɔ z ɦ r ɔ m ɪ t ɪ
розділ	r ɔ zʲ dʲ i ɫ
роззброювати	r ɔ z b r ɔ j u ʋ ɛ t ɪ
розмова	r ɔ z m ɔ ʋ ɛ
розмір	r ɔ zʲ mʲ i r
розповідати	r ɔ z p ɔ ʋʲ i d ɑ t e
розпочати	r ɔ z p ɔ t͡ʃ ɑ t ɪ
розпізнавання	r ɔ zʲ p i z n ɛ ʋ ɑ nʲ ɛ
розслідування	r o z sʲ lʲ i d ʊ ʋ ɐ nʲː ɐ
розташований	r ɔ z t ɐ ʃ ɔ ʋ ɐ n e i̯
розуміння	r ɔ z u m i nʲ ɛ
розчаровувати	r ɔ ʒ t͡ʃ ɛ r ɔ ʋ u ʋ ɛ t ɪ
розчарування	r ɔ ʒ t͡ʃ ɛ r u ʋ ɑ nʲ ɛ
розібрати	r ɔ zʲ i b r ɑ t ɪ
року	r ɔ k u
роль	r ɔ lʲ
роман	r ɔ m ɑ n
рослина	r ɔ s ɫ ɪ n ɛ
рости	r ɔ s t ɪ
ростити	r ɔ s t ɪ t ɪ
російський	r o sʲ i i̯ sʲ k e i̯
росія	r o sʲ i j ɐ
росіянин	r ɔ sʲ i j ɑ n ɪ n
рот	r ɔ t
руанда	r u ɑ n d ɛ
рук	r u k
руками	r ʊ k ɑ m e
рукою	r u k ɔ j u
руку	r u k u
румунський	r u m u nʲ sʲ k ɪ i
русинка	r u s ɪ n k ɛ
рушниця	r u ʃ n ɪ t͡sʲ ɛ
рівень	rʲ i ʋ e nʲ
рівне	rʲ i u n ɪ
рівність	rʲ i u nʲ i sʲ tʲ
рідна	rʲ i d n ɛ
різний	rʲ i z n e i̯
різновид	rʲ i z n ɔ ʋ ɪ d
різноманітний	rʲ i z n ɔ m ɛ nʲ i t n ɪ i
різноманітність	rʲ i z n ɔ m ɛ nʲ i tʲ nʲ i sʲ tʲ
різноманіття	rʲ i z n ɔ m ɛ nʲ i tʲ ɛ
рік	rʲ i k
ріпами	rʲ i p ɛ m ɪ
рішення	rʲ i ʃ ɪ nʲ ɛ
рішити	rʲ i ʃ ɪ t ɪ
савченко	s ɑ u̯ t͡ʃ e n k ɔ
салдат	s ɛ ɫ d ɑ t
салон	s ɛ ɫ ɔ n
сам	s ɑ m
самобутній	s ɛ m ɔ b u tʲ nʲ i i
самодержавство	s ɛ m ɔ d ɪ r ʒ ɑ u s t ʋ ɔ
самозакоханий	s ɛ m ɔ z ɛ k ɔ x ɛ n ɪ i
самоповага	s ɛ m ɔ p ɔ ʋ ɑ ɦ ɛ
самостійно	s ɐ m o sʲ tʲ i i̯ n ɔ
самостійність	s ɛ m ɔ sʲ tʲ i i nʲ i sʲ tʲ
самотній	s ɛ m ɔ tʲ nʲ i i
самоціль	s ɛ m ɔ t͡sʲ i lʲ
сани	s ɑ n ɪ
сантиметр	s ɛ n t ɪ m ɛ t r
сатана	s ɛ t ɛ n ɑ
сауна	s ɑ u n ɛ
саундтрек	s ɛ u n d t r ɛ k
сахар	s ɑ x ɛ r
свекруха	s ʋ ɪ k r u x ɛ
свердловина	s ʋ ɪ r d ɫ ɔ ʋ ɪ n ɛ
свояк	s ʋ ɔ j ɑ k
своє	s w ɔ j ɛ
своєрідний	s ʋ ɔ j ɪ rʲ i d n ɪ i
святковий	sʲ ʋʲ ɐ t k ɔ ʋ e i̯
святкування	sʲ ʋʲ ɐ t k ʊ ʋ ɑ nʲː ɐ
священик	sʲ ʋ ɛ ʃ t͡ʃ ɛ n ɪ k
свідчити	sʲ ʋʲ i d͡ʒ t͡ʃ e t e
свій	sʲ ʋʲ i i̯
світ	sʲ ʋ i t
світанок	sʲ ʋ i t ɑ n ɔ k
світло	sʲ ʋʲ i t ɫ ɔ
світлофор	sʲ ʋʲ i t ɫ ɔ f ɔ r
світогляд	sʲ ʋ i t ɔ ɦ lʲ ɛ d
свіча	sʲ ʋ i t͡ʃ ɛ
себе	s e b ɛ
сезон	s e z ɔ n
секунда	s ɪ k u n d ɛ
семи	s e m ɪ
семисотий	s ɪ m ɪ s ɔ t ɪ i
сентиментальний	s ɪ n t ɪ m ɪ n t ɑ lʲ n ɪ i
сервіс	s ɛ r ʋ i s
сергій	s e r ɦʲ i i̯
серед	s ɛ r e d
серце	s ɛ r t͡s ɪ
серцевий	s ɪ r t͡s ɛ ʋ ɪ i
сестриця	s ɪ s t r ɪ t͡sʲ ɛ
сечогінний	s ɪ t͡ʃ ɔ ɦ i n ɪ i
сигнал	s e ɦ n ɑ ɫ
сидіти	s e dʲ i t e
симетрично	s e m e t r ɪ t͡ʃ n ɔ
симпатичний	s ɪ m p ɛ t ɪ t͡ʃ n ɪ i
син	s ɪ n
сингапур	s ɪ n ɦ ɛ p u r
синочок	s ɪ n ɔ t͡ʃ ɔ k
синтезувати	s ɪ n t ɪ z u ʋ ɑ t ɪ
синтетичний	s e n t e t ɪ t͡ʃ n e i̯
сир	s ɪ r
сироватка	s ɪ r ɔ ʋ ɛ t k ɛ
система	s ɪ s t ɛ m ɛ
систематизувати	s ɪ s t ɪ m ɛ t ɪ z u ʋ ɑ t ɪ
систематичний	s ɪ s t ɪ m ɛ t ɪ t͡ʃ n ɪ i
ситий	s ɪ t ɪ i
ситуацію	s e t ʊ ɑ t͡sʲ i j ʊ
ситуація	s e t ʊ ɑ t͡sʲ i j ɐ
ситуаціями	s ɪ t u ɑ t͡sʲ i j ɛ m ɪ
ситуаціях	s ɪ t u ɑ t͡sʲ i j ɛ x
ситуації	s e t ʊ ɑ t͡sʲ i j i
сказати	s k ɛ z ɑ t ɪ
скайдайвінг	s k ɛ i d ɑ j ʋ i n ɦ
скандал	s k ɐ n d ɑ ɫ
скандинавія	s k ɛ n d ɪ n ɑ ʋ i j ɛ
скарб	s k ɑ r b
скаржитися	s k ɑ r ʒ ɪ t ɪ sʲ ɛ
скидати	s k ɪ d ɑ t ɪ
складний	s k ɫ ɛ d n ɪ i
скло	s k ɫ ɔ
скловидний	s k ɫ ɔ ʋ ɪ d n ɪ i
скляний	s k lʲ ɛ n ɪ i
склянка	s k lʲ ɑ n k ɛ
скоро	s k ɔ r ɔ
скорочувати	s k ɔ r ɔ t͡ʃ u ʋ ɛ t ɪ
скроні	s k r ɔ nʲ i
скільки	sʲ kʲ i lʲ k e
слабкість	s ɫ ɑ b kʲ i sʲ tʲ
славити	s ɫ ɑ ʋ ɪ t ɪ
слати	s ɫ ɑ t ɪ
слимак	s ɫ ɪ m ɑ k
слина	s ɫ ɪ n ɛ
слов'янам	s ɫ ɔ ʋ j ɑ n ɛ m
слов'янині	s ɫ ɔ ʋ j ɛ n ɪ nʲ i
слов'янками	s ɫ ɔ ʋ j ɑ n k ɛ m ɪ
слов'янко	s ɫ ɔ ʋ j ɑ n k ɔ
слова	s ɫ ɔ ʋ ɛ
словак	s ɫ ɔ ʋ ɑ k
словами	s ɫ ɔ ʋ ɑ m e
словацький	s ɫ ɔ ʋ ɑ t͡sʲ k ɪ i
словника	s ɫ ɔ u n ɪ k ɑ
словниками	s ɫ ɔ u n ɪ k ɑ m ɪ
слуга	s ɫ ʊ ɦ ɑ
слух	s ɫ u x
слухати	s ɫ u x ɛ t ɪ
слухач	s ɫ u x ɑ t͡ʃ
слухачка	s ɫ u x ɑ t͡ʃ k ɛ
слухняний	s ɫ u x nʲ ɑ n ɪ i
слів	sʲ lʲ i u̯
слівцем	sʲ lʲ i u t͡s ɛ m
слівця	sʲ lʲ i u t͡sʲ ɛ
слівцях	sʲ lʲ i u t͡sʲ ɛ x
смак	s m ɑ k
смартфон	s m ɐ r t f ɔ n
смердіти	s m ɪ r dʲ i t ɪ
смерека	s m ɪ r ɛ k ɛ
смертний	s m ɛ r t n ɪ i
смертоносний	s m ɪ r t ɔ n ɔ s n ɪ i
смерч	s m ɛ r t͡ʃ
смоктати	s m ɔ k t ɑ t ɪ
смола	s m ɔ ɫ ɑ
смітник	sʲ m i t n ɪ k
сміх	sʲ mʲ i x
сміятися	sʲ mʲ i j ɑ t e sʲ ɐ
снідати	sʲ nʲ i d ɛ t ɪ
собі	s o bʲ i
собівартість	s ɔ b i ʋ ɑ r tʲ i sʲ tʲ
совок	s ɔ ʋ ɔ k
соловей	s ɔ ɫ ɔ ʋ ɛ i
соловейко	s ɔ ɫ ɔ ʋ ɛ i k ɔ
солодкий	s ɔ ɫ ɔ d k e i̯
солідарність	s ɔ lʲ i d ɑ r nʲ i sʲ tʲ
сонечко	s ɔ n ɪ t͡ʃ k ɔ
сонце	s ɔ n t͡s ɪ
соня	s ɔ nʲ ɛ
сонячний	s ɔ nʲ ɛ t͡ʃ n ɪ i
сорго	s ɔ r ɦ ɔ
сором	s ɔ r ɔ m
сотий	s ɔ t ɪ i
софія	s ɔ f i j ɛ
соха	s ɔ x ɑ
соціальний	s ɔ t͡sʲ i ɑ lʲ n ɪ i
спадкоємиця	s p ɛ d k ɔ j ɛ m ɪ t͡sʲ ɛ
спадщина	s p ɑ d ʃ t͡ʃ ɪ n ɛ
спалах	s p ɑ ɫ ɐ x
спека	s p ɛ k ɐ
специфічний	s p ɪ t͡s ɪ f i t͡ʃ n ɪ i
спис	s p ɪ s
список	s p ɪ s ɔ k
спитати	s p ɪ t ɑ t ɪ
спланувати	s p ɫ ɛ n u ʋ ɑ t ɪ
сплачувати	s p ɫ ɑ t͡ʃ u ʋ ɛ t ɪ
сповільнювати	s p ɔ ʋ i lʲ nʲ u ʋ ɛ t ɪ
сповіщення	s p ɔ ʋ i ʃ t͡ʃ ɪ nʲ ɛ
споживання	s p ɔ ʒ ɪ ʋ ɑ nʲ ɛ
споживача	s p ɔ ʒ ɪ ʋ ɛ t͡ʃ ɑ
споживачі	s p ɔ ʒ e ʋ ɐ t͡ʃʲ i
споживчий	s p ɔ ʒ ɪ u t͡ʃ ɪ i
сполучник	s p ɔ ɫ u t͡ʃ n ɪ k
спорожняти	s p ɔ r ɔ ʒ nʲ ɑ t ɪ
спорт	s p ɔ r t
спортивний	s p ɔ r t ɪ u n ɪ i
спортсменка	s p ɔ r t͡s m ɛ n k ɛ
спостерегти	s p ɔ s t ɪ r ɪ ɦ t ɪ
спосіб	s p ɔ sʲ i b
справ	s p r ɑ u̯
справам	s p r ɑ ʋ ɐ m
справами	s p r ɑ ʋ ɛ m ɪ
справах	s p r ɑ ʋ ɛ x
справді	s p r ɑ u̯ dʲ i
справи	s p r ɑ ʋ ɪ
справо	s p r ɑ ʋ ɔ
справі	s p r ɑ ʋʲ i
сприймати	s p r ɪ i m ɑ t ɪ
сприйняття	s p r ɪ i nʲ ɛ tʲ ɑ
спричинити	s p r e t͡ʃ e n ɪ t e
спричинювати	s p r ɪ t͡ʃ ɪ nʲ u ʋ ɛ t ɪ
сприятливий	s p r ɪ j ɑ t ɫ ɪ ʋ ɪ i
спровокувати	s p r ɔ w ɔ k ʊ ʋ ɑ t e
спроможність	s p r ɔ m ɔ ʒ nʲ i sʲ tʲ
спростити	s p r ɔ s t ɪ t ɪ
спростовувати	s p r ɔ s t ɔ w ʊ ʋ ɐ t e
співавтор	sʲ pʲ i ʋ ɑ u̯ t ɔ r
співбесідниця	sʲ p i u b ɪ sʲ i d n ɪ t͡sʲ ɛ
співзасновник	sʲ p i u z ɛ s n ɔ u n ɪ k
співпереживання	sʲ p i u p ɪ r ɪ ʒ ɪ ʋ ɑ nʲ ɛ
співробітник	sʲ p i u r ɔ b i t n ɪ k
співрозмовник	sʲ p i u r ɔ z m ɔ u n ɪ k
співчутливий	sʲ p i u t͡ʃ u t ɫ ɪ ʋ ɪ i
співіснування	sʲ p i ʋ i s n u ʋ ɑ nʲ ɛ
спідницею	sʲ p i d n ɪ t͡s ɪ j u
спідницями	sʲ p i d n ɪ t͡sʲ ɛ m ɪ
спір	sʲ p i r
спірний	sʲ p i r n ɪ i
срібний	sʲ rʲ i b n ɪ i
стабільний	s t ɛ b i lʲ n ɪ i
стабілізувати	s t ɛ b i lʲ i z u ʋ ɑ t ɪ
ставати	s t ɛ ʋ ɑ t ɪ
ставлення	s t ɑ u ɫ ɪ nʲ ɛ
стадіон	s t ɐ dʲ i ɔ n
стайня	s t ɑ i nʲ ɛ
сталевий	s t ɛ ɫ ɛ ʋ ɪ i
стан	s t ɑ n
стандарт	s t ɛ n d ɑ r t
стандартові	s t ɛ n d ɑ r t ɔ ʋ i
стандарту	s t ɛ n d ɑ r t u
становище	s t ɛ n ɔ ʋ ɪ ʃ t͡ʃ ɪ
станцією	s t ɑ nʲ t͡sʲ i j ɪ j u
станції	s t ɑ nʲ t͡sʲ i j i
станіслав	s t ɛ nʲ i s ɫ ɑ u
стар	s t ɑ r
старання	s t ɛ r ɑ nʲ ɛ
старий	s t ɐ r ɪ i̯
старик	s t ɛ r ɪ k
стати	s t ɑ t e
статистика	s t ɐ t ɪ s t e k ɐ
стаття	s t ɐ tʲː ɑ
стать	s t ɑ tʲ
створення	s t w ɔ r e nʲː ɐ
створювати	s t w ɔ rʲ ʊ ʋ ɐ t e
стефанія	s t ɪ f ɑ nʲ i j ɛ
стиль	s t ɪ lʲ
стимул	s t ɪ m u ɫ
стовбур	s t ɔ u b u r
століттю	s t ɔ lʲ i tʲ u
століття	s t o lʲ i tʲː ɐ
століть	s t o lʲ i tʲ
стоматологія	s t ɔ m ɛ t ɔ ɫ ɔ ɦ i j ɛ
стопа	s t ɔ p ɑ
сторож	s t ɔ r ɔ ʒ
стосовно	s t ɔ s ɔ u̯ n ɔ
страйк	s t r ɑ i k
страта	s t r ɑ t ɛ
стратегія	s t r ɛ t ɛ ɦ i j ɛ
страх	s t r ɑ x
страхіття	s t r ɛ x i tʲ ɛ
страшний	s t r ɛ ʃ n ɪ i
стремено	s t r ɪ m ɪ n ɔ
стримати	s t r ɪ m ɛ t ɪ
стримувати	s t r ɪ m ʊ ʋ ɐ t e
стрілка	s tʲ rʲ i ɫ k ɐ
стрічки	s tʲ rʲ i t͡ʃ k ɪ
студент	s t ʊ d ɛ n t
студентка	s t ʊ d ɛ n t k ɐ
ступити	s t u p ɪ t ɪ
ступінь	s t u pʲ i nʲ
стіл	sʲ tʲ i ɫ
стілець	sʲ tʲ i ɫ ɛ t͡sʲ
стільниковий	sʲ tʲ i lʲ n ɪ k ɔ ʋ ɪ i
стіна	sʲ tʲ i n ɑ
суб'єкт	s u b j ɛ k t
субтитри	s u b t ɪ t r ɪ
суверенітет	s ʊ ʋ e r e nʲ i t ɛ t
суддя	s u dʲ ɑ
судинний	s u d ɪ n ɪ i
судно	s u d n ɔ
суднобудівна	s u d n ɔ b u dʲ i u n ɑ
суднобудівник	s u d n ɔ b u dʲ i u n ɪ k
сукня	s u k nʲ ɛ
сукнях	s u k nʲ ɛ x
сукні	s u k nʲ i
суми	s u m ɪ
сумніватися	s u m nʲ i ʋ ɑ t ɪ sʲ ɛ
суперник	s u p ɛ r n ɪ k
супругах	s ʊ p r u ɦ ɐ x
супругою	s u p r u ɦ ɔ j u
суспільство	s u sʲ p i lʲ s t ʋ ɔ
сусідка	s u sʲ i d k ɛ
сусідство	s u sʲ i d͡z s t ʋ ɔ
сусідів	s u sʲ i dʲ i u
суть	s u tʲ
сфер	s f ɛ r
сформулювати	s f ɔ r m u lʲ u ʋ ɑ t ɪ
схематизувати	s x ɪ m ɛ t ɪ z u ʋ ɑ t ɪ
східний	sʲ x i d n ɪ i
східноєвропейський	sʲ x i d n ɔ j ɪ u r ɔ p ɛ i sʲ k ɪ i
сцена	s t͡s ɛ n ɛ
сьогодні	sʲ ɔ ɦ ɔ dʲ nʲ i
сьогоднішній	sʲ ɔ ɦ ɔ dʲ nʲ i ʃ nʲ i i̯
сьодні	sʲ ɔ dʲ nʲ i
сьомий	sʲ ɔ m ɪ i
сюди	sʲ u d ɪ
сюрприз	sʲ u r p r ɪ z
сідати	sʲ i d ɑ t e
сідниця	sʲ i d n ɪ t͡sʲ ɛ
сідницям	sʲ i d n ɪ t͡sʲ ɛ m
сільськогосподарський	sʲ i lʲ sʲ k ɔ ɦ ɔ s p ɔ d ɑ r sʲ k ɪ i
сімейний	sʲ i m ɛ i n ɪ i
сімсот	sʲ i m s ɔ t
сірий	sʲ i r ɪ i
та	t ɑ
так	t ɑ k
така	t ɛ k ɑ
такий	t ɐ k ɪ i̯
тактовний	t ɛ k t ɔ u n ɪ i
талія	t ɑ lʲ i j ɛ
таліях	t ɑ lʲ i j ɛ x
танцювати	t ɛ nʲ t͡sʲ u ʋ ɑ t ɪ
танцюристки	t ɛ nʲ t͡sʲ u r ɪ s t k ɪ
танцюристок	t ɛ nʲ t͡sʲ u r ɪ s t ɔ k
тарас	t ɛ r ɑ s
тарган	t ɛ r ɦ ɑ n
тацею	t ɑ t͡s ɪ j u
таць	t ɑ t͡sʲ
тацях	t ɑ t͡sʲ ɛ x
таємницею	t ɛ j ɪ m n ɪ t͡s ɪ j u
таємниця	t ɛ j ɪ m n ɪ t͡sʲ ɛ
таємницями	t ɛ j ɪ m n ɪ t͡sʲ ɛ m ɪ
таємницях	t ɛ j ɪ m n ɪ t͡sʲ ɛ x
таїландець	t ɛ j i ɫ ɑ n d ɪ t͡sʲ
твар	t ʋ ɑ r
те	t ɛ
театр	t ɪ ɑ t r
теж	t ɛ ʒ
текст	t ɛ k s t
текстовий	t ɪ k s t ɔ ʋ ɪ i
телеведуча	t ɪ ɫ ɪ ʋ ɪ d u t͡ʃ ɛ
телевізійний	t ɪ ɫ ɪ ʋ i zʲ i i n ɪ i
телеканал	t ɪ ɫ ɪ k ɛ n ɑ ɫ
телескоп	t ɪ ɫ ɪ s k ɔ p
тематичний	t ɪ m ɛ t ɪ t͡ʃ n ɪ i
темний	t ɛ m n ɪ i
температура	t e m p e r ɐ t u r ɐ
теоретичний	t ɪ ɔ r ɪ t ɪ t͡ʃ n ɪ i
теорію	t ɪ ɔ rʲ i j u
теоріям	t ɪ ɔ rʲ i j ɛ m
теоріями	t ɪ ɔ rʲ i j ɛ m ɪ
теплота	t ɪ p ɫ ɔ t ɑ
терем	t ɛ r ɪ m
території	t e r e t ɔ rʲ i j i
термометр	t ɪ r m ɔ m ɪ t r
термометричний	t ɪ r m ɔ m ɪ t r ɪ t͡ʃ n ɪ i
термін	t ɛ r m i n
тернопіль	t e r n ɔ pʲ i lʲ
терпеливість	t ɪ r p ɪ ɫ ɪ ʋ i sʲ tʲ
тестування	t ɪ s t u ʋ ɑ nʲ ɛ
тесть	t ɛ sʲ tʲ
тетяна	t ɪ tʲ ɑ n ɛ
технократичний	t ɪ x n ɔ k r ɛ t ɪ t͡ʃ n ɪ i
технічний	t ɪ x nʲ i t͡ʃ n ɪ i
теща	t ɛ ʃ t͡ʃ ɛ
ти	t ɪ
тижня	t ɪ ʒ nʲ ɐ
тимошенко	t e m ɔ ʃ ɛ n k ɔ
тимчасовий	t ɪ m t͡ʃ ɛ s ɔ ʋ ɪ i
типовий	t ɪ p ɔ ʋ ɪ i
тирана	t ɪ r ɑ n ɛ
тис	t ɪ s
тисяч	t ɪ sʲ ɛ t͡ʃ
тисячоліттями	t ɪ sʲ ɛ t͡ʃ ɔ lʲ i tʲ ɛ m ɪ
тисячоліттях	t ɪ sʲ ɛ t͡ʃ ɔ lʲ i tʲ ɛ x
тисячоліть	t ɪ sʲ ɛ t͡ʃ ɔ lʲ i tʲ
тих	t ɪ x
тобою	t ɔ b ɔ j u
тобто	t ɔ b t ɔ
тобі	t o bʲ i
товар	t ɔ ʋ ɑ r
товариство	t ɔ ʋ ɛ r ɪ s t ʋ ɔ
того	t ɔ ɦ ɔ
тоді	t ɔ dʲ i
тож	t ɔ ʒ
токар	t ɔ k ɛ r
токсикологічний	t ɔ k s ɪ k ɔ ɫ ɔ ɦ i t͡ʃ n ɪ i
толерантний	t ɔ ɫ ɪ r ɑ n t n ɪ i
тому	t ɔ m u
тонкий	t ɔ n k ɪ i
тополям	t ɔ p ɔ lʲ ɛ m
тополі	t ɔ p ɔ lʲ i
тощо	t ɔ ʃ t͡ʃ ɔ
трав'яний	t r ɛ ʋ j ɛ n ɪ i
трава	t r ɛ ʋ ɑ
травень	t r ɑ ʋ ɪ nʲ
трагедія	t r ɛ ɦ ɛ dʲ i j ɛ
трагедіям	t r ɛ ɦ ɛ dʲ i j ɛ m
трагедіє	t r ɛ ɦ ɛ dʲ i j ɪ
трагічний	t r ɛ ɦ i t͡ʃ n ɪ i
традиційно	t r ɛ d ɪ t͡sʲ i i n ɔ
трактор	t r ɑ k t ɔ r
транзит	t r ɛ n z ɪ t
трансплантації	t r ɛ n s p ɫ ɛ n t ɑ t͡sʲ i j i
транспорт	t r ɑ n s p ɔ r t
транспортний	t r ɑ n s p ɔ r t n ɪ i
трансформацій	t r ɛ n s f ɔ r m ɑ t͡sʲ i i
трансформаціям	t r ɛ n s f ɔ r m ɑ t͡sʲ i j ɛ m
трансформаціях	t r ɛ n s f ɔ r m ɑ t͡sʲ i j ɛ x
треба	t r ɛ b ɐ
тренер	t r ɛ n ɪ r
тренування	t r e n ʊ ʋ ɑ nʲː ɐ
тренінг	t r ɛ nʲ i n ɦ
третій	t r ɛ tʲ i i
три	t r ɪ
трибунал	t r ɪ b u n ɑ ɫ
тривалий	t r e ʋ ɑ ɫ e i̯
тригліцерид	t r ɪ ɦ lʲ i t͡s ɪ r ɪ d
тридцять	t r ɪ d͡zʲ t͡sʲ ɛ tʲ
трикутник	t r ɪ k u t n ɪ k
тримати	t r e m ɑ t e
тристоронній	t r ɪ s t ɔ r ɔ nʲ i i
трок	t r ɔ k
тротуари	t r ɔ t u ɑ r ɪ
тротуарі	t r ɔ t u ɑ rʲ i
тротуарів	t r ɔ t u ɑ rʲ i u
трохи	t r ɔ x ɪ
троє	t r ɔ j ɪ
трьохсотий	tʲ rʲ ɔ x s ɔ t ɪ i
тріска	tʲ rʲ i s k ɛ
туди	t ʊ d ɪ
туман	t u m ɑ n
тунелю	t u n ɛ lʲ u
тунелях	t u n ɛ lʲ ɛ x
туреччина	t u r ɛ tʃ ɪ n ɛ
туризм	t u r ɪ z m
туристичний	t ʊ r e s t ɪ t͡ʃ n e i̯
туркменістан	t u r k m ɪ nʲ i s t ɑ n
турнір	t u r nʲ i r
тяжкий	tʲ ɛ ʒ k ɪ i
ті	tʲ i
тілесний	tʲ i ɫ ɛ s n ɪ i
тільки	tʲ i lʲ k ɪ
тім	tʲ i m
тісний	tʲ i s n ɪ i
тістечко	tʲ i s t ɪ t͡ʃ k ɔ
тітка	tʲ i t k ɐ
тієї	tʲ i j ɛ j i
убогий	u b ɔ ɦ ɪ i
ув'язнення	u ʋ j ɑ z n ɪ nʲ ɛ
увесь	u ʋ ɛ sʲ
угорець	u ɦ ɔ r ɪ t͡sʲ
угорка	u ɦ ɔ r k ɛ
угорськомовний	u ɦ ɔ r sʲ k ɔ m ɔ u n ɪ i
удосвіта	u d ɔ sʲ ʋ i t ɛ
уживати	u ʒ ɪ ʋ ɑ t ɪ
узяти	u zʲ ɑ t ɪ
українець	ʊ k r ɐ j i n e t͡sʲ
україни	ʊ k r ɐ j i n e
україномовний	u k r ɛ j i n ɔ m ɔ u n ɪ i
україною	u k r ɛ j i n ɔ j u
український	ʊ k r ɐ j i nʲ sʲ k e i̯
українським	u k r ɛ j i nʲ sʲ k ɪ m
українськими	u k r ɛ j i nʲ sʲ k ɪ m ɪ
українських	u k r ɛ j i nʲ sʲ k ɪ x
українського	ʊ k r ɐ j i nʲ sʲ k ɔ ɦ ɔ
українському	ʊ k r ɐ j i nʲ sʲ k ɔ m ʊ
українською	u k r ɛ j i nʲ sʲ k ɔ j u
української	ʊ k r ɐ j i nʲ sʲ k ɔ j i
українську	ʊ k r ɐ j i nʲ sʲ k ʊ
українські	ʊ k r ɐ j i n sʲ kʲ i
українці	ʊ k r ɐ j i nʲ t͡sʲ i
україні	ʊ k r ɐ j i nʲ i
ультиматум	u lʲ t ɪ m ɑ t u m
умисний	u m ɪ s n ɪ i
умовах	u m ɔ ʋ ɛ x
уникати	ʊ n e k ɑ t e
уникнути	u n ɪ k n u t ɪ
унікальний	u nʲ i k ɑ lʲ n ɪ i
уособити	u ɔ s ɔ b ɪ t ɪ
уособлювати	u ɔ s ɔ b lʲ u ʋ ɛ t ɪ
упасти	u p ɑ s t ɪ
упевненість	u p ɛ u n ɪ nʲ i sʲ tʲ
упередження	ʊ p e r ɛ d͡ʒ e nʲː ɐ
ураження	u r ɑ ʒ ɪ nʲ ɛ
урожай	u r ɔ ʒ ɑ i
уряд	u rʲ ɛ d
успішний	u sʲ p i ʃ n ɪ i
уста	u s t ɑ
установа	u s t ɛ n ɔ ʋ ɛ
установити	u s t ɛ n ɔ ʋ ɪ t ɪ
усьому	ʊ sʲ ɔ m ʊ
утомлений	u t ɔ m ɫ ɪ n ɪ i
утратам	u t r ɑ t ɛ m
участь	u t͡ʃ ɛ sʲ tʲ
уявити	u j ɛ ʋ ɪ t ɪ
уявіть	u j ɛ ʋ i tʲ
фабрика	f ɑ b r ɪ k ɛ
файний	f ɑ i n ɪ i
фактичний	f ɛ k t ɪ t͡ʃ n ɪ i
фактично	f ɛ k t ɪ t͡ʃ n ɔ
фашизм	f ɛ ʃ ɪ z m
федерація	f ɪ d ɪ r ɑ t͡sʲ i j ɛ
федерацією	f ɪ d ɪ r ɑ t͡sʲ i j ɪ j u
федерації	f ɪ d ɪ r ɑ t͡sʲ i j i
федорович	f ɪ d ɔ r ɔ ʋ ɪ t͡ʃ
феміністичний	f ɪ m i nʲ i s t ɪ t͡ʃ n ɪ i
феями	f ɛ j ɛ m ɪ
феях	f ɛ j ɛ x
феє	f ɛ j ɪ
фоб	f ɔ b
фольклор	f ɔ lʲ k ɫ ɔ r
формування	f ɔ r m u ʋ ɑ nʲ ɛ
формулювати	f ɔ r m u lʲ u ʋ ɑ t ɪ
фотосинтез	f ɔ t ɔ s ɪ n t ɪ z
фрагментах	f r ɛ ɦ m ɛ n t ɛ x
фрагменти	f r ɛ ɦ m ɛ n t ɪ
фрагменту	f r ɛ ɦ m ɛ n t u
фразеологічний	f r ɛ z ɪ ɔ ɫ ɔ ɦ i t͡ʃ n ɪ i
фразеологія	f r ɛ z ɪ ɔ ɫ ɔ ɦ i j ɛ
фрустрація	f r u s t r ɑ t͡sʲ i j ɛ
фундаментальний	f u n d ɛ m ɪ n t ɑ lʲ n ɪ i
функціональний	f u n k t͡sʲ i ɔ n ɑ lʲ n ɪ i
фізичний	fʲ i z ɪ t͡ʃ n e i̯
фізіологічний	f i zʲ i ɔ ɫ ɔ ɦ i t͡ʃ n ɪ i
філологічний	fʲ i ɫ ɔ ɫ o ɦʲ i t͡ʃ n e i̯
філософія	f i ɫ ɔ s ɔ f i j ɛ
фільтр	f i lʲ t r
філіжанка	f i lʲ i ʒ ɑ n k ɛ
фінансовий	fʲ i n ɑ n s ɔ ʋ e i̯
фінляндський	f i nʲ lʲ ɑ n d͡zʲ sʲ k ɪ i
фінляндія	f i nʲ lʲ ɑ nʲ dʲ i j ɛ
фірма	f i r m ɛ
фіскальний	f i s k ɑ lʲ n ɪ i
хазяїн	x ɛ zʲ ɑ j i n
хай	x ɑ i̯
характерний	x ɛ r ɛ k t ɛ r n ɪ i
харизматичний	x ɛ r ɪ z m ɛ t ɪ t͡ʃ n ɪ i
харчування	x ɐ r t͡ʃ ʊ ʋ ɑ nʲː ɐ
хвилина	x ʋ ɪ ɫ ɪ n ɛ
хворий	x ʋ ɔ r ɪ i
хвороба	x w ɔ r ɔ b ɐ
хворіти	x ʋ ɔ rʲ i t ɪ
хвіст	x ʋ i s t
херсон	x ɪ r s ɔ n
хижак	x ɪ ʒ ɑ k
хлопець	x ɫ ɔ p e t͡sʲ
хлопчик	x ɫ ɔ p t͡ʃ ɪ k
хліб	x lʲ i b
хмельницький	x m ɪ lʲ n ɪ t͡sʲ k ɪ i
хобі	x ɔ b i
ховати	x ɔ ʋ ɑ t ɪ
холодно	x ɔ ɫ ɔ d n ɔ
хома	x ɔ m ɑ
хороший	x ɔ r ɔ ʃ ɪ i
хотів	x o tʲ i u̯
хотітися	x ɔ tʲ i t ɪ sʲ ɛ
хрест	x r ɛ s t
христина	x r ɪ s t ɪ n ɛ
християнський	x r ɪ s t ɪ j ɑ nʲ sʲ k ɪ i
хронологія	x r ɔ n ɔ ɫ ɔ ɦ i j ɛ
хрін	x rʲ i n
хтивий	x t ɪ ʋ ɪ i
художниця	x ʊ d ɔ ʒ n e t͡sʲ ɐ
хурма	x u r m ɑ
хутро	x u t r ɔ
хімічний	x i m i t͡ʃ n ɪ i
хірург	xʲ i r u r ɦ
цвях	t͡sʲ ʋ ɑ x
цвіт	t͡sʲ ʋ i t
це	t͡s ɛ
цегла	t͡s ɛ ɦ ɫ ɛ
цегляний	t͡s ɪ ɦ lʲ ɛ n ɪ i
цей	t͡s ɛ i̯
центавр	t͡s ɪ n t ɑ u r
центр	t͡s ɛ n t r
центральний	t͡s ɪ n t r ɑ lʲ n ɪ i
централізація	t͡s ɪ n t r ɛ lʲ i z ɑ t͡sʲ i j ɛ
централізувати	t͡s ɪ n t r ɛ lʲ i z u ʋ ɑ t ɪ
церковний	t͡s ɪ r k ɔ u n ɪ i
цивілізаційний	t͡s ɪ ʋ i lʲ i z ɛ t͡sʲ i i n ɪ i
цим	t͡s ɪ m
цими	t͡s ɪ m e
цистерна	t͡s ɪ s t ɛ r n ɛ
цитрина	t͡s ɪ t r ɪ n ɛ
цнотливий	t͡s n ɔ t ɫ ɪ ʋ ɪ i
цукор	t͡s u k ɔ r
цього	t͡sʲ ɔ ɦ ɔ
цю	t͡sʲ u
ця	t͡sʲ ɑ
цій	t͡sʲ i i̯
цікавий	t͡sʲ i k ɑ ʋ ɪ i
цілий	t͡sʲ i ɫ e i̯
цілком	t͡sʲ i ɫ k ɔ m
ціна	t͡sʲ i n ɑ
цією	t͡sʲ i j ɛ j u
цієї	t͡sʲ i j ɛ j i
чабер	t͡ʃ ɛ b ɛ r
чайна	t͡ʃ ɛ i n ɑ
чарівник	t͡ʃ ɛ rʲ i u n ɪ k
час	t͡ʃ ɑ s
частина	t͡ʃ ɐ s t ɪ n ɐ
частинка	t͡ʃ ɛ s t ɪ n k ɛ
частка	t͡ʃ ɑ s t k ɛ
часто	t͡ʃ ɑ s t ɔ
частіше	t͡ʃ ɐ sʲ tʲ i ʃ e
чверті	t͡ʃ ʋ ɛ r tʲ i
чебрець	t͡ʃ ɪ b r ɛ t͡sʲ
чемпіон	t͡ʃ ɪ m p i ɔ n
чемпіонський	t͡ʃ ɪ m p i ɔ nʲ sʲ k ɪ i
честь	t͡ʃ ɛ sʲ tʲ
четвер	t͡ʃ ɪ t ʋ ɛ r
чехія	t͡ʃ ɛ x i j ɛ
чи	t͡ʃ ɪ
чий	t͡ʃ ɪ i
чиновник	t͡ʃ e n ɔ u̯ n e k
число	t͡ʃ e s ɫ ɔ
чистий	t͡ʃ ɪ s t e i̯
чоловік	t͡ʃ ɔ ɫ ɔ ʋʲ i k
чоловіка	t͡ʃ ɔ ɫ ɔ ʋʲ i k ɐ
чоловіки	t͡ʃ ɔ ɫ ɔ ʋʲ i k e
чоловіком	t͡ʃ ɔ ɫ ɔ ʋʲ i k ɔ m
чоловіків	t͡ʃ ɔ ɫ ɔ ʋʲ i kʲ i u̯
чому	t͡ʃ o m u
чомусь	t͡ʃ ɔ m u sʲ
чорний	t͡ʃ ɔ r n e i̯
чорних	t͡ʃ ɔ r n ɪ x
чорниця	t͡ʃ ɔ r n ɪ t͡sʲ ɛ
чорні	t͡ʃ ɔ r nʲ i
чорт	t͡ʃ ɔ r t
чось	t͡ʃ ɔ sʲ
чотири	t͡ʃ ɔ t ɪ r e
чотирикутний	t͡ʃ ɔ t ɪ r ɪ k u t n ɪ i
чотирьохсот	t͡ʃ ɔ t ɪ rʲ ɔ x s ɔ t
чудовисько	t͡ʃ u d ɔ ʋ ɪ sʲ k ɔ
чудово	t͡ʃ ʊ d ɔ w ɔ
чудій	t͡ʃ u dʲ i i
чужий	t͡ʃ ʊ ʒ ɪ i̯
чіткий	t͡ʃʲ i t k ɪ i̯
шабля	ʃ ɑ b lʲ ɛ
шанс	ʃ ɑ n s
шанувальник	ʃ ɛ n u ʋ ɑ lʲ n ɪ k
шаповал	ʃ ɛ p ɔ ʋ ɑ ɫ
шведка	ʃ ʋ ɛ d k ɛ
шведський	ʃ ʋ ɛ d͡zʲ sʲ k ɪ i
швидко	ʃ ʋ ɪ d k ɔ
швидкість	ʃ ʋ ɪ dʲ k i sʲ tʲ
швидкістю	ʃ ʋ ɪ dʲ k i sʲ tʲ u
шептати	ʃ ɪ p t ɑ t ɪ
шершень	ʃ ɛ r ʃ ɪ nʲ
шестигранний	ʃ ɪ s t ɪ ɦ r ɑ n ɪ i
шестигранник	ʃ ɪ s t ɪ ɦ r ɑ n ɪ k
шестикутний	ʃ ɪ s t ɪ k u t n ɪ i
шестірня	ʃ ɪ sʲ tʲ i r nʲ ɑ
шинок	ʃ ɪ n ɔ k
широкий	ʃ e r ɔ k e i̯
шкатулка	ʃ k ɛ t u ɫ k ɛ
шкодити	ʃ k ɔ d ɪ t ɪ
школа	ʃ k ɔ ɫ ɛ
школи	ʃ k ɔ ɫ ɪ
школяр	ʃ k ɔ lʲ ɑ r
шкідливий	ʃ k i d ɫ ɪ ʋ ɪ i
шкіра	ʃ k i r ɛ
шкірах	ʃ k i r ɛ x
шкіру	ʃ kʲ i r ʊ
шкірі	ʃ k i rʲ i
шланг	ʃ ɫ ɑ n ɦ
шовковий	ʃ ɔ u k ɔ ʋ ɪ i
шовковиця	ʃ ɔ u k ɔ ʋ ɪ t͡sʲ ɛ
шоколад	ʃ ɔ k ɔ ɫ ɑ d
шоколадник	ʃ ɔ k ɔ ɫ ɑ d n ɪ k
шпиталь	ʃ p ɪ t ɑ lʲ
штандарт	ʃ t ɛ n d ɑ r t
штани	ʃ t ɐ n ɪ
шторм	ʃ t ɔ r m
шумливий	ʃ u m ɫ ɪ ʋ ɪ i
шумний	ʃ u m n ɪ i
шістнадцятий	ʃ i s t n ɑ d͡zʲ t͡sʲ ɛ t ɪ i
шість	ʃʲ i sʲ tʲ
щавель	ʃ t͡ʃ ɛ ʋ ɛ lʲ
щастя	ʃ t͡ʃ ɑ sʲ tʲ ɛ
ще	ʃ t͡ʃ ɛ
щеплення	ʃ t͡ʃ ɛ p ɫ e nʲː ɐ
щиколотки	ʃ t͡ʃ ɪ k ɔ ɫ ɔ t k ɪ
щиколоток	ʃ t͡ʃ ɪ k ɔ ɫ ɔ t ɔ k
щитоподібна	ʃ t͡ʃ ɪ t ɔ p ɔ dʲ i b n ɛ
щоб	ʃ t͡ʃ ɔ b
щоби	ʃ t͡ʃ ɔ b ɪ
щодня	ʃ t͡ʃ ɔ dʲ nʲ ɑ
щодо	ʃ t͡ʃ ɔ d ɔ
щоко	ʃ t͡ʃ ɔ k ɔ
щокою	ʃ t͡ʃ ɔ k ɔ j u
щоку	ʃ t͡ʃ ɔ k u
щонайменше	ʃ t͡ʃ ɔ n ɛ i m ɛ n ʃ ɪ
щоразу	ʃ t͡ʃ ɔ r ɑ z u
щорічний	ʃ t͡ʃ ɔ rʲ i t͡ʃ n ɪ i
щось	ʃ t͡ʃ ɔ sʲ
щотижневий	ʃ t͡ʃ ɔ t ɪ ʒ n ɛ ʋ ɪ i
щука	ʃ t͡ʃ u k ɛ
щі	ʃ t͡ʃʲ i
щітка	ʃ t͡ʃʲ i t k ɛ
юний	j u n e i̯
юрисдикція	j u r ɪ z d ɪ k t͡sʲ i j ɛ
юриспруденція	j u r ɪ s p r u d ɛ nʲ t͡sʲ i j ɛ
юшка	j u ʃ k ɛ
ющенко	j u ʃ t͡ʃ ɪ n k ɔ
ягода	j ɑ ɦ ɔ d ɛ
яка	j ɐ k ɑ
якби	j ɐ ɡ b ɪ
яке	j ɐ k ɛ
який	j ɐ k ɪ i̯
якийсь	j ɐ k ɪ i̯ sʲ
якщо	j ɐ k ʃ t͡ʃ ɔ
яловичину	j ɑ ɫ ɔ ʋ ɪ t͡ʃ ɪ n u
яма	j ɑ m ɛ
янтар	j ɛ n t ɑ r
японію	j ɛ p ɔ nʲ i j u
японія	j ɛ p ɔ nʲ i j ɛ
японіє	j ɛ p ɔ nʲ i j ɪ
яструб	j ɑ s t r u b
ящик	j ɑ ʃ t͡ʃ ɪ k
є	j ɛ
євген	j e u̯ ɦ ɛ n
євгенія	j ɪ u ɦ ɛ nʲ i j ɛ
єврейський	j ɪ u r ɛ i sʲ k ɪ i
європейський	j e u̯ r ɔ p ɛ i̯ sʲ k e i̯
єдиний	j e d ɪ n e i̯
ємен	j ɛ m ɪ n
єпископ	j ɪ p ɪ s k ɔ p
ігнорувати	i ɦ n ɔ r u ʋ ɑ t ɪ
ігор	i ɦ ɔ r
іграх	i ɦ r ɐ x
іграшка	i ɦ r ɛ ʃ k ɛ
ігри	i ɦ r e
ідеальний	i d ɪ ɑ lʲ n ɪ i
ідеалістичний	i d ɪ ɛ lʲ i s t ɪ t͡ʃ n ɪ i
ідеологічний	i d ɪ ɔ ɫ ɔ ɦ i t͡ʃ n ɪ i
ідея	i d ɛ j ɛ
із	i z
ізраїльтянин	i z r ɛ j i lʲ tʲ ɑ n ɪ n
ізраїльтянка	i z r ɛ j i lʲ tʲ ɑ n k ɛ
ізумрудний	i z u m r u d n ɪ i
ікло	i k ɫ ɔ
ікра	i k r ɑ
ілюзія	i lʲ u zʲ i j ɛ
ім'я	i m j ɛ
імперія	i m p ɛ rʲ i j ɛ
імперіям	i m p ɛ rʲ i j ɛ m
імпорт	i m p ɔ r t
імпортувати	i m p ɔ r t u ʋ ɑ t ɪ
імунологічний	i m u n ɔ ɫ ɔ ɦ i t͡ʃ n ɪ i
імітація	i m i t ɑ t͡sʲ i j ɛ
інакше	i n ɑ k ʃ e
інвестиційний	i n ʋ ɪ s t ɪ t͡sʲ i i n ɪ i
інвестиція	i n ʋ ɪ s t ɪ t͡sʲ i j ɛ
інвестувати	i n ʋ ɪ s t u ʋ ɑ t ɪ
індивід	i n d ɪ ʋ i d
індивідуально	i n d ɪ ʋ i d u ɑ lʲ n ɔ
індонезія	i n d ɔ n ɛ zʲ i j ɛ
індустріалізувати	i n d u s tʲ rʲ i ɛ lʲ i z u ʋ ɑ t ɪ
інерційний	i n ɪ r t͡sʲ i i n ɪ i
інженерія	i n ʒ ɪ n ɛ rʲ i j ɛ
інколи	i n k ɔ ɫ ɪ
інна	i n ɛ
іноді	i n ɔ dʲ i
інституційний	i n s t ɪ t u t͡sʲ i i n ɪ i
інструкціях	i n s t r u k t͡sʲ i j ɛ x
інструкцією	i n s t r u k t͡sʲ i j ɪ j u
інструмент	i n s t r u m ɛ n t
інтеграція	i n t ɪ ɦ r ɑ t͡sʲ i j ɛ
інтелектуальний	i n t ɪ ɫ ɪ k t u ɑ lʲ n ɪ i
інтенсивність	i n t ɪ n s ɪ u nʲ i sʲ tʲ
інтенсифікація	i n t ɪ n s ɪ f i k ɑ t͡sʲ i j ɛ
інтенсифікувати	i n t ɪ n s ɪ f i k u ʋ ɑ t ɪ
інтерактивний	i n t ɪ r ɛ k t ɪ u n ɪ i
інтерес	i n t ɪ r ɛ s
інтернаціональний	i n t ɪ r n ɛ t͡sʲ i ɔ n ɑ lʲ n ɪ i
інтуїтивно	i n t u j i t ɪ u n ɔ
інфекцію	i n f ɛ k t͡sʲ i j u
інфекція	i n f ɛ k t͡sʲ i j ɛ
інфекціям	i n f ɛ k t͡sʲ i j ɛ m
інформація	i n f ɔ r m ɑ t͡sʲ i j ɐ
інфраструктура	i n f r ɐ s t r ʊ k t u r ɐ
інфікування	i nʲ f i k u ʋ ɑ nʲ ɛ
інциденти	i n t͡s ɪ d ɛ n t ɪ
інший	i n ʃ e i̯
іншими	i n ʃ e m e
іншого	i n ʃ ɔ ɦ ɔ
ірина	i r ɪ n ɛ
ірландець	i r ɫ ɑ n d ɪ t͡sʲ
існуючий	i s n u j u t͡ʃ ɪ i
іспанія	i s p ɑ nʲ i j ɛ
істеричний	i s t ɪ r ɪ t͡ʃ n ɪ i
історія	i s t ɔ rʲ i j ɐ
істотний	i s t ɔ t n ɪ i
ісус	i s u s
ї	j i
їбати	j i b ɑ t ɪ
їжа	j i ʒ ɛ
їжакевич	j i ʒ ɛ k ɛ ʋ ɪ t͡ʃ
їй	j i i
їм	j i m
їсти	j i s t e
їх	j i x
їхати	j i x ɐ t e
їхній	j i x nʲ i i̯
її	j i j i
ґандж	ɡ ɑ n d͡ʒ
ґанок	ɡ ɑ n ɔ k
ґніт	ɡ nʲ i t
ґринджоли	ɡ r ɪ n d͡ʒ ɔ ɫ ɪ
ґудзик	ɡ u d͡z ɪ k
