آر	ɑ r
آرام	ɑː r ɑː m
آرامه	ɑː r ɑː m ə
آره	ɑ r a
آزاد	ɑ z ɑ d
آزادول	ɑ z ɑ d w l
آسانۍ	ɑ s ɑ n ə i
آسد	ɑː s d
آسولید	ɑ s o l i d
آسیم	ɑː s iː m
آفریند	ɑː f r iː n d
آيات	ɑ j ɑ t̪
آيرلنډ	ɑ j r l ə n ɖ
آیا	ɑ j ɑ
آیاسطل	ɑ i ɑ s t̪ l
آیاښوونځي	ɑ j ɑ x w w n ʣ i
آیایا	ɑ i ɑ i ɑ
ابادول	a b ɑ d̪ a w ə l
ابن	ɑ b n
ابنسینایو	ɑ b n s i n ɑ j o
ابی	ɑ b i
اتل	a t̪ ə l
اتلس	a t̪ ə l a s
اتله	a t̪ ə l a
اته	a t̪ ə
اتيا	a t̪ j ɑ
اتڼ	a t̪ a ɳ
اثر	ʔ ə θ r
احمد	ɑ ħ m ə d
احمده	ɑː h m ə d ə
اخ	a x
اختلالات	ʔ x t l ɑ l ɑ t
اخته	a x t̪ a
اخلم	a x l ə m
اخلي	ɑ x l i
اخيستل	a x i s t ə l
اخښل	a x ə l
اخښی	a x a i
اخیست	ɑ x i s t
اخیستلو	a x i s t l u
اد	a d
ارزان	a r z ɑ n
ارزانه	a r z ɑ n a
ارزښت	a r z ə x t̪
ارما	ɑ r m ɑ
ارمان	a r m ɑ n
اري	a r i
ازادیم	a z aː d iː m
ازادۍ	a z a d ə i
اس	a s
اسانه	a s ɑ n a
اسانۍ	ɑː s ɑː n ə iː
استاد	ɑː s t ɑː d
استراحت	ɑ s t r ɑ h ə t
استراحتسره	a s t r a h t s r h
استول	a s t a w ə l
اسطل	ɑ s t l
اسمان	a s m ɑ n
اسماني	a s m ɑ n i
اسټراليا	a s ʈ r ɑ l j ɑ
اسپانيا	ɑ s p ɑ n j ɑ
اسپه	a s p a
اشاره	ɑː ʃ ɑː r ə
اشخاصو	ɑ ʃ x ɑ s ə w
اص	ɑ s
اصلي	a s l i
اصلی	ɑ ʂ l i
اغزی	a ɣ z a i
اغوستل	a ɣ o s t ə l
اغوندم	a ɣ u n d ə m
اغږم	a ɣ a ʐ ə m
اغیزمنه	ɑ ɣ i z m ʊ n ə
اغیزه	ɑː ɣ iː z ə
اغېزه	a ɣ e z h a
اف	ɑː f
افرادو	ɑ f r ɑ d o
افریقایي	ɑ f r i q ɑ i i
افو	ɑ f o
ال	ɑ l
البانيا	a l b ɑ n j ɑ
الرګي	ɑ l r ɡ i
الصحه	ɑ l s ʕ h ə
المانيا	a l m ɑ n j ɑ
المانی	a l m ɑ n a i
الوبالو	a l u b ɑ l u
الوتل	a l w ə t ə l
الوتکه	a l w a t̪ ə k a
الوزم	a l w ə z ə m
ام	ɑ m
امرونوان	a m r o n o ɑ n
امريکا	a m r i k ɑ
امريکايی	a m r i k ɑ j a ɪ
املوک	a m l u k
امن	ɑ m n
انا	a n ɑ
انار	a n ɑ r
انتخاب	ɪ n t ɪ x ɑː b
انتقال	ɑ n t ɪ q ɑ l
اند	a n d̪
اندیښنه	a n d i x n h
اندېښمن	ɑ n d̪ e x m n
انسان	ɑ n s ɑː n
انسانانو	ɑ n s ɑ n ɑ n o
انصاف	ɑ n ʂ ɑ f
انځور	a n d͡z o r
انځورګر	a n d͡z o r ɡ a r
انګلستان	e ŋ ɡ l ɪ s t̪ ɑ n
انګور	a ŋ ɡ u r
انګوړی	a n ɡ o ɺ ˞ a i
او	a w
اوارخطاوه	ɑ w ɑ r x t ɑ w ə
اواز	ɑ w ɑ z
اواقع	o w ɑ q ɛ ʕ
اوباسم	u b ɑ s ə m
اوبدل	o b d̪ ə l
اوبه	o b ə
اوبو	ɑ w b o
اوبوته	ɑ w b w t̪ ə
اوتا	ɑ w t ɑ
اوربشې	ɑ w r b ʂ e
اورلوبه	o r l o b a
اورم	a w r ə m
اوروبوټو	ɑ ʊ r ʊ b ʊ t ʊ
اورول	a w r a w ə l
اورونه	ɑ w ɾ o n ə
اوريګامي	o r i ɡ ɑ m i
اورګاډی	o r ɡ ɑ ɖ a ɪ
اوری	a u r iː
اوریالته	ɑː w r iː ɑː l t̪ ə
اوریدلو	ɑ w r i d l o
اوریدو	o r i d o
اورې	ɑː w r e
اورېدل	a w r e d ə l
اورېدلو	o r ə i̯ d l o
اورېدلي	ɑ o r e d l i
اورېدونکی	a w r e d u n k a i
اوساتونکو	a w s a t u n k u
اوسسطل	a w s s t l
اوسم	o s ə m
اوسیده	ɑ w s i d ɑ
اوسیدونکو	ɑ w s i d w n k w
اوسې	ɑ w s e
اوسېدل	o s e d ə l
اوسېدونکی	o s e d̪ u n k a ɪ
اوسېدونکې	o s e d̪ u n k e
اوش	o ʃ
اوشه	o ʃ a
اولس	u l ə s
اوم	u m
اومامي	u m ɑ m i
اونا	ɑ w n ɑ
اوواښه	a w w a x h
اوورته	ɑ w o r t ə
اوولس	u w ə l a s
اووه	u w ə
اوويښتان	o w i x t ɑ n
اوویې	ɑ w o w i e
اويا	a w j ɑ
اويم	o j ə m
اويو	o w j o
اوړم	a w ɺ ˞ ə m
اوړي	oː ɽ iː
اوړی	o ɻ a ɪ
اوړېدل	a w ɽ e d ə l
اوږ	o ʊ ʐ
اوږد	u ɡ d̪
اوږده	ɑ w ʒ d ə
اوږه	e ʒ a
اوښانله	ɑ o x ɑ n l a
اوښانه	ɑ w x ɑ n ə
اوښاو	ɑ w x ɑ w
اوښاوخره	ɑ w ə x ɑ w x r a
اوښبار	ɑ w x b ɑː ɾ
اوښخر	ɑ w x kʰ r
اوښسپورو	ɑ w ə x s p ɔ ɾ w
اوښسپورچی	ɑ w x s p o r t͡ʃ i
اوښلرم	a w ʈ͡ʂ l r m
ايستل	i s t ə l
ايسلنډ	a i s l æ ŋ ɖ
ايغلو	i ɣ l u
اينو	i n o
اپارتمان	ɑː p ɑː r t m ɑː n
اپريدی	a p r i d̪ a ɪ
اپریکړه	ɑ p r i k ɽ a
اپيم	a p i m
اپين	a p i n
اچول	a t͡ʃ a w ə l
اچوو	ɑ t͡ʃ o w
اچوي	a t͡ʃ o i
اړتیا	ɑ ɻ t i ɑ
اړخ	a ɺ̢ x
اړم	ɑ ʂ m
اړه	ɑ ɽ ə
اړين	ə ɻ i n
اړینه	ɑ ɽ i n ə h
اړیکه	ɑː ɖʐ iː k ə
اکسیجن	ɑ k s i d͡ʒ n
اګل	a ɡ a l
ای	ɑ i
ایازه	i j ɑ z ə
ایالاتو	a j a l a t o
ایستل	ɑ j s t l
ایستلو	ɑ j s t̪ l o
ایښو	ɑ i x o
اې	ɑː eɪ
اېخ	e x
اېسټونيا	e s ʈ o n j ɑ
اېموجي	e m o d͡ʒ i
اېکوادور	e k w ɑ d o r
بابا	b ɑ b ɑ
بابل	b ɑː b l
باد	b ɑ d
بادول	b ɑ d a w ə l
باران	b ɑ r o m
بارول	b ɑ r a w ə l
بارکزی	b ɑ r ə k z a i
بارکړم	b ɑ r k ɻ m
بارکړې	b ɑː r k ɽ e
بازو	b ɑ z u
باغ	b o ɣ
باغته	b ɑ ɣ t ə
باغوان	b ɑ ɣ w ɑ n
باندې	b ɑ n d e
باور	b ɑ w ə r
بايلل	b ɑ i l ə l
باټیک	b ɑ ʈ i k
باکتریا	b ɑ k t ə r i ɑ
باکتریاوې	b ɑ k t r i ɑ w e
باڼه	b ɑ ɳ ə
باید	b ɑ j i d̪
بته	b ə t̪ a
بحر	b h r
بد	b ə d
بدبختي	b ə d b x t i
بدسترګی	b a d s t ə r ɡ a i
بدلاری	b a d l ɑ r a i
بدلول	b ə d̪ l a w ə l
بدلېدل	b a d l e d ə l
بدمخی	b ə d m ə x a i
بدنروغ	b d n r o ɣ
بده	b ə d a
بدپوری	b ə d̪ p o r a ɪ
برابر	b a r ɑ b a r
برابره	b r ɑ b ə r a
برايي	b ə r ɑ j i
بربنډ	b ə r b ə ŋ ɖ
برج	b r a d͡ʒ
برغټ	b ə r ɣ ə ʈ
بریا	b r iː ɑː
بریالۍ	b r ɪ j ɑ l ə i
برې	b ɾ e
برېت	b r e t̪
بزګرې	b z ɡ r e
بسکړل	b s k ɽ l
بغری	b a ɣ a r a ɪ
بغور	b ə ɣ w ə r
بل	b ə l
بلل	b a l ə l
بلله	b ə l l ə
بلکانټینر	b l k ɑː n t iː n r
بلکې	b ə l k e
بلې	b ə l e
بن	b ə n
بند	b ə n d
بنده	b a n d̪ a
بندي	b ə n d̪ i
بندید	b n d i d
بندې	b n d e
بنګېدل	b ə ŋ ɡ e d ə l
به	b a
بهر	b h r
بهرنی	b ə h r n i
بهېدل	b ə h e d ə l
بهېږم	b a h e ɡ ə m
بوتله	b u t ə l ə
بوخت	b o x t̪
بوره	b u r a
بوزېدل	b u z e d ə l
بولم	b o l ə m
بونا	b o n ɑ
بوى	b u j
بوټان	b u ʈ ɑ n
بوټو	b o ʈ o
بوټپوهنه	b u ʈ p o h ə n a
بوځي	b u ʐ i
بوډا	b o ɖ ɑ
بوڼېدل	b u ɳ e d ə l
بوی	b oː iː
بيا	b j ɑ
بيايم	b j ɑ j ə m
بيزو	b i z o
بيه	b i j e
بيول	b i w ə l
بييی	b i j a ɪ
بيژکۍ	b i ʒ a k ə i
بڅرکی	b ə t͡s ə r k a ɪ
بچیان	b ə t͡ʃ iː ɑː n
بچیانو	b ʈ͡ʃ i ɑ n w
بړستن	b ɺ ˞ ə s t ə n
بښنه	p o x t̪ ə n a
بکاڼه	b a k ɑ ɳ a
بڼ	b a ɳ
بڼوال	b ə ɳ w ɑ l
بڼکی	b ə ɳ k a ɪ
بی	b i
بیاګلختمي	b i ɑ ɡ l x t m i
بیا۵	b i ɑ 5
بیر	b i r
بیرته	b i r t ə
بیلګه	b i l ɡ a
بیه	b iː h
بې	b e
بېخي	b e x i
بېرته	b e r t a
بېل	b e l
بېلتون	b e l t̪ u n
بېلولو	b e l o l o
بېړۍ	b e ɽ ə i
تادل	t aː d l
تادې	t ɑː d ə
تازه	t ɑ z a
تاسو	t ɑ s o
تاسورښتونیوی	t a s w r x t w n i w i
تاسې	t ɑ s e
تانوکی	t̪ ɑ n u k a ɪ
تانۀ	t̪ ɑ n ə
تاو	t ɑ w
تاوتریخجنټکونه	t ɑː w t r i x d͡ʒ n ʈ k uː n ə
تاوول	t ɑ w a w ə l
تبا	t b ɑ
تجارت	t d͡ʒ ɑ r ɑ t
تخریب	t̪ ə x r iː b
تخمونه	t ə x m u n ə
تدابیر	t ə d ɑː b iː r
تر	t r
تردې	t r d e
ترسره	t r s r ə
ترشا	t ə r ʃ ɑ
ترلاسه	t r l ɑː s ə
ترمنځ	t ə r m ə n ʐ
تعقیبکړه	t ʕ ɑ q i b k ɽ ə
تقریبا	t ə q r i b ɑ
تقویم	t ɑ q w i m
تقویمونه	t ɑː q w iː m uː n ə
تل	t æ l
تلل	t̪ l ə l
تللو	t ə l l o
تماله	t̪ a m ɑ l a
تمرین	t̪ ə m ɾ iː n
تند	t̪ n d̪
تنظیموي	t n z i m o i
تنفسي	t ə n f s i
تنو	t n o
تنور	t̪ ə n u r
ته	t a
تهو	t ə w o
توازن	t o ɑ z n
توازنیی	t o ɑ z n i i
توان	t̪ o ɑ n
توت	t̪ u t̪
توتي	t̪ u t̪ i
تود	t̪ o d̪
توده	t̪ a w d̪ a
تودوخي	t ə w d u x i
تودوخې	t o d o x e
تور	t̪ o r
تولید	t̪ o l i d̪
تولیدیدل	t o l i d i d ə l
تون	t̪ u n
تويول	t o j a w ə l
توپان	t̪ o p ɑ n
توپیر	t oː p iː r
توکي	t̪ w k iː
توګه	t̪ o ɣ ə
تياره	t̪ iː ɑ ɾ ə
تيپي	t̪ i p i
تږی	t ʂ i
تږییی	t̪ ʐ iː iː iː
تښتید	t ʂ t i d
تکیه	t̪ ə k i j ə
تګنه	t ɡ ə n ə
تڼۍ	t̪ a ɳ ə i
تۀ	t ə
تیر	t i r
تیرید	t iː r iː d
تیریدو	t̪ iː r iː d w
تیرې	t iː r e
تیز	t̪ i z
تیږو	t i ʐ u
تېر	t̪ ɛ r
تېروتل	t̪ e r w a t̪ ə l
تېروتنه	t̪ e r w a t̪ ə n a
تېرۀ	t̪ e r ə
ثابته	θ ɑː b ə t ə
ثانيه	θ ɑː n iː ə
جال	d͡ʒ aː l
جالڅخه	d͡ʒ a l t͡s x a
جام	d͡ʒ ɑ m
جامو	d͡ʒ ɑ m o
جریان	d͡ʒ r i ɑ n
جلا	d ʒ ə l ɑ
جن	d͡ʒ n
جنجالونه	d͡ʒ n d͡ʒ a l o n a
جنکۍ	d͡ʒ i n ə k ə i
جنګ	d͡ʒ ə ŋ ɡ
جنګول	d ʒ a ŋ ɡ a w ə l
جنګيالی	d͡ʒ ə ŋ ɡ j ɑ l a i
جنۍ	d ʒ i n ə i
جهيل	d͡ʒ ə h i l
جهيلونو	d͡ʒ ə h i l w n w
جوړ	d ʒ o ɻ
جوړول	d͡ʒ o ɽ a w ə l
جوړې	j o ɻ ə i̯
جږګی	d͡ʒ ə ɡ ɡ a ɪ
جکړ	d͡ʒ a k a ɽ
جګ	d͡ʒ ɪ ɡ
جګتيا	d͡ʒ ə ɡ t̪ j ɑ
جګړن	d͡ʒ ə ɡ ɺ ˞ ə n
جګړه	d͡ʒ ə ɡ ə ɺ ˞ a
جګړول	d ʒ a ɡ ɺ ˞ a w ə l
جې	d͡ʒ e
جېبوتي	j e b u t̪ i
حاصلاتو	ħ ɑː s ɪ l ɑː t o
حبشې	h ə b ʃ e
حبوباتو	ħ b o b ɑ t o
حجم	ħ ə d͡ʒ m
حرارت	x ɾ ɑ ɾ ə t̪
حرکت	h r k t
حشرات	h ʃ r ɑː t̪
حشره	h ʃ r ə
حل	h l
حلدینود	ħ l d i n o d
حللاره	ħ ə l l ɑ r ə
حمامیا	ħ m ɑ m i ɑ
حوضپوری	ħ o s p o r i
حوضڅخه	ħ o ʈ͡s ə x a
حکیم	h k i m
حیرانتیا	ħ iː r ɑː n t iː ɑː
حیرانوونکی	x iː r ɑː n ʊ w ʊ n k i
حیوان	ħ i w ɑ n
حیواناتو	x i j w ɑ n ɑ t̪ o
خاص	x ɑː s
خام	x ɑ m
خاندي	x ɑ n d i
خانو	x ɑː n w
خاورې	x ɑ w ə ɾ i
خبر	x b ə r
خبرد	x b r d
خبره	x b ə r a
خت	x ə t̪
ختل	x a t̪ ə l
ختيځ	x a t̪ i d͡z
خدای	x u d ɑ j
خدمتګار	x d m t ɡ ɑ r
خدمتګارانې	x ə d ə m t ɡ ɑ r ɑ n e
خرد	x r d
خردرلود	x ə r d̪ ə r l o d̪
خرس	x r s
خرسبیا	x r s b i ɑ
خرسد	x ɾ s d
خرسونو	x ə r s u n o
خرسیو	x r s i w
خطبقه	x t b q ə h
خل	x ə l
خلکو	x l k o
خمچې	x ə m a t͡ʃ e
خو	x o
خوا	x w ɑ
خواشينی	x w ɑ ʃ i n a i
خوامې	x w ɑ m e
خواړه	x w ɑ ɽ a
خواږو	x w ɑ ʐ o
خوبه	x o b a
خوبي	x o b i
خوبڅخه	x o b ʦ x ə
خوبۍ	x o b ə i
خوخرغمجن	x o x r ɣ m ʤ n
خور	x o r
خورا	x oː r ɑː
خورن	x w r n
خوري	x ə w r i
خوزه	x w o z ə
خوشې	x o ʂ e
خوله	x w l ə
خولی	x o l i
خولې	x o l e
خونه	x u n a
خونې	x uː n e
خوه	x w ə h
خويندو	x w i n d o
خوټه	x w ə ʈ a
خوړل	x w a ɽ ə l
خوړنځی	x w ə ɻ ə n d͡z a ɪ
خوږ	x o ɡ
خوښبوی	x o ʈ͡ʂ b o i
خوښشوم	x w ʂ w m
خوښي	x o ʂ i
خوښۍ	x o ʂ e
خيدک	x a i d ə k
خيرن	x i r ə n
خپره	x p r h
خپروي	x p r o i
خپسه	x ə p ə s a
خپله	x p ə l ə
خپلو	x p ə l o
خپلک	x p ə l k
خپه	x ə p a
خپور	x p o ɾ
خپګان	x p ɣ ɑ n
خړ	x ə ɻ
خړه	x ɹ ə
خېل	x e l
خېټه	x e ʈ a
دا	d̪ ɑ
داتمو	d ɑ t m o
داتوازن	d ɑ t w ɑ z n
داد	d ɑ d
دادی	d ɑ d i
دادېوالو	d̪ ɑ d̪ e w ɑ l o
دار	d ɑ r
دارو	d ɑ r u
داسطل	d ɑː s t ə l
داسې	d ɑ s e
دالتهاب	d a l t a h a b
دانه	d ɑ n a
دانګ	ɖ ɑ ŋ ɡ
داړل	d ɑ ɺ ˞ ə l
داگر	d ɑː ɡ r
دایمي	d ɑ i m i
دب	d ə b
دبولو	d b o l o
دد	d d
ددې	d ə d e
در	d a r
درجې	d ə r d͡ʒ e
درد	d ɾ d
درزو	d ə r z o
درزونه	d ə r z u n ə
درزي	d̪ a r z i
درلودله	d ə r l u d ə l ə
درلودلو	d r l uː d l u
درلوده	d r l o d ə
درمل	d̪ a r m a l
درملتون	d̪ ə r m ə l t̪ u n
درملنه	d ə r m ə l ə n ə
درملپوهنه	d̪ ə r m ə l p o h ə n a
درنده	d r n d ə h
درنه	d̪ r ə n a
درنکړم	d ɾ n k ɽ m
دروازه	d r w ɑ z a
دروازې	d r uː ɑ z e
دروبوټ	d r w b w ʈ
دروزه	d̪ r u z a
دروستل	d ə r w ə s t̪ ə l
دروغ	d̪ r o ɣ
دروغوويلو	d r o ɣ o w i l o
دروغویل	d ə r o ɣ o w i l
دروغویلو	d ə r o ɣ o i l o
دروند	d̪ r u ŋ d̪
درکول	d a r k a w ə l
دریم	d ə r i m
درې	d̪ r e
درېدل	d̪ r e d̪ ə l
درېيمه	d ə r e j m ə
درېږم	d a r e ɡ ə m
دشګو	d ʂ ɡ o
دعوه	d̪ ɑ w a
دغه	d̪ ə ɣ a
دقیق	d ə q i q
دلته	d̪ ə l t̪ a
دلی	d̪ l iː
دلیلونه	d ə l iː l oː n ə
دلې	d̪ ə l e
دماغکې	d ə m ɑ ɣ k e
دملکې	d m l k ə i̯
دنیالهشتو	d n i ɑ l ə ʃ t ʊ
دهلیزو	d̪ a h l i z o
دوام	d o ɑ m
دوامداره	d oː ɑː m d ɑː r ə
دواړه	d w ɑ ɻ a
دوبي	d o b i
دوبی	d̪ o b a i
دود	d̪ o d̪
دور	d o r
دوسته	d ʊ s t ə
دولتلیواله	d o l t l i w ɑ l ə
دونه	d̪ o n a
دونو	d o n o
دوه	d w a
دوو	d w w
دوولس	d w o l a s
دويم	d̪ w a i m
دویده	d o i d h
دویو	d o w iː o
ديار	d i ɑ r
ديارلس	d̪ j ɑ r l ə s
دړ	d̪ ə ɺ ˞
دړد	d̪ ə ɺ ˞ d̪
دښته	d ʂ t ə
دکار	d k ɑ r
دی	d̪ a i
دیمن	d iː m n
دیو	d i w
دیچی	d i c i
دې	d̪ e
دېرش	d̪ e r ʃ
دېو	d̪ e o
دېګ	d̪ e ɡ
دېګلی	d̪ e ɡ l a ɪ
ذهني	ð ə h n iː
ذکر	z ɪ k ə r
راتلل	r ɑ t̪ l ə l
راتلونکی	r ɑ t̪ l o n k i
راته	r ɑ t ə
راستنه	r a s t n a
راسې	r ɑ s e
راشي	r ɑ ʃ i
راضي	r ɑ ʈ͡ʂ i
راغ	r a ɣ
راغله	r ɑ ɣ l ə
راغلی	r ɑ ɣ l i
راغلې	r ɑː ɣ l e
رامين	r ɑ m i n
رامینځته	r ɑː m iː n ʈ ə
راننوتې	r ɑ n n o t e
راهیسې	r ɑ h i s e
راوتلی	r aː w t ə l iː
راوستل	r ɑ w ə s t̪ ə l
راولم	r ɑ w a l ə m
راولې	r ɑ w ə l e
راوړئ	r a w ɽ ʔ
راوړل	r ɑ w ɽ ə l
راوړې	r ɑ w r ə
راټولولو	r ɑ ʈ ʊ l ʊ l ʊ
راټولیږي	r ɑː ʈ oː l iː ʐ iː
راځی	r ɑː ʐ i
راښکته	r ɑ x k ə t ə
راکول	r ɑ k a w ə l
رایستل	r ɑ j s t ə l
رت	r ə t
رحم	r a h ə m
رسنۍ	r ə s ə n a i
رسولی	r ə s u l i
رسوي	r ə s w i
رسیدلی	r ə s i d ə l i
رسیږي	r s iː ʒ i
رنډۍ	r ə n ɖ ə i̯
رنګ	r a ŋ ɡ
رنګرومي	r n ɡ r ʊ m i
رنګونه	r n ɡ w n ə
روان	r w ɑ n
روانه	r w a n h
روبوټونه	r o b o ʈ o n a
روسيه	r u s j a
روغتانۀ	r o ɣ t̪ ɑ n ə
روغتون	r o ɣ t̪ u n
روغتيا	r o ɣ t j ɑ
رول	r o l
روښانه	r o ʂ ɑ n a
رګونو	r ɡ uː n u
رڼا	r u ɳ ɑ
ریس	r iː s
ریما	ɾ iː m ɑ
ریګ	r iː ɡ
ریګنه	r iː ɡ ə n ə
رېبز	r e b ə d͡ʒ
زامبه	z ɑ m b a
زامنر	z ɑ m n ə r
زاګرېب	z ɑ ɡ r e b
زاڼه	z ɑ ɳ a
زباتل	z b ɑ t̪ ə l
زبرځواک	z ə b ə r d͡z w ɑ k
زبرګ	z b ə r ɡ
زده	z d̪ a
زرغون	z ə r ɣ u n
زرګونو	z ə r ɡ u n o
زغره	z ɣ a r a
زغمل	z ɣ a m ə l
زلیخا	z ʊ l a i x a
زما	z m ɑ
زمااندازه	z m ɑ ɑ n d ɑ z ə
زمانېښد	z ə m ɑː n e x d
زمری	z m a r a ɪ
زمرۍ	z m a r ə i
زمونږ	z ə m u n ɡ
زموږ	e m i ʒ
زموږګرانې	z ə m o ʒ ɡ r ɑ n e
زنه	z ə n a
زنګونو	z ə ŋ w ə n ə w
زه	z ə
زهر	z ʊ h r
زهرجن	z ɛ h r d͡ʒ n
زهرجندی	z ə h r ʤ ə n d i
زهرجنو	z h r ʒ n o
زهٔ	z ə
زوئلا	z w ə l ɑ
زوړ	z o ɻ
زوی	z o ɪ
زړه	z ɻ ə
زړونو	z ə r o n o
زڼکی	z ɘ ɳ k ɑ i
زیاتوي	z i ɑ t o w i
زیاتکوی	z iː ɑ t k uː i
زیاتې	z i j ɑ t e
زیان	z i ɑ n
زیانمنه	z i ɑ n m ə n ə
زیانمنوي	z i ɑ n m ə n o w i
زیانهم	z j ɑ n ɛ h m
زیانونه	z i ɑ n o n a
زیانونو	z i ɑ n o n o
زیرمه	z i r m ə
زیرکۍ	z iː ɾ k e
زینو	z iː n o
زیور	z i j o r
ساري	s ɑː r i
ساری	s a r i
ساعته	s ɑː ʕ ə t ə
ساعتونو	s ɑː ʕ t o n o
سانتيګراد	s a n t i ɡ r a d
ساپټ	s ɑ p a ʈ
ساړه	s ɑ ɺ̢ ə
ساینسپوهان	s ɑː j n s p w h ɑː n
ساینسپوهانو	s ɑ i n s p o h ɑ n o
سبب	s ə b ə b
سبزي	s b z i
سبزيجاتو	s b z i d͡ʒ a t u
سبزیو	s b z i ʊ
ستا	s t̪ ɑ
ستاسو	s t̪ ɑ s o
ستاسې	s t ɑ s e
ستايل	s t̪ ɑ j ə l
ستر	s t ə r
سترطبیب	s t r ʈ b iː b
سترګه	s t̪ ə r ɡ a
سترګې	s ə t ə r ɡ e
ستنه	s t ə n ə
ستورڅک	s t o r t͡s a k
ستوری	s t̪ o r a ɪ
ستونزو	s ə t u n z ə w
ستړییم	s t̪ ɻ i j i m
سخت	s x t
سخی	s x a ɪ
سرطان	s r t̪ ɑ n
سره	s ə r a
سرو	s r o
سرونو	s r o n o
سروه	s r oː h ə
سرچینو	s ə r tʃ i n o
سزا	s z ɑː
سطحه	s t̪ x ə
سطل	s ʈ l
سفیر	s ə f i ɾ
سل	s ə l
سلطنت	s ə l t ə n ə t
سلفراسید	s ʊ l f r ɑ s i d
سم	s ə m
سمد	s m d
سمندر	s ə m ə n d̪ ə r
سمیر	s ə m iː ɾ
سمیرا	s m iː r ɑ
سندره	s n d r e
سندرې	s n d r e
سنډا	s a n ɖ ɑ
سهارریما	s ə h ɑ r r i m ɑ
سو	s o
سودا	s o d̪ ɑ
سوداګرۍ	s u d ɑ ɡ r e
سور	s u r
سورخالو	s o r x ɑ l o
سورلنډی	s u r l ə n ɖ a i
سورپوستکي	s o r p o s t k i
سوله	s u l h a
سوماليا	s o m ɑ l j ɑ
سومر	s u m ə r
سوډان	s o ɖ ɑ n
سوړ	s o ɻ
سوکالۍ	s o k ɑ l e
سویلي	s o w i l i
سيلۍ	s i l ə i
سيمه	s i m a
سيند	s i n̪ d̪
سټک	s a ʈ a k
سپره	s p ə r a
سپنج	s p ə ŋ d͡ʒ
سپوږمۍ	s p o ɡ m ə i
سپين	s p i n
سپیننسواري	s p iː n n s w ɑ r i
سپیو	s p iː w
سړه	s ə ɻ a
سړو	s ʊ r o
سړي	s ɻ i
سړک	s ɖ k
سړکونو	s ɾ k u n u
سړی	s a ɺ̢ a ɪ
سړییم	s ɽ i j m
سږى	s ə ɡ a ɪ
سکالو	s k ɑ l o
سی	s i
سیمه	s ɪ m ə
سیمې	s i m e
سیند	s iː n d
سیندونو	s i n d o n o
سیوري	s iː j uː r iː
سیټ	s iː ʈ
سېلۍ	s e l ə i
شئ	ʃ ɑː iː
شا	ʃ ɑː
شاته	ʃ ɑː t ə h
شالي	ʃ ɑ l i
شامل	ʃ ɑː m l
شاملیدو	ʂ ɑ m l i d w o
شاهد	ʃ ɑ h e d
شاوخوا	ʃ ɑ w x w ɑ
شاګردانو	ʃ ɑ ɡ ə r d ɑ n o
شاید	ʃ ɑː j ə d
شته	ʃ t̪ e
شتون	ʃ t̪ w n
شدت	ʃ ə d ə t
شدی	ʃ d i
شرمښ	ʃ ə r m ə x
شرمیده	ʃ ə r m i d ə
شرکت	ʂ r k t
شغال	ʃ a ɣ ɑ l
شل	ʃ ə l
شلتالو	ʃ a l t̪ ɑ l u
شلو	ʃ l o
شم	ʃ m
شمسي	ʃ m ʂ i
شمېرپوهنه	ʃ m e r p o h ə n a
شنو	ʃ n oː
شهزادګۍ	ʃ ə h z ɑː d ɡ ə
شو	ʃ oː
شوتالو	ʃ a w t̪ ɑ l u
شور	ʃ uː r
شوملې	ʃ o m l e
شومېر	ʃ u m e r
شوني	ʃ o w n i
شونی	ʃ o n a i
شونیه	ʃ uː n iː ə
شوه	ʃ uː h
شوي	ʃ o w i
شوې	ʃ o w e
شين	ʃ i n
شينو	ʃ i n o
شيګره	ʃ i ɡ a r a
شپاړس	ʃ p ɑ ɺ ˞ ə s
شپه	ʃ p a
شپې	ʃ p eː
شپېته	ʃ p e t ə
شډل	ʃ ə ɖ ə l
شک	ʃ k
شکایت	ʃ k ɑ j i t̪
شکر	ʂ k r
شکل	ʃ k ə l
شکلو	ʃ ʊ k l ʊ
شګو	ʃ ɡ o
شی	ʃ i
شیانو	ʃ i ɑ n o
شیدې	ʃ i d e
شیشې	ʃ i ʃ e
شیه	ʃ i h
صنایعو	s n ɑ j ʕ o
صنعت	ʂ n ʕ t
صنعتونو	s n ʕ ə t̪ o n o
صورت	s o r a t
ضایع	z ɑ i ə ʕ
طالب	t̪ ɑ l ɪ b
طباوانجینرۍ	t ə b ɑ w ɑ n j i n ə r e
طبقه	t ɑ b q ə
طبیعت	t̪ ə b iː ʕ ə t̪
طبیعي	ʈ b iː ʔ iː
طر	ʈ r
طرف	t̪ ɾ ə f
طریقه	ʈ r i q ə
عاد	ʕ ɑ d
عادت	ʕ ɑ d t
عاید	ʕ a j d
عثمانیانو	ʕ o s m ɑ n i ɑ n o
عجبه	ʕ ə d͡ʒ b ə
عدني	ʕ d̪ n i
عرب	ʕ r b
عقل	ɑ q l
عقلۍ	ʕ q l ə i̯
عمر	ʕ u m r
عین	ʕ i n
غالۍ	ɣ ɑ l ə i
غاړی	ɣ ɑ ɻ a i
غاړې	ɣ ɑː r ə
غاښ	ɣ ɑ x
غبرګاوی	ɣ b a r ɡ ɑ w a i
غر	ɣ a r
غرمې	ɣ r m e
غرونو	ɣ r uː n uː
غرڅنی	ɣ a r t͡s ə n a i
غریب	ɣ r i b
غل	ɣ a l
غلا	ɣ l ɑ
غلام	ɣ l ɑː m
غلط	ɣ a l a t̪
غله	ɣ l ə
غلوله	ɣ l uː l ə
غمجن	ɣ a m d͡ʒ a n
غمونه	ɣ ə m u n ə
غن	ɣ n
غندل	ɤ a n d̪ ə l
غنم	ɣ a n ə m
غنماو	ɣ n m ɑ w
غنمبه	ɣ n ə m b ə
غنمو	ɣ n m o
غوا	ɣ w ɑ
غواړم	ɣ w ɑ ɺ̢ ə m
غواړو	ɣ o a r o
غواړي	ɣ w ɑː r i
غوبه	ɣ o b a
غور	ɣ o r
غوره	ɣ w ə r a
غورځ	ɣ oː r ʒ
غورځول	ɣ o r d͡z a w ə l
غورځولې	ɣ o r ʒ o l e
غورځوي	ɣ o ɾ ʝ o j
غوسه	ɣ o s ə
غومبه	ɣ u m b a
غونه	ɣ u n a
غونډ	ɣ w ə ŋ ɖ
غونډیو	ɣ o n d i o
غوول	ɣ o w ə l
غويی	ɣ w a j a ɪ
غوړ	ɣ o ɽ
غوړي	ɣ w a ɺ̢ i
غوږ	ɣ w a ɡ
غوږونه	ɣ w ʐ w n ə
غوږونو	ɣ o ʐ u n o
غوښتنه	ɣ w ɔ x t ə n ə
غوښتنې	ɣ o x t ə n e
غوښتونکی	ɣ o ʂ t o n k i
غوښه	ɣ w a x a
غوښې	ɣ o x ɛ
غویي	ɣ w ə j i
غيم	ɣ ə j ə m
غيڼ	ɣ i ɳ
غټ	ɣ a ʈ
غپا	ɣ a p ɑ
غپل	ɣ a p ə l
غپول	ɣ a p a w ə l
غپېدل	ɣ a p e d ə l
غړومبل	ɣ ɺ̢ u m b ə l
غړی	ɣ ə ɽ a ɪ
غږ	ɣ ʐ
غږواورېد	ɣ ʐ o ɑ w ə r ə d
غږونو	ɣ ʐ w n w
غږېدل	ɣ a ɡ e d̪ ə l
غښتل	ɣ ə x t̪ ə l
غڼه	ɣ ə ɳ a
غیر	ɣ a i r
فابریکو	f ɑ b r ɪ k o
فاطمې	f a t m e
فایبر	f ɑ j b ɾ
فرانس	f r ɑ ŋ s
فرانسه	p r ɑ n s a
فرانسوي	f ə r ɑ n s ə w i
فردوس	f ɪ r d̪ a w s
فضا	f ə z ɑː
فعالوي	f ʕ ɑ l o i
فوټبال	f o ʈ b ɑ l
قاموس	k ɑ m o s
قانعکړي	q ɑː n ʕ k ə ɻ i
قانون	q ɑː n uː n
قرآن	q ɾ ɑ n
قطارونو	q t ɑː r uː n uː
قطر	k a t ə r
قه	q ə
قهر	q ə h r
قوماند	q o m ɑː n d
قوماندانییر	q w m ɑ n d ɑ n i j r
قومن	q oː m n
قوي	q w i
قیمتيملغلرې	q i m t̪ i m l ɣ l ə r e
كاچوغه	k ɑ t͡ʃ o ɣ a
كره	k a r a
كوتره	k a w t̪ ə r a
كوي	k o w i
لا	l ɑ
لار	l ɑ r
لاريون	l ɑ r j u n
لارښوونې	l ɑː r x uː n e
لارۍ	l ɑ r ə i
لارې	l ɑ r e
لاس	l ɑ s
لاسه	l ɑ s ə
لام	l ɑː m
لامبل	l ɑ m b ə l
لامبو	l ɑ m b o
لامل	l ɑ m ə l
لاملکیدی	l ɑ m ə l k i d i
لاندیښمن	l ɑː n d i x m ə n
لاړل	l ɑ r ə l
لاړو	l ɑ r ʊ
لاړې	l ɑː ɾ e
لای	l ɑ j
لخوا	l x w ɑ
لرئ	l ə r ʔ
لرغوني	l r ɣ u n i
لرغونپوهنه	l ə r ɣ u n p o h ə n a
لرغونی	l ə r ɣ oː n iː
لرم	l r m
لرګی	l ə r ɡ a i
لرګیو	l ə r ɡ i w
لرې	l ə r e
لس	l a s
لشه	l a ʃ a
لمانځل	l m ɑ n d͡z ə l
لمر	l a m a r
لمردی	l ə m r ə d i
لمريز	l m a r i z
لمریز	l ə m r iː z
لمسول	l ə m s ə w ə l
لمسی	l m a s a i
لمن	l a m ə n
لمونځ	l m u n d͡z
له	l a
لهشکه	l h ʂ k ə
لوبغاړې	l o b ɣ ɑ ɽ ɛ
لوبول	l o b a w ə l
لوبډلو	l o b ɖ l o
لوبې	l uː b e
لوبېدل	l o b e d ə l
لور	l o r
لورته	l oː r t ə
لوردر	l o r d ə r
لورده	l o r d ə
لوري	l o r i
لوست	l w ə s t̪
لوستل	l w ə s t̪ ə l
لوستلو	l w s t l u
لومړي	l o m ʊ r i
لومړی	l u m ɺ ˞ a i
لومړیتوب	l o m ɻ i t̪ o b
لوند	l u n d̪
لوڅ	l u t͡s
لوړ	l w a ɻ
لوړل	l o ɽ ə l
لوړوي	l ʊ r ʊ j
لوړې	l o ɻ e
لوښي	l o ʃ i
لوڼو	l o ɳ o
لوی	l o i
لویانو	l w j ɑ n w
لویاهد	l uː j aː h d
لویدیځ	l oː iː d iː ʒ
لوین	l w iː n
لویو	l oː iː o
لوېديځ	l o e d̪ i d͡z
ليدل	l i d ə l
ليکوال	l i k w ɑ l
لپه	l a p a
لړم	l a ɻ a m
لړه	l ə ɽ a
لږه	l ʐ ə
لږوو	l ʐ w ə w
لښتو	l ə x t o
لښتي	l x t i
لکه	l k a
لکهګرم	l k h ɡ r m
لګولو	l ɡ o l o
لیدلې	l i d ə l e
لیدو	l i d w
لیرې	l i ɻ e
لیوالتیا	l j o w ɑ l t j ɑ
لېور	l e w a r
لېونی	l e w a n a i
لېونۍ	l e w ə n ə i
لېوۀ	l e w ə
ما	m ɑː
ماته	m ɑ t ə
ماتيږي	m ɑː t̪ iː ʐ iː
ماتی	m ɑː t iː
مارکیټ	m ɑ r k i ʈ
مازدیګر	m ɑ z d̪ i ɡ ə r
ماشومان	m ɑ ʂ o m ɑ n
ماشومانو	m ɑ ʂ o m ɑ n o
ماشی	m ɑ ʃ i
ماشید	m ɑ ʃ i d
ماشین	m ɑ ʃ i n
ماشییو	m ɑ ʃ i j o
مالک	m ɑ l ɪ k
مالکینو	m ɑ l k i n o
مالګه	m ɑ l ɡ a
ماما	m ɑ m ɑ
ماهر	m ɑː h ə r
ماهم	m ɑː h ə m
ماو	m a w
ماښام	m ɑ x ɑ m
ماښامندا	m ɑ ʂ ɑ m n d ɑ
ماښامه	m ɑː x ɑː m a
ماڼۍ	m ɑ ɳ ə i
مایو	m ɑ j o
مترو	m ə t r o
محاسبې	m ħ ɑ s b ɛ
مخ	m ə x
مخالفت	m x a l f t
مختلف	m x t l f
مختلفو	m x t l f o
مخره	m x r ə
مخه	m x a
مخهو	m x w
مخوېينه	m ə x w e j ə n a
مدیر	m ə d i r
مدیریت	m ə d i r i t
مذهب	m a z a b
مر	m ə r
مرخېړی	m a r x e ɺ̢ a i
مرستونی	m r a s t̪ u n a ɪ
مرغ	m r a ɣ
مرغان	m ə r ɣ ɑː n
مرغانو	m r ɣ ɑ n ʊ
مرغه	m a r ɣ a
مرغړی	m a r ɣ a ɺ̢ a i
مرغۀ	m ə r ɣ ə
مرغۍ	m r ɣ ə i̯
مرګ	m a r ɡ
مرګاويا	m ə ɾ ɣ ɑ w j ɑ
مزد	m z d
مزری	m z a r a ɪ
مسؤل	m ə s ʔ ə l
مساح	m s ɑː ħ
مستعمری	m ə s t ʕ m ə r i
مسلمانو	m ə s l i m ɑ n w
مسله	m s l a
مسلې	m ə s l e
مسموم	m ə s m o m
مشر	m ə ʃ r
مشرانوجرګه	m ə ʃ ə r ɑ n o d͡ʒ a r ɡ a
مشرهوه	m ʂ r h w a
مشهور	m ʃ h o ɾ
مشورې	m ʂ o r e
مصر	m i s a r
مصرتمدن	m ə s ɾ t ə m d ə n
مصرف	m ʂ r f
مطالعه	m ə t̪ ɑ l ɛ h ə
مطلب	m t l b
معاشونه	m ʕ ɑ ʃ o n ə
معاینه	m a y n h
معتدل	m uː ʕ t ə d ə l
معدن	m ɑ d̪ ə n
معلومه	m a l o m h
معمولاًاغوندي	m ʕ ə m uː l ɑ ɣ uː n d i
مغز	m ɣ z
مفکوره	m f k oː r ə
مقدار	m q d ɑː r
مل	m ə l
مليکنه	m ə l i k n ə
ملکه	m l k ɛ
ملګري	m ə l ɡ r i
ملګريه	m l ɡ r iː ə
ملګرې	m ə l ɡ ə r e
ملیون	m l iː uː n
ممکن	m m k n
منشي	m ə n ʃ i
منظم	m ʊ n z ə m
منل	m a n ə l
مننه	m ə n ɘ n ə
مننې	m ə n ə n e
منو	m a n o
مني	m a n i
منټ	m ɪ n ə ʈ
منځنی	m ə n d͡z ə n ə i
منډه	m ə n ɖ a
مه	m ə h
مهربانه	m ə h r ə b ɑ n ə
مهمه	m h m a
مو	m u
مواد	m o ɑ d
موادو	m w ɑ d w o
موافقه	m w ɑ f ɪ q ə
موده	m o d a
مودې	m u d e
مور	m o r
موروه	m o r o w ə h
مورې	m w r e
موقعیت	m o q ɑ i t
موند	m o n d
موندل	m u n d̪ ə l
موندلو	m u n d ə l ə w
مونږ	m u n ɡ
موټر	m o ʈ r
موټرد	m oː ʈ r d
موټک	m u ʈ a k
موږ	m i ʒ
موږته	m w ʐ t h a
موږک	m u ɡ ə k
مياشت	m j ɑ ʃ t̪
ميليون	m i l j u n
مينه	m i n a
ميېر	m j e r
مټ	m ə ʈ
مټونګى	m ə ʈ u n ɡ a i
مړشو	m ɔ r ʃ ʊ
مړه	m ə ɽ a
مړۍ	m a ɺ̢ ə i̯
مړې	m ə ɽ e
مګردا	m ɡ r ə d ɑ
مګرولې	m ɡ r uː l e
می	m i
میاشت	m i ɑ ʃ t
میاشتې	m iː ɑː ʂ t e
میرمن	m i r m ə n
میزکې	m i z k e
میلیونو	m i l i w o n w o
مینه	m i n h a
مینځ	m i n ʈ͡s
میوې	m i w e
میږیان	m i ʐ i a n
مۍ	m ə i̯
مې	m e
مېجی	m e ʒ a i
مېخ	m e x
مېرمنې	m e r m ə n e
مېشت	m e ʃ t̪
مېشيکو	m e ʃ i k o
مېشکوړ	m e ʃ k o ɻ
مېلمه	m e l m a
مېله	m e l a
مېلوه	m e l a w a
مېوه	m e w e
مېړګی	m e ɻ ɡ a i
مېړۀ	m e ɻ ə
مېښه	m e x a
نا	n ɑ
نارنجي	n ɑ r ə n d͡ʒ i
ناروغ	n ɑ r o ɣ
ناروغۍ	n ɑ r o ɣ ə i
ناسته	n ɑ s t ə
ناستو	n a s t o
ناسم	n ɑ s ə m
ناوخ	n ɑ w x
ناورین	n ɑ w ɾ iː n
ناوړه	n ɑ w ɽ ə
ناڅاپه	n ɑː ʈʂ ɑː p ə
ناړولی	n ɑ ɻ a w ɘ l a i
ناک	n ɑ k
نبي	n a b i
نجلۍ	n d ʒ ə l ə i
نجونې	n ə d͡ʒ o n e
نرخونه	n ə ɾ x w n ə
نرکاشه	n ə r k ɑ ʃ a
نزدې	n i z d e
نس	n a s
نسواري	n a s w ɑ r i
نش	n ə ʂ
نشئ	n ʂ ə i
نشت	n ə ʃ t̪
نشو	n ə ʃ o
نشوه	n ʃ o a
نشي	n ʂ i
نطفه	n ʊ t̪ f a
نظر	n ʕ ə r
نظريه	n ə z ə r i j ə
نفرت	n ə f r ə t
نفرتوز	n f r t o z
نمرکزونو	n m r k z o n o
نمونځ	ⁿm u ŋ d͡z
نن	n ə n
ننه	n ə n ə
ننو	n n u
ننوتلو	n ə n o t̪ l o
ننوست	n n oː s t
ننګ	n ə ŋ ɡ
نه	n ə
نهغوالرم	n ə ɣ w ɑ l r ə m
نهو	n h o
نهییو	n ə h i j o
نو	n o
نودا	n u d ɑ
نولس	n u l a s
نولسمې	n o l s ə m e
نوم	n o m
نوملړ	n u m l a ɻ
نومونه	n o m u n e
نومونو	n o m u n o
نوي	n a w i
نوکرانو	n w k r ɑ n o
نوکغوڅی	n u k ɣ w ə t͡s a i
نوی	n ə w a i
نویمنځ	n w i m n ʒ
نوۍ	n w ə i
نيا	n j ɑ
نياو	n j ɑ w
نيلي	n i l i
نيمبو	n i m b u
نيوکه	n i w ə k a
نڅا	n ə t͡s a
نړیواله	n r j w ɑ l ə
نړیوالو	n ə ɻ iː w ɑː l o
نړۍ	n ə ɽ ə i
نږدې	n i ɡ d e
نژدې	n i ʒ d e
نښه	n x a
نیسي	n i s i
نیشکیبی	n i ʃ k i b i
نیم	n i m
نیمه	n i m ə
نیول	n iː u l
نیولیوو	n i u l i u w
نیوه	n i o h e
نېغه	n e ɣ a
نېښ	n e ʂ
نېښو	n e ʂ o
هالنډیانو	h ɑ l n ɖ i ɑ n o
هدف	a d ə p
هرحال	h ə ɾ h ɑ l
هرصورت	h ə r s o r t
هره	h ə r ə
هرڅه	h ə r ʂ ə
هرکار	h ə r k ɑ r
هرکله	h ə r k ə l ə
هریو	h ə r i j o
هسک	h a s k
هغو	h ə ɣ o
هل	h ə l
هلته	h a l t a
هلک	h a l ə k
هلکغمجنشو	h ə l k ɣ ə m d͡ʒ n ə ʃ o
هماليۀ	h ɪ m ɑ l ə j ə
همبرداشت	h m b r d ɑ ʃ t
همت	h ə m t
همتوانیدلي	h m t oː ɑː n iː d l iː
همدې	h ʌ m d eɪ
همغږي	h ə m ɣ ʐ i
همېل	a m e l
هورې	h u r e
هوي	h oː iː
هوښيار	h u x j ɑ r
هوښيارزیرک	h o ʈ͡ʂ j a r z i r k
هوښیار	h ə w x i ɑ r
هوښیارتیا	h ʊ x j ɑː r t iː ɑ
هوښیاره	h o x j ɑ r ə
هوښیارییب	h o ʂ j ɑ r i j b
هوکړه	h o k ɻ a
هيله	h i l a
هڅه	h a t͡s a
هڅو	h ə ʂ o
هڅوي	h ə t͡s o j
هڅې	h ə t͡s e
هډوکو	h ʈ w k w
هګیو	h ɡ i o
هګۍ	h ə ɡ ə i
هیل	h i l
هیله	h i l ə
هیوادونه	h iː w ɑ d o n a
هیوادونو	h i w ɑ d w o n o
هیڅوک	h iː ʈ͡s w ə k
هیڅکله	h ɪ ʈ ʂ k ə l ə
هېلۍ	h e l ə i
هېواد	h e w ɑ d̪
وئ	w ə i
واحد	w ɑ h d
واخلئ	w ɑ x l ʔ
واخلم	w ɑ x l m
واخلي	w ɑ x l i
واخیستلاړل	w ɑ x i s t l ɑ ɽ l
واخیسته	w ɑː x iː s t ə
واده	w ɑ d ə
واقعادا	w ɑː q iː ɑː d ɑː
والونه	w ɑ l o n ə
والي	w ɑ l i
واورتون	w ɑ w r a t̪ u n
واوره	w ɑ u̯ r a
واورید	w ɑ w r i d
واورې	w ɑ o r e
واورېد	w a w r e d
واټ	w ɑ ʈ
واټن	w ɑ t n
واړ	w ɑ ɽ
واک	w ɑ k
واکمن	w ɑ k m a n
وایم	w ɑ i m
وایي	w ɑ j i
وباسي	w b ɑ s i
وترنرۍ	w t r n r ə i
وتل	w a t̪ ə l
وتلو	uː t l u
وتښتېدل	w t x t eː d l
وخ	w a x
وختوه	uː x t uː h
وختي	w o x t i
وخندل	w x n d l
وخه	w x ə
وخو	w o x o
ودان	w ə d̪ ɑ n
ودانول	w a d ɑ n a w ə l
ودانۍ	w ɔ d ɑː n ə i
وده	w ə d̪ ə
ور	w a r
وران	w o r ɑː n
ورته	w o r t a
ورزشته	w ə r ʒ ʃ t ə
ورسره	w ə r s r ə
ورسید	w o r s i d
ورسیده	w r s i d h
ورسیږي	w ə r s i ʐ i
ورشو	w a r ʃ o
ورشي	w ə r ʃ i
ورو	w r o ʊ
وروستل	w a r w a s t ə l
وروسته	w o r o s t ə
ورولم	w a r w a l ə m
وروورو	w ə r o w ə r o
وروڼو	w ə r uː n uː
وريجې	w r i d͡ʒ e
وريژې	w r i ʒ e
ورځ	w r a d͡z
ورځده	w ɾ z d a
ورځندا	w r z n d ɑ
ورځو	w o r ʐ o
ورځې	w ə r ʒ e
ورڅخه	w o r t͡s x ə
ورکول	w a r k a w ə l
ورکوله	w r k u l h
ورکولې	w ə r k uː l e
ورکړ	w o r k ɻ
ورکړاو	w ɔ ɾ k ɻ ɑ w
ورکړحمي	w ɾ k ɾ ʔ h m i
ورکړل	w ə r k ɽ ə l
ورکړي	w o r k ʂ i
ورکړې	w o r k ɻ ə i̯
وزله	w z l h
وزن	w z n
وزير	w ə z i r
وزیرستان	w ə z i r ɪ s t̪ ɑ n
وساتی	w s ɑ t i
وسایلو	w s aː j l u
وسپاري	w s p ɑ r i
وشي	w ʂ i
وصیت	w s i t
وضاحت	w ə z ɑ h ə t
وضعیت	w z ʕ i t
وظیفې	w z i f ɛ
وغواړی	w ɣ w ɑ ɽ i
وغوښتل	w ɣ o x t ə l
وفا	w f ɑː
ولاړ	w l a ɽ
ولاړیم	w ə l ɑ r i m
ولسوالي	w ə l ə s w ɑ l i
ولسوالۍ	w ə l ə s w ɑ l ə i
وله	w a l a
ولټوله	w ʊ l t uː l ə
ولیده	w l i d h a
ولېږ	w o l e ʒ
ولېږل	w l e ʐ l
وم	w ə m
ومومئ	w ə m o m ə
ومومي	w m u m i
وموند	w m u n d
وموندلې	w ə m o n d l e
ونشي	v ə n ʃ iː
ونه	w ə n a
ونيو	w n i u
ونډه	w n ɖ a
ونیول	w ə n i o l
ونیوله	w o n i o l ə
وه	w h
وهلې	w h l e
وهي	w ə h i
وو	w o
ووایم	w o ɑ i m
ووهي	w w ə h i
وويل	w o i l
وويلهو	w o w i l ə h o
ووړکی	w o ɺ̢ k a i
ووړکۍ	w o ɺ̢ k ə i
ووړی	w o ɺ ˞ a i
وویل	w w i l
وویلدا	w o i l d̪ ɑ
وویلنه	w w i l n a
ووینه	w o w i n ə
وویو	w o i o
وي	w i
وياړي	w i j ɑ ɽ i
ويده	w i d ə
ويشتل	w i ʃ t ə l
ويل	w i l
ويلواه	w i l w ɑ h
وينم	w i n ə m
وينګ	w a j a ŋ ɡ
ويورکې	w i j o r k e
وييونه	w i j u n a
وييپانګه	w ə j i p ɑ ŋ ɡ a
ويی	w ə j a i
وټاکي	w t ɑ k i
وټه	w ə ʈ a
وڅښي	w t͡s ʂ i
وچلوم	w ə t͡ʃ l o m
وچکړه	w t͡ʃ k ɻ a
وړ	w ə ɻ
وړئ	w ə r ə j
وړاندې	w ɻ ɑ n d e
وړانګې	w r ɑ n ɡ e
وړتیاوو	w ɽ t i ɑ w o
وړل	w ɻ l
وړلی	w r l i
وړيا	w ə ɻ j ɑ
وړی	w r i
وږی	w ə ɡ a i
وږیوی	w ʊ ʒ iː w i
وکاروي	w o k ɑ r o i
وکتل	w k t ə l
وکولیشم	w k o l i ʃ m
وکړ	w k ɽ
وکړئیا	w k ɽ ə i ɑ
وکړم	w k ɖ m
وګوره	w ə ɡ u r ə
وګټو	w ɡ ʈ w ə w
وګړواکي	w ə ɡ ə ɻ w ɑ k i
وګړپوهنه	w ə ɡ ə ɻ p o h ə n a
وګړی	w ə ɡ ə ɻ a i
وی	w iː
ویج	uː iː d͡ʒ
ویجاړونکی	w iː d͡ʒ ɑː ɻ o n k i
ویده	v iː d ə
ویره	w iː r ə
ویرهیی	w iː r ə h iː
ویزه	w i z h a
ویشي	w i ʃ i
ویلد	w i l d
ویلزه	w i l z ə
ویلو	w i l o
ویلي	w i l i
وینې	w i n e
ویښتان	v iː ʂ t ɑː n
ویښتانو	w i ʂ t ɑ n o
ویښته	w iː x t ə
ویښتهیی	w iː ʂ t ə h iː
ویې	w iː e
وېره	w e r a
وېرول	w e r a w ə l
وېرېدل	w e r e d ə l
وېرېږم	w e r e ʐ m
وېرېږه	w e ɾ e ʐ h a
وېښتان	w e ʃ t̪ ɑ n
وېښته	w e x t ə
ياله	j ɑ l ə
يم	j ə m
يهک	j h a k
يو	j a w
يوازېتو	j o ɑ z e t o
يوم	j u m
يونی	y u n a i
يوهنخيتار	j o h ə n x i t ɑ r
يوولس	j a w o l a s
يې	j e
ُته	ʔ t̪ ə
ټاپو	ʈ ɑ p u
ټاکلي	ʈ ɑ k l i
ټاکلې	ʈ ɑ k ə l e
ټبر	ʈ a b a r
ټماټر	ʈ a m ɑ ʈ ə r
ټنډه	ʈ ə n ɖ a
ټو	ʈ o
ټول	t̪ o l
ټولد	ʈ o l d
ټوللاغمجن	ʈ uː l l ɑː ɣ m d͡ʒ n
ټولنیزه	ʈ o l n i z a
ټوټه	ʈ o ʈ ə
ټوپکی	ʈ u p a k a i
ټوکر	ʈ u k ə r
ټوکه	ʈ o k a
ټوکو	ʈ w k u
ټوکي	ʈ o k i
ټينګ	ʈ i ŋ ɡ
ټپاکی	ʈ u p ɑ k a i
ټینګار	ʈ i n ɡ ɑ r
پارسه	p ɑ r s a
پارسیوان	p ɑ r s i w ɑ n
پامدور	p ɑ m a d̪ o r
پامیی	p ɑː m iː j
پاي	p ɑ j
پايله	p ɑ i l a
پايول	p ɑ y a w ə l
پاڅیدم	p ɑ ʈ͡s i d ə m
پاچاهۍ	p ɑ t͡ʃ ɑ h ə i
پاړو	p ɑ ɻ u
پاکستان	p ɑ k ɪ s t̪ ɑ n
پاکوونکو	p aː k uː w n k u
پاککړئ	p ɑ k k r ʔ
پاککیدی	p ɑ k k i d i
پاڼه	p ɑ ɳ a
پایلوڅخه	p ɑ i l u t͡s x ə
پایه	p ɑ j e
پت	p a t̪
پتخ	p a t a x
پتخه	p a t̪ ə x a
پتنګ	p a t̪ a ŋ ɡ
پخلی	p ə x l a i̯
پخوراکي	p x o r ɑ k i
پخول	p a x a w ə l
پخپله	p ə x p ə l ə
پدی	p ə d i
پدیده	p ə d i d ə h ə
پراته	p r ɑ t ə
پراختیا	p r ɑː x t iː ɑː
پراخې	p ɾ ɑː x e
پرانستل	p r ɑː n s t l
پرانستله	p r ɑ n s t l ə
پرانیستله	p r ɑ n i s t l ə
پرتله	p a r t̪ a l a
پرته	p ə r t ə h
پرتوګ	p a r t̪ u ɡ
پرواۍ	p r w ɑ e
پروت	p r o t̪
پروسې	p ɾ u s e
پروړه	p r o ɻ a
پرځای	p r z aː j
پرېز	p a r e z
پرېکړه	p r e k ɻ a
پسرل	p s r l
پسرلی	p ə s ə r l a i
پسه	p s ə
پسې	p ə s e
پشۍ	p ə ʃ ə i̯
پلاره	p l ɑ ɾ ə
پلاروصیت	p l ɑ r o s i t
پلاز	p l ɑ z
پلازمېنه	p l ɑ z m e n a
پلاله	p a l ɑ l a
پلم	p ɪ l m
پلورل	p l o r ə l
پلورنځي	p ə l o ɾ n d͡z i
پلورونکو	p l ɔ r ʊ n k ʊ
پلورونکي	p l o r o n k i
پلورونکې	p l w r u n k e
پلی	p l iː
پمنکی	p a m a n k a ɪ
پناه	p ə n ɑː h
پنجره	p ə n d͡ʒ r ə h
پنير	p a n i r
پنځلس	p i n d z ə l a s
پنځه	p i n d z ə
پنځوس	p ə n d z o s
پنځپوهنه	p ə ŋ d͡z p o h ə n a
پنډوس	p ə n ɖ u s
پوخ	p o ʊ x
پوستکي	p w s t̪ k iː
پوستکی	p o s t k i
پوله	p u l a
پوليس	p o l i s
پوه	p o h
پوهان	p o h ɑ n
پوهاند	p o h ɑ n d
پوهنتونو	p o h n ə t o n o
پوهنه	p o h ə n a
پوهیدم	p o h i d ə m
پوهیږئ	p o h i ʐ ʔ
پوهیږم	p o h i ʐ m
پوهیږي	p o h i ʐ i
پوهې	p o h e
پوهېدل	p o h e d ə l
پوهېږې	p o h e ʐ e
پوڅه	p o t͡s a
پوښتلڅه	p o x t l ʦ ɑ
پيشو	p i ʃ o
پيل	p a ɪ l
پټي	p ʈ i
پړانګ	p ɽ ɑ ŋ ɡ
پړسوب	p a ɻ s o b
پښتنه	p a x t̪ a n a
پښه	p x a
پښیمانه	p ə x i m ɑ n ə
پکان	p a k ɑ n
پیدا	p i d ɑ
پیرودلو	p i r o d̪ l o
پیرودونکي	p i ɾ u d u n k i
پیروي	p i r o i
پیسې	p i s e
پیغام	p i ɣ ɑ m
پیل	p i l
پیړیو	p iː ɽ iː w
پیژندلو	p i ʒ n d l ʊ
پیښه	p i x ə
پیښیږي	p i ʂ i ʐ i
پې	p e
پېرل	p e r ə l
پېړۍ	p e ɻ ə i
ځار	d͡z ɑ r
ځان	d z ɑ n
ځانه	ʐ ɑ n a
ځای	d͡z i
ځایه	ʐ ɑː j ə
ځایونه	ʒ ɑ j ə w ə n ə
ځایونو	ʐ ɑː j w n w
ځغلم	d z ɣ ə l ə m
ځغلول	d z ɣ ə l a w ə l
ځل	d͡z ə l
ځلانده	ʐ l ɑ n d ə
ځلمی	z ɘ l m ɑ i
ځله	ʈʂ l ə
ځلی	z l i
ځمکه	t͡s m k e
ځمکپوهنه	d͡z m ə k p o h ə n a
ځنګل	d͡z ə ŋ ɡ ə l
ځنګلونو	ʣ ə ŋ g l w n w
ځواب	ʣ w ɑ b
ځوان	d͡z w ɑ n
ځواک	d͡z w ɑ k
ځيرک	d͡z i r a k
ځينې	d z i n e
ځړول	t͡s ɽ u l
ځکمی	ʈʂ k ə m i
ځکه	d͡z ə k a
ځی	d͡z a i
ځینو	ʐ i n o
ځینې	ʣ i n e
ځې	d͡z e
ځېل	d͡z e l
څادر	t͡s ɑ d̪ a r
څارونکى	t͡s ɑ r u n k a ɪ ɪ
څاروى	t͡s ɑ r w a ɪ
څارویو	t͡s ɑ r o v i o
څاوار	t͡s ɑ w ɑ r
څاپېړه	t͡s ɑ p e ɽ a
څاښکه	s ɑ x k a
څراغولری	t͡s ə ɾ ɑ ɣ o l ə ɾ i
څرخول	t s a r x a w ə l
څرخیدل	ʂ r x i d l
څرخیدو	ʈ͡s r x i d w
څرګند	t͡s ə r ɡ ə ŋ d̪
څرګنده	ʈʂ r ɡ n d ə
څنډه	t s ə n ɖ a
څنګ	t s a n ɡ
څنګل	t͡s ə ŋ ɡ ə l
څنګه	ʈ͡s n ɡ ə
څو	t͡s o
څوارلس	t s w ɑ r l a s
څومره	t͡s u m r a
څونوټ	t͡s o n o ʈ
څوک	t͡s o k
څټک	t͡s a ʈ a k
څپلۍ	t͡s a p l ə i
څپېړه	t͡s a p e ɽ a
څښاک	t͡s x ɑ k
څښتن	ʦ ɑː t n
څښم	ʦ ʊ m
څښي	ʈ͡ʂ ə x i
څکل	t s k a l
څکه	t͡s ə k a
څیرې	t͡s i r e
څیړنې	ʂ iː r n e
څېره	t s e r a
څېړنه	t͡s e ɻ ə n a
چا	tʃ aː
چارې	t͡ʃ ɑ ɾ ɛ
چاقور	t͡ʃ aː q u r
چاينک	t͡ʃ ɑ i n ə k
چاپیریال	t͡ʃ ɑ p i r i ɑ l
چاکلیټ	t͡ʃ a k l i t
چلوله	t͡ʃ l ʊ l ə
چلولو	t͡ʃ l w l w
چم	t͡ʃ m
چورلکه	t͡ʃ u r l ə k a
چونګښې	t͡ʃ uː ŋ x e
چوپړ	t͡ʃ o p ə ɻ
چوڼيا	t͡ʃ u ɳ j ɑ
چيچل	t ʃ i t ʃ ə l
چیت	t͡ʃ i t̪
چیر	t͡ʃ i r
چیغې	t͡ʃ i ɣ ɛ
چیو	tʃ iː oː
چیچلو	t͡ʃ i t͡ʃ l w
ډا	ɖ ɑ
ډالره	ɖ ɑ l ə ɾ ə
ډانډ	ɖ ɑ ŋ ɖ
ډاډ	ɖ ɑ ɖ
ډاکو	ɖ ɑ k u
ډاکټرانو	ɖ ɑː k t r ɑː n o
ډای	ɖ ɑ i
ډبرو	ɖ b ə r o
ډبل	ɖ a b ə l
ډبلده	ɖ b ə l d ə h
ډریور	ɖ r iː w ə r
ډز	ɖ a z
ډله	ɖ a l a
ډنډ	ɖ a n ɖ
ډنګر	ɖ a ŋ ɡ ə r
ډولهمېږيان	ɖ o l ə m e ʐ i ɑ n
ډولو	ɖ o l o
ډولونه	ɖ o l o n h
ډولي	ɖ ə ʊ l i
ډوډۍ	ɖ o ɖ ə i
ډډه	ɖ ɖ ə h
ډک	ɖ a k
ډکتاج	ɖ k t ɑ ʤ
ډکدی	ɖ k ə d i
ډکه	ɖ k a
ډکیو	ɖ k iː oː
ډګرونو	ɖ ə ɡ r ə w ə n ə w
ډګه	ɖ a ɡ a
ډیرو	ɖ i r o
ډیری	ɖ i r i
ډېر	ɖ e r
ډېره	ɖ e r ə
ډېرې	ɖ e r e
ړنګې	ɽ n ɡ e
ړومبی	ɺ ˞ u m b a i
ږغېدل	ʐ a ɣ e d ə l
ژامه	ʒ ɑ m a
ژباړل	ʒ b ɑ ɻ ə l
ژبه	ʒ ə b ə
ژبپوهنه	ʒ ə b p o h ə n a
ژبکۍ	ʒ a b a k ə i
ژر	ʐ ɾ
ژررانه	ʒ r r ɑː n ə
ژره	ʐ r ə
ژغورلې	ʐ ɣ o r l ə i̯
ژمي	ʒ ə m i
ژو	ʐ o
ژوروالی	ʐ o r w a l i
ژوند	ʒ w ə n d̪
ژوندينکه	ʒ w a n d̪ i n a k a
ژوندپوهنه	ʒ w a n d p o h ə n a
ژوندی	ʒ w ə n d̪ a i
ژوپوهنه	ʒ o p o h ə n a
ژګاګ	ʒ ɪ ɡ ɑ ɡ
ژېړ	z j a ɻ
ښاد	ʂ ɑ d
ښار	x ɑ r
ښارونه	x ɑ r o n a
ښامار	x ɑ m ɑ r
ښايي	x ɑ y i
ښخو	x x o
ښه	x a
ښود	x u d
ښودل	x ʊ d l
ښودلې	ʂ o d l e
ښوونه	x w u n a
ښوونځي	x uː n ʣ i
ښوونکی	x o w u n k a ɪ
ښوونکې	x o w u n k e
ښوویل	x o w i l
ښځه	x ə d͡z a
ښځينه	x ə z i n a
ښځی	x z i
ښځې	x ʈʂ e
ښکار	x k ɑ r
ښکاره	x k ɑ r a
ښکارکوونکو	x k ɑː r k w w n k w
ښکلی	x k w ə l a i
ښکلیدیزه	x k ə l i d i z ə
ښکنځل	x k ə n d͡z ə l
ښیي	x iː i
کابل	k ɑ b ə l
کاربن	k ɑ r b ə n
کاره	k ɑː r ə
کاروان	k a r w a n
کاف	k ɑː f
کافی	k ɑ f i
کافیی	k ɑ f i j
کال	k ɑ l
کالنی	k ɑ l a n a i
کالي	k ɑ l i
کان	k ɑː n
کانټینر	k ɑ n ʈ i n r
کاپيوره	k ɑ p i w a r a
کاګل	k ɑ ɡ ə l
کب	k a b
کبانو	k ə b ɑː n o
کبنیونکو	k b n i u n k u
کتل	k a t ə l
کتلرامين	k t l r a m i n
کثافا	k ʂ ɑ f ɑ
کثافات	k ə s ɑ f ɑ t
کرل	k ə r ə l
کرنه	k r ə n ə
کرنې	k r n e
کرون	k ɾ o n
کرکره	k a r k a r a
کریم	k r iː m
کس	k ə s
کسانو	k s ɑ n u
کسم	k ə s ə m
کسوویلزه	k s u w i l z a
کشف	k ʃ f
کلتور	k ʊ l t̪ u r
کلمګ	k l m ɡ
کلنۍ	k ə l n e
کلونو	k l o n o
کلک	k l a k
کلکوالى	k l a k w ɑ l a ɪ
کلی	k ə l a ɪ
کمزوری	k m z uː r i
کمزوریتوب	k m z o r i t o b
کمولو	k m w l w
کمپیوټر	k m p i w ʈ r
کمښت	k ʊ m x t
کمې	k m eː
کندهار	k a n d̪ a h ɑ r
کنګال	k a n ɡ ɑ l
کنګل	k n ɡ l
که	k ə
کو	k o
کوئ	k w ʔ
کوبا	k u b ɑ
کور	k o r
کوربه	k o r b a
کورله	k o r l ə
کورنه	k o r n a
کورنۍ	k o r a n ə i̯
کوس	k w ə s
کوشلرغونی	k o ʂ l r ɣ o n i
کول	k a w ə l
کولای	k ʊ l ɑ i
کولوومور	k o l o w o m o r
کومی	k u m a i
کونج	k uː n d͡ʒ
کونه	k w ə n a
کونړ	k u n a ɻ
کونګرى	k u n ɡ r a ɪ
کوو	k o w
کوونکی	k o w o n k i
کوونکې	k o w u n k e
کوي	k o j
کوټ	k o ʈ
کوټه	k o ʈ a
کوټې	k ʊ ʈ ə i
کوڅې	k o t͡s e
کوچني	k o t͡ʃ n i
کوچنی	k u t͡ʃ n a i
کوڼ	k u ɳ
کوی	k w i
کوې	k o e
کڅوړو	k ʈʂ oː ɖʐ oː
کڅوړوبارکول	k t͡s o ɽ o b ɑ r k u l
کچالو	k ʊ t͡ʃ ɑː l o
کړ	k ə ɻ
کړئ	k ɻ ə
کړئیا	k ɹ ə iː ɑː
کړل	k ɽ l
کړم	k ɽ m
کړو	k ɽ u
کړي	k ə ɽ i
کړک	k ɚ k
کړکۍ	k ə r k ə j
کړیوه	k ɹ iː oː h ə
کړې	k ə ɽ e
کښت	k x t
کښتاندونیزیا	k ʂ t ɑ n d o n i z i ɑ
کښې	k x e
ککړ	k k ɻ
ککړونکي	k k ɚ o n k i
کیفیت	k i f i t
کیله	k i l ə
کیلومتره	k i l o m t̪ r e
کیلوګرامه	k i l o ɡ r ɑ m a
کیمیاوي	k i m i ɑ w i
کیمیاوی	k i m i ɑ w i
کیند	k i n d
کینم	k iː n ʊ m
کیږم	k i ʂ m
کیږی	k iː ʒ iː
کیښودل	k i x o d ə l
کېدای	k e d ɑ j
کېدل	k e d ə l
کېهګۍ	k ə i̯ h ɡ ə i̯
کېو	k eː o
کېږ	k e ʐ
کېږيو	k e ʐ i o
کېښود	k e x o d
کېښوده	k e x u d a
کېښودې	k e x o d e
کېیخ	k eː j x
کېیو	k eɪ j oː
ګازونه	ɡ ɑ z u n e
ګاونډ	ɡ ɑ w n ɖ
ګاونډیو	ɡ ɑ w n ɖ i w o
ګاډی	ɡ ɑ ɖ a ɪ
ګاڼه	ɡ ɑ ɳ a
ګبين	ɡ a b i n
ګرانو	ɡ ə ɾ ɑ n o
ګرانی	g r ɑ n i
ګراوه	ɡ r ɑ w ə
ګرد	ɡ ə r d
ګردی	ɡ ə r d̪ a i
ګرمدیځ	ɡ r m d i ʐ
ګرمي	ɡ a r m i
ګروه	ɡ r o h
ګرځیځکه	ɡ r ʐ i ʐ k ə
ګرځېدل	ɡ ə r d͡z e d̪ ə l
ګلابي	ɡ w ə l ɑ b i
ګلان	ɡ l ɑ n
ګلانو	ɡ l a n u
ګنده	s x ɑ
ګنډل	ɡ a n ɖ ə l
ګهيځ	ɡ ə h i d͡z
ګواښوي	ɡ w ɑ ʂ o i
ګودر	ɡ u d̪ a r
ګورل	ɡ o r ə l
ګورم	ɡ o r ə m
ګورمنوکله	ɡ o r m n o k l e
ګوره	ɡ oː r ə
ګورې	ɡ o r e
ګول	ɡ o l
ګولساتونکی	ɡ o l s ɑ t o n k i
ګوړه	ɡ w ə ɽ a
ګيټۍ	ɡ i ʈ ə i
ګټل	ɡ a ʈ ə l
ګټه	ɡ ə ʈ a
ګټوره	ɡ ʈ oː r ə
ګټورې	ɡ ʈ o r e
ګډون	ɡ a ɖ u n
ګډوډ	ɡ ə ɖ w ɖ
ګډوډۍ	g ɖ w ɖ ə i
ګډی	ɡ ə ɖ a ɪ
ګډېدل	ɡ a ɖ e d ə l
ګړدود	ɡ ə ɻ d̪ o d̪
ګړند	ɡ ʂ n d
ګړندي	ɡ ɻ n d i
ګړندی	ɡ ə ɺ̢ a n ɖ a i
ګڼ	ɡ a ɳ
ګڼل	ɡ a ɳ ə l
ګڼي	ɡ ə ɳ i
ګۍ	ɡ e
ګېنډی	ɡ e n ɖ a ɪ
ګېډه	ɡ e ɖ a
ڼږ	ɳ ʒ
یاد	j ɑː d
یادیږی	j ɑ d i ʐ i
یخپوښول	j x p o ʂ o l
یلد	j ə l d̪
یمزه	y m z h
یوازې	y o a z e
یوربشې	j o r b ə ʂ e
یوروباټ	j o r o b ɑ ʈ
یوروبایوازې	j o ɾ o b ɑ j w ɑ z e
یوسف	i o s f
یوسي	j o w s i
یوه	j o ə
یوهلښته	j o h l ʂ t ə
یوې	j o e
ییه	j i ə
۷۳۰	s ɛ v ɛ n θ r i z ɛ r o
