<|असम|>অংক	ɔ ŋ k ɔ
<|असम|>অংগ	ɔ ŋ ɡ ɔ
<|असम|>অইন	ɔ ɪ n
<|असम|>অকলশৰীয়া	ɔ k ɔ l x ɔ ɹ i a
<|असम|>অকলে	ɔ k ɔ l ɛ
<|असम|>অনুবাদ	ɔ n u b a d
<|असम|>অন্য	ɔ ɪ n n ɔ
<|असम|>অবৈধ	ɔ b ɔ ɪ d ɦ ɔ
<|असम|>অভাৱ	ɔ bʱ a w
<|असम|>অমিয়	ɔ m i ɔ
<|असम|>অলপ	ɔ l ɔ p
<|असम|>অশোক	ɔ x ʊ k
<|असम|>অসম	ɔ x ɔ m
<|असम|>অসমীয়া	ɔ x o m i a
<|असम|>অহা	ɔ ɦ a
<|असम|>আঁক	ã k
<|असम|>আঁকা	ã k a
<|असम|>আঁচ	ã s
<|असम|>আঁচনি	ã s ɔ n i
<|असम|>আঁচোৰ	ã s ʊ ɹ
<|असम|>আঁঠু	ã tʰ u
<|असम|>আঁত	ã t
<|असम|>আই	a ɪ
<|असम|>আইনা	a ɪ n a
<|असम|>আখি	a kʰ i
<|असम|>আগ	a ɡ
<|असम|>আগতীয়াকৈ	a ɡ ɔ t i a k o ɪ
<|असम|>আগতে	a ɡ ɔ t ɛ
<|असम|>আগেয়ে	a ɡ ɛ ɛ
<|असम|>আঘোণ	a ɡʱ ʊ n
<|असम|>আঙঠা	a ŋ ɔ tʰ a
<|असम|>আঙঠি	a ŋ ɔ tʰ i
<|असम|>আঙুলি	a ŋ u l i
<|असम|>আচল	a s ɔ l
<|असम|>আচহুৱা	a s ɔ ɦ u a
<|असम|>আছে	a s ɛ
<|असम|>আজান	a z a n
<|असम|>আঞ্জা	a n z a
<|असम|>আঠ	a tʰ
<|असम|>আঢ়ৈ	a ɹʱ o ɪ
<|असम|>আতৰ	a t ɔ ɹ
<|असम|>আথৰ	a tʰ ɔ ɹ
<|असम|>আদা	a d a
<|असम|>আদালত	a d a l ɔ t
<|असम|>আদৰ	a d ɔ ɹ
<|असम|>আধা	a dʱ a
<|असम|>আধিপত্য	a dʱ i p ɔ ɪ t t ɔ
<|असम|>আন	a n
<|असम|>আনা	a n a
<|असम|>আন্দাজ	a n d a z
<|असम|>আপুনি	a p u n i
<|असम|>আপেল	a p ɛ l
<|असम|>আপোনাৰ	a p ʊ n a ɹ
<|असम|>আফিং	a pʰ i ŋ
<|असम|>আম	a m
<|असम|>আমি	a m i
<|असम|>আম্মা	a m m a
<|असम|>আয়	a j
<|असम|>আলহী	a l ɔ ɦ i
<|असम|>আলু	a l u
<|असम|>আশী	a x i
<|असम|>আহা	a ɦ a
<|असम|>আৰু	a ɹ u
<|असम|>আৰ্হি	a ɹ ɦ i
<|असम|>ইকৰা	i k ɔ ɹ a
<|असम|>ইতিহাস	i t i ɦ a x
<|असम|>ইতৰ	i t ɔ ɹ
<|असम|>ইমান	i m a n
<|असम|>ইয়াত	i a t
<|असम|>ঈশ্বৰ	i s s ɔ ɹ
<|असम|>উঁই	ũ i
<|असम|>উঘাল	u ɡʱ a l
<|असम|>উজনি	u z ɔ n i
<|असम|>উট	u t
<|असम|>উদ	u d
<|असम|>উমনি	u m ɔ n i
<|असम|>উলিওৱা	u l i ʊ a
<|असम|>উলুপী	u l u p i
<|असम|>এই	ɛ i
<|असम|>এইটো	ɛ i t ʊ
<|असम|>এওঁ	ɛ ʊ̃
<|असम|>একাডেমি	ɛ k a d ɛ m i
<|असम|>একে	ɛ k ɛ
<|असम|>একেলেথাৰিয়ে	ɛ k ɛ l ɛ tʰ a ɹ i ɛ
<|असम|>একো	ɛ k ʊ
<|असम|>এখেত	ɛ kʰ ɛ t
<|असम|>এঙাৰ	ɛ ŋ a ɹ
<|असम|>এটা	ɛ t a
<|असम|>এতিয়া	ɛ t i a
<|असम|>এনেকৈ	ɛ n ɛ k o ɪ
<|असम|>এন্ধাৰ	ɛ n dʱ a ɹ
<|असम|>এলেহুৱা	ɛ l ɛ ɦ u a
<|असम|>এশ	ɛ x ɔ
<|असम|>এহেজাৰ	ɛ ɦ ɛ z a ɹ
<|असम|>এৰা	ɛ ɹ a
<|असम|>ঐতিহ্য	ɔ i t i d ʑ ɔ
<|असम|>ওকালতি	ʊ k a l ɔ t i
<|असम|>ওখ	ʊ kʰ ɒ
<|असम|>ওচৰ	ʊ s ɔ ɹ
<|असम|>ওজন	ʊ z ɔ n
<|असम|>ওঠৰ	ʊ tʰ ɔ ɹ ɔ
<|असम|>ওপঙা	ʊ p ɔ ŋ a
<|असम|>ওপৰ	ʊ p ɔ ɹ
<|असम|>ওলগ	ʊ l ɔ ɡ
<|असम|>ওলা	ʊ l a
<|असम|>ওলোটা	ʊ l ʊ t a
<|असम|>ওলোমোৱা	ʊ l ʊ m ʊ a
<|असम|>ওলোৱা	ʊ l ʊ a
<|असम|>ওস্তাদ	ʊ s t a d
<|असम|>ওৰ	ʊ ɹ
<|असम|>ওৰণি	ʊ ɹ ɔ n i
<|असम|>কঁঠাল	k ɔ̃ tʰ a l
<|असम|>কইনা	k ɔ ɪ n a
<|असम|>কটা	k ɔ t a
<|असम|>কঢ়া	k ɔ ɹʱ a
<|असम|>কণা	k ɔ n a
<|असम|>কথা	k ɔ tʰ a
<|असम|>কপাহ	k ɔ p aʱ
<|असम|>কপৌ	k ɔ p o ʊ
<|असम|>কবি	k ɔ b i
<|असम|>কম	k ɔ m
<|असम|>কমা	k ɔ m a
<|असम|>কমাৰ	k ɔ m a ɹ
<|असम|>কলডিল	k ɔ l d i l
<|असम|>কলম	k ɔ l ɔ m
<|असम|>কলিকতা	k ɔ l i k ɔ t a
<|असम|>কাঁইট	k ã i t
<|असम|>কাঁচি	k ã s i
<|असम|>কাঁড়	k ã ɹ
<|असम|>কাঁহী	k ã ɦ i
<|असम|>কাউৰী	k a u ɹ i
<|असम|>কাগজ	k a ɡ ɔ z
<|असम|>কাছ	k a s ɔ
<|असम|>কাজ	k a z
<|असम|>কাট	k a t
<|असम|>কাঠ	k a tʰ
<|असम|>কাণ	k a n
<|असम|>কানাই	k a n a ɪ
<|असम|>কানু	k a n u
<|असम|>কাপোৰ	k a p ʊ ɹ
<|असम|>কামি	k a m i
<|असम|>কাশ্মীৰ	k a s m i ɹ
<|असम|>কাহ	k aʱ
<|असम|>কাৱৈ	k a o ɪ
<|असम|>কি	k i
<|असम|>কিছু	k i s u
<|असम|>কিছুমান	k i s u m a n
<|असम|>কিতাপ	k i t a p
<|असम|>কিনা	k i n a
<|असम|>কিন্তু	k i n t u
<|असम|>কিবা	k i b a
<|असम|>কিমান	k i m a n
<|असम|>কিয়	k i ɔ
<|असम|>কুঁৱৰী	k ũ ɔ ɹ i
<|असम|>কুকুৰ	k u k u ɹ
<|असम|>কুকুৰা	k u k u ɹ a
<|असम|>কুটুম	k u t u m
<|असम|>কুঠাৰ	k u tʰ a ɹ
<|असम|>কুমাৰ	k u m a ɹ
<|असम|>কুৰুই	k u ɹ u i
<|असम|>কুৰুৱা	k u ɹ u a
<|असम|>কৃষ্ণ	k ɹ i s n ɔ
<|असम|>কেঁচা	k ẽ s a
<|असम|>কেঁচুৱা	k ẽ s u a
<|असम|>কেতিয়াবা	k ɛ t i a b a
<|असम|>কেনে	k ɛ n ɛ
<|असम|>কেনেকুৱা	k ɛ n ɛ k u a
<|असम|>কেনেকৈ	k ɛ n ɛ k o ɪ
<|असम|>কেনেবাকৈ	k ɛ n ɛ b a k o ɪ
<|असम|>কেন্দ্ৰ	k ɛ n d ɹ ɔ
<|असम|>কোঁৱৰ	k ʊ̃ ɔ ɹ
<|असम|>কোটি	k ʊ t i
<|असम|>কোন	k ʊ n
<|असम|>কোনোবা	k ʊ n ʊ b a
<|असम|>কৰ	k ɔ ɹ
<|असम|>কৰোৱা	k ɔ ɹ ʊ a
<|असम|>ক’ৰবাত	k ó ɹ b a t
<|असम|>খানচামা	kʰ a n s a m a
<|असम|>খাল	kʰ a l
<|असम|>খুচুৰা	kʰ u s u ɹ a
<|असम|>খুটি	kʰ u t i
<|असम|>খুৰী	kʰ u ɹ i
<|असम|>খেদা	kʰ ɛ d a
<|असम|>খেলনা	kʰ ɛ l n a
<|असम|>খেলুৱৈ	kʰ ɛ l u o ɪ
<|असम|>খোলা	kʰ ʊ l a
<|असम|>খৰ	kʰ ɔ ɹ
<|असम|>খৰালি	kʰ ɔ ɹ a l i
<|असम|>গছ	ɡ ɔ s
<|असम|>গজালি	ɡ ɔ z a l i
<|असम|>গঢ়া	ɡ ɔ ɹʱ a
<|असम|>গধুৰ	ɡ ɔ dʱ u ɹ
<|असम|>গধূলি	ɡ ɔ dʱ u l i
<|असम|>গম	ɡ ɔ m
<|असम|>গল	ɡ ɔ l
<|असम|>গহনা	ɡ ɔ ɦ ɔ n a
<|असम|>গা	ɡ aː
<|असम|>গাঁও	ɡ ã ʊ
<|असम|>গাঁঠি	ɡ ã tʰ i
<|असम|>গাই	ɡ a ɪ
<|असम|>গাধ	ɡ a dʱ ɔ
<|असम|>গাভৰু	ɡ a bʱ ɔ ɹ u
<|असम|>গামোচা	ɡ a m ʊ s a
<|असम|>গাল	ɡ a l
<|असम|>গিৰি	ɡ i ɹ i
<|असम|>গুটি	ɡ u t i
<|असम|>গুড়া	ɡ u ɹ a
<|असम|>গুড়ি	ɡ u ɹ i
<|असम|>গুলপীয়া	ɡ u l ɔ p i a
<|असम|>গুলি	ɡ u l i
<|असम|>গুহা	ɡ u ɦ a
<|असम|>গুৰ	ɡ u ɹ
<|असम|>গুৰি	ɡ u ɹ i
<|असम|>গুৰিওৱা	ɡ u ɹ i ʊ a
<|असम|>গুৱাহাটী	ɡ u a ɦ a t i
<|असम|>গোধাফুটুকী	ɡ ʊ dʱ a pʰ u t u k i
<|असम|>গোসাঁই	ɡ ʊ x ã i
<|असम|>গোৱা	ɡ ʊ a
<|असम|>গৌৰৱ	ɡ o ʊ ɹ ɔ w
<|असम|>গৰম	ɡ ɔ ɹ ɔ m
<|असम|>গৰাকী	ɡ ɔ ɹ a k i
<|असम|>ঘঁহা	ɡʱ ɔ̃ ɦ a
<|असम|>ঘটা	ɡʱ ɔ t a
<|असम|>ঘাঁহ	ɡʱ ãʱ
<|असम|>ঘাই	ɡʱ a ɪ
<|असम|>ঘোঁৰা	ɡʱ ʊ̃ ɹ a
<|असम|>ঘৰ	ɡʱ ɔ ɹ
<|असम|>চকা	s ɔ k a
<|असम|>চকী	s ɔ k i
<|असम|>চকু	s ɔ k u
<|असम|>চকুপানী	s ɔ k u p a n i
<|असम|>চকুলো	s ɔ k u l ʊ
<|असम|>চকৰিফেঁটী	s ɔ k ɔ ɹ i pʰ ẽ t i
<|असम|>চন	s ɔ n
<|असम|>চমুকৈ	s ɔ m u k o ɪ
<|असम|>চলা	s ɔ l a
<|असम|>চলোৱা	s ɔ l ʊ a
<|असम|>চহী	s ɔ ɦ i
<|असम|>চহৰ	s ɔ ɦ ɔ ɹ
<|असम|>চাক	s a k
<|असम|>চাদৰ	s a d ɔ ɹ
<|असम|>চান	s a n
<|असम|>চাপৰ	s a p ɔ ɹ
<|असम|>চাবোন	s a b ʊ n
<|असम|>চাম	s a m
<|असम|>চালনি	s a l ɔ n i
<|असम|>চাহী	s a ɦ i
<|असम|>চাৰি	s a ɹ i
<|असम|>চাৰিআলি	s a ɹ i a l i
<|असम|>চিকাৰ	s i k a ɹ
<|असम|>চিগাৰেট	s i ɡ a ɹ ɛ t
<|असम|>চিঠি	s i tʰ i
<|असम|>চিন	s i n
<|असम|>চিনা	s i n a
<|असम|>চিনাকি	s i n a k i
<|असम|>চিনাকী	s i n a k i
<|असम|>চিন্তা	s i n t a
<|असम|>চিৰা	s i ɹ a
<|असम|>চুটি	s u t i
<|असम|>চুটিগল্প	s u t i ɡ ɔ l p ɔ
<|असम|>চুৰিয়া	s u ɹ i a
<|असम|>চেঁচা	s ẽ s a
<|असम|>চেনি	s e n i
<|असम|>চেপেটা	s ɛ p ɛ t a
<|असम|>চেলা	s ɛ l a
<|असम|>চেহেৰা	s ɛ ɦ ɛ ɹ a
<|असम|>চোতাল	s ʊ t a l
<|असम|>চোলা	s ʊ l a
<|असम|>চোৰাং	s ʊ ɹ a ŋ
<|असम|>চোৰাংচোৱা	s ʊ ɹ a ŋ s ʊ a
<|असम|>চোৱা	s ʊ a
<|असम|>চৰকাৰ	s ɔ ɹ k a ɹ
<|असम|>চৰাই	s ɔ ɹ a ɪ
<|असम|>চৰিত্ৰ	s ɔ ɹ i t ɹ ɔ
<|असम|>ছটিওৱা	s ɔ t i ʊ a
<|असम|>ছবি	s ɔ b i
<|असम|>ছয়	s ɔ j
<|असम|>ছাগলী	s a ɡ ɔ l i
<|असम|>ছাবিছ	s a b i s
<|असम|>ছাল	s a l
<|असम|>ছিটা	s i t a
<|असम|>ছিপ	s i p
<|असम|>ছোৱা	s ʊ a
<|असम|>জঁ	z ɔ̃
<|असम|>জঁকা	z ɔ̃ k a
<|असम|>জকাই	z ɔ k a ɪ
<|असम|>জগোৱা	z ɔ ɡ ʊ a
<|असम|>জগৰীয়া	z ɔ ɡ ɔ ɹ i a
<|असम|>জঙাই	z ɔ ŋ a ɪ
<|असम|>জনা	z ɔ n a
<|असम|>জল	z ɔ l
<|असम|>জলকীয়া	z ɔ l ɔ k i a
<|असम|>জলবায়ু	z ɔ l ɔ b a j u
<|असम|>জাঁপ	z ã p
<|असम|>জাংফাই	z a ŋ pʰ a ɪ
<|असम|>জাক	z a k
<|असम|>জাতি	z a t i
<|असम|>জান	z a n
<|असम|>জাপ	z a p
<|असम|>জাম	z a m
<|असम|>জাল	z a l
<|असम|>জালুক	z a l u k
<|असम|>জাৰা	z a ɹ a
<|असम|>জিভা	z i bʱ a
<|असम|>জিৰণি	z i ɹ ɔ n i
<|असम|>জুতি	z u t i
<|असम|>জুপুৰি	z u p u ɹ i
<|असम|>জেং	z ɛ ŋ
<|असम|>জেঠী	z ɛ tʰ i
<|असम|>জোঁৱাই	z ʊ̃ a ɪ
<|असम|>জোক	z ʊ k
<|असम|>জোন	z ʊ n
<|असम|>জ্বলোৱা	z ɔ l ʊ a
<|असम|>জ্বৰ	z ɔ ɹ
<|असम|>জৰী	z ɔ ɹ i
<|असम|>টনা	t ɔ n a
<|असम|>টিভি	t i bʱ i
<|असम|>টুকুৰা	t u k u ɹ a
<|असम|>টুট	t u t
<|असम|>টুপী	t u p i
<|असम|>টেঙা	t ɛ ŋ a
<|असम|>টেমা	t ɛ m a
<|असम|>টোকা	t ʊ k a
<|असम|>টোপোলা	t ʊ p ʊ l a
<|असम|>ঠগা	tʰ ɔ ɡ a
<|असम|>ঠাল	tʰ a l
<|असम|>ঠেং	tʰ ɛ ŋ
<|असम|>ঠোঁট	tʰ ʊ̃ t
<|असम|>ডলা	d ɔ l a
<|असम|>ড়	ɾ ɔ
<|असम|>ডাক	d a k
<|असम|>ডাক্তৰ	d a k t ɔ ɹ
<|असम|>ডাঙৰ	d a ŋ ɔ ɹ
<|असम|>ডাঠ	d a tʰ
<|असम|>ডাব	d a b
<|असम|>ডাল	d a l
<|असम|>ডাৱৰ	d a ɔ ɹ
<|असम|>ডিঙি	d i ŋ i
<|असम|>ডিমা	d i m a
<|असम|>ডিল	d i l
<|असम|>ডেউকা	d ɛ u k a
<|असम|>ডেকা	d ɛ k a
<|असम|>ঢকা	dʱ ɔ k a
<|असम|>ঢাকনি	dʱ a k ɔ n i
<|असम|>ঢাকা	dʱ a k a
<|असम|>ঢাপ	dʱ a p
<|असम|>তই	t ɔ ɪ
<|असम|>তথা	t ɔ tʰ a
<|असम|>তপত	t ɔ p ɔ t
<|असम|>তবলা	t ɔ b ɔ l a
<|असम|>তল	t ɔ l
<|असम|>তলা	t ɔ l a
<|असम|>তাঁত	t ã t
<|असम|>তাই	t a ɪ
<|असम|>তাইক	t a ɪ k
<|असम|>তাইৰ	t a ɪ ɹ
<|असम|>তাও	t a ʊ
<|असम|>তাত	t a t
<|असम|>তাপ	t a p
<|असम|>তাল	t a l
<|असम|>তিতা	t i t a
<|असम|>তিনি	t i n i
<|असम|>তিল	t i l
<|असम|>তুমি	t u m i
<|असम|>তুলি	t u l i
<|असम|>তৃতীয়	t ɹ i t i ɔ
<|असम|>তেওঁ	t ɛ ʊ̃
<|असम|>তেওঁলোক	t ɛ ʊ̃ l ʊ k
<|असम|>তেখেত	t ɛ kʰ ɛ t
<|असम|>তেতিয়া	t ɛ t i a
<|असम|>তেনে	t ɛ n ɛ
<|असम|>তেনেহলে	t ɛ n ɛ ɦ ɔ l ɛ
<|असम|>তোপ	t ʊ p
<|असम|>তোমাৰ	t ʊ m a ɹ
<|असम|>তোলা	t ʊ l a
<|असम|>তৰা	t ɔ ɹ a
<|असम|>থকা	tʰ ɔ k a
<|असम|>থাইলেণ্ড	tʰ a ɪ l ɛ n d
<|असम|>থান	tʰ a n
<|असम|>থিয়	tʰ i ɔ
<|असम|>থোৱা	tʰ ʊ a
<|असम|>দবা	d ɔ b a
<|असम|>দলং	d ɔ l ɔ ŋ
<|असम|>দলম’ৰা	d ɔ l m o ɹ a
<|असम|>দহ	d ɔ ɦ
<|असम|>দা	d aː
<|असम|>দাঁত	d ã t
<|असम|>দালাল	d a l a l
<|असम|>দাহ	d aʱ
<|असम|>দিন	d i n
<|असम|>দিয়া	d i a
<|असम|>দীঘ	d i ɡ
<|असम|>দীঘলা	d i ɡʱ ɔ l a
<|असम|>দুই	d u i
<|असम|>দুৱাৰ	d u a ɹ
<|असम|>দে	d ɛ
<|असम|>দেউতা	d ɛ ʊ t a
<|असम|>দেহা	d ɛ ɦ a
<|असम|>দেৱনাগৰী	d ɛ w n a ɡ ɔ ɹ i
<|असम|>দৈকলা	d ɔ i k ɔ l a
<|असम|>দৈনিক	d o ɪ n i k
<|असम|>দোতোৰা	d ʊ t ʊ ɹ a
<|असम|>দোলা	d ʊ l a
<|असम|>দৌৰা	d o ʊ ɹ a
<|असम|>দ্বিতীয়	d i t i ɔ
<|असम|>দ্বীপ	d i p
<|असम|>দৰা	d ɔ ɹ a
<|असम|>দৰৱ	d ɒ ɹ ɒ β
<|असम|>ধঁপাত	dʱ ɔ̃ p a t
<|असम|>ধনিয়া	dʱ ɔ n i a
<|असम|>ধন্যবাদ	dʱ ɔ ɪ nː ɔ b a d
<|असम|>ধাতু	dʱ a t u
<|असम|>ধাননি	dʱ a n ɔ n i
<|असम|>ধুনীয়া	dʱ u n i a
<|असम|>ধূলি	dʱ u l i
<|असम|>ধেমালি	dʱ ɛ m a l i
<|असम|>ধোৱা	dʱ ʊ a
<|असम|>ধৰণ	dʱ ɔ ɹ ɔ n
<|असम|>ধৰ্ষণ	dʱ ɔ ɹ x ɔ n
<|असम|>নকল	n ɔ k ɔ l
<|असम|>নক্সা	n ɔ k s a
<|असम|>নগৰ	n ɔ ɡ ɔ ɹ
<|असम|>নতুন	n ɔ t u n
<|असम|>নদী	n ɔ d i
<|असम|>নমা	n ɔ m a
<|असम|>নম্বৰ	n ɔ m b ɔ ɹ
<|असम|>নহয়	n ɔ ɦ ɔ ɛ
<|असम|>নহ’লে	n ɔ ɦ o l ɛ
<|असम|>নাও	n a ʊ
<|असम|>নাক	n a k
<|असम|>নাঙল	n a ŋ ɔ l
<|असम|>নাট	n a t
<|असम|>নাটনি	n a t ɔ n i
<|असम|>নামনি	n a m ɔ n i
<|असम|>নামাজ	n a m a z
<|असम|>নাহৰ	n a ɦ ɔ ɹ
<|असम|>নিগনি	n i ɡ ɔ n i
<|असम|>নিজ	n i z
<|असम|>নিজা	n i z a
<|असम|>নিজে	n i z ɛ
<|असम|>নিজৰ	n i z ɔ ɹ
<|असम|>নিমখ	n i m ɔ kʰ
<|असम|>নিয়া	n i a
<|असम|>নিয়ৰ	n i ɔ ɹ
<|असम|>নীলা	n i l a
<|असम|>নে	n ɛ
<|असम|>নেজ	n ɛ z
<|असम|>নৈ	n o ɪ
<|असम|>পঘা	p ɔ ɡʱ a
<|असम|>পচোৱা	p ɔ s ʊ a
<|असम|>পঞ্চাছ	p ɔ n s a s
<|असम|>পঠোৱা	p ɔ tʰ ʊ a
<|असम|>পতা	p ɔ t a
<|असम|>পথাৰ	p ɔ tʰ a ɹ
<|असम|>পনীয়া	p ɔ n i a
<|असम|>পলম	p ɔ l ɔ m
<|असम|>পলু	p ɔ l u
<|असम|>পাঁচ	p ã s
<|असम|>পাক	p a k
<|असम|>পাকৈত	p a k o ɪ t
<|असम|>পাগ	p a ɡ
<|असम|>পাগুৰি	p a ɡ u ɹ i
<|असम|>পাচলি	p a s ɔ l i
<|असम|>পাতল	p a t ɔ l
<|असम|>পানী	p a n i
<|असम|>পাল	p a l
<|असम|>পালেং	p a l ɛ ŋ
<|असम|>পাহাৰ	p a ɦ a ɹ
<|असम|>পাহি	p a ɦ i
<|असम|>পিঠা	p i tʰ a
<|असम|>পিতা	p i t a
<|असम|>পিন্ধা	p i n dʱ a
<|असम|>পিপৰা	p i p ɔ ɹ a
<|असम|>পিয়াহ	p i aʱ
<|असम|>পুখুৰী	p u kʰ u ɹ i
<|असम|>পুথি	p u tʰ i
<|असम|>পুথিভঁৰাল	p u tʰ i bʱ ɔ̃ ɹ a l
<|असम|>পুলি	p u l i
<|असम|>পুৰণা	p u ɹ ɔ n a
<|असम|>পুৰণি	p u ɹ ɔ n i
<|असम|>পুৰুষ	p u ɹ u x
<|असम|>পুৱা	p u a
<|असम|>পূৰঠ	p u ɹ ɔ tʰ
<|असम|>পেঁপা	p ẽ p a
<|असम|>পেলোৱা	p ɛ l ʊ a
<|असम|>পৈণত	p o ɪ n ɔ t
<|असम|>পোক	p ʊ k
<|असम|>পোত	p ʊ t
<|असम|>পোতা	p ʊ t a
<|असम|>পোহা	p ʊ ɦ a
<|असम|>পোহৰ	p ʊ ɦ ɔ ɹ
<|असम|>পোহৰোৱা	p ʊ ɦ ɔ ɹ ʊ a
<|असम|>প্ৰাচীন	p ɹ a s i n
<|असम|>পৰা	p ɔ ɹ a
<|असम|>পৰিয়াল	p ɔ ɹ i a l
<|असम|>ফটো	pʰ ɔ t ʊ
<|असम|>ফণী	pʰ o n i
<|असम|>ফলা	pʰ ɔ l a
<|असम|>ফাট	pʰ a t
<|असम|>ফিৰিঙটি	pʰ i ɹ i ŋ ɔ t i
<|असम|>ফুটা	pʰ u t a
<|असम|>ফুলনিবাৰী	pʰ u l ɔ n i b a ɹ i
<|असम|>ফুলবাৰী	pʰ u l b a ɹ i
<|असम|>ফুৰা	pʰ u ɹ a
<|असम|>ফৰাচী	f ɔ ɹ a s i
<|असम|>ফৰিং	pʰ ɔ ɹ i ŋ
<|असम|>বঁটা	b ɔ̃ t a
<|असम|>বগা	b ɔ ɡ a
<|असम|>বঙাল	b ɔ ŋ a l
<|असम|>বছৰ	b ɔ s ɔ ɹ
<|असम|>বছৰি	b ɔ s ɔ ɹ i
<|असम|>বছৰেকীয়া	b ɔ s ɔ ɹ ɛ k i a
<|असम|>বজাৰ	b ɔ z a ɹ
<|असम|>বজোৱা	b ɔ z ʊ a
<|असम|>বটল	b ɔ t ɔ l
<|असम|>বটা	b ɔ t a
<|असम|>বতাহ	b ɔ t aʱ
<|असम|>বতৰা	b ɔ t ɔ ɹ a
<|असम|>বন	b ɔ n
<|असम|>বনোৱা	b ɔ n ʊ a
<|असम|>বন্ধা	b ɔ n dʱ a
<|असम|>বমি	b ɔ m i
<|असम|>বল	b ɔ l
<|असम|>বস্তু	b ɔ s t u
<|असम|>বহল	b ɔ ɦ ɔ l
<|असम|>বাঁহ	b ãʱ
<|असम|>বাঁহগাজ	b ãʱ ɡ a z
<|असम|>বাঁহী	b ã ɦ i
<|असम|>বাই	b a ɪ
<|असम|>বাইছ	b a ɪ s
<|असम|>বাউল	b a u l
<|असम|>বাওঁফালে	b a ʊ̃ pʰ a l ɛ
<|असम|>বাকলি	b a k ɔ l i
<|असम|>বাকী	b a k i
<|असम|>বাছ	b a s
<|असम|>বাটি	b a t i
<|असम|>বাঢ়ৈটোকা	b a ɹʱ o ɪ t ʊ k a
<|असम|>বাতৰি	b a t ɔ ɹ i
<|असम|>বাধা	b a dʱ a
<|असम|>বানান	b a n a n
<|असम|>বাম	b a m
<|असम|>বাল	b a l
<|असम|>বালি	b a l i
<|असम|>বাসিন্দা	b a x i n d a
<|असम|>বাহ	b aʱ
<|असम|>বাহিৰ	b a ɦ i ɹ
<|असम|>বাহিৰত	b a ɦ i ɹ ɔ t
<|असम|>বাহিৰা	b a ɦ i ɹ a
<|असम|>বাহিৰে	b a ɦ i ɹ ɛ
<|असम|>বাহু	b a ɦ u
<|असम|>বাৰিষা	b a ɹ i x a
<|असम|>বিঘা	b i ɡʱ a
<|असम|>বিচ	b i s
<|असम|>বিচাৰ	b i s a ɹ
<|असम|>বিচৰা	b i s ɔ ɹ a
<|असम|>বিছনা	b i s ɔ n a
<|असम|>বিছা	b i s a
<|असम|>বিজুলী	b i z u l i
<|असम|>বিনামূলীয়া	b i n a m u l i a
<|असम|>বিন্ধা	b i n dʱ a
<|असम|>বিভেদ	b i bʱ ɛ d
<|असम|>বিমানবন্দৰ	b i m a n b ɔ n d ɔ ɹ
<|असम|>বিয়া	b i a
<|असम|>বিলাই	b i l a ɪ
<|असम|>বিলাহী	b i l a ɦ i
<|असम|>বিষ	b i x
<|असम|>বিহু	b i ɦ u
<|असम|>বুলি	b u l i
<|असम|>বেং	b ɛ ŋ
<|असम|>বেংক	b ɛ ŋ k
<|असम|>বেগ	b ɛ ɡ
<|असम|>বেঙেনা	b ɛ ŋ ɛ n a
<|असम|>বেছি	b ɛ s i
<|असम|>বেজ	b ɛ z
<|असम|>বেজী	b e z i
<|असम|>বেমাৰ	b ɛ m a ɹ
<|असम|>বেয়া	b ɛ a
<|असम|>বেলা	b ɛ l a
<|असम|>বেলি	b e l i
<|असम|>বেৰ	b ɛ ɹ
<|असम|>বেৰা	b ɛ ɹ a
<|असम|>বোকা	b ʊ k a
<|असम|>বোল	b ʊ l
<|असम|>বোলা	b ʊ l a
<|असम|>বোৱাৰী	b ʊ a ɹ i
<|असम|>ব্যাখ্যা	b a ɪ k kʰ a
<|असम|>ব্ৰহ্মপুত্ৰ	b ɹ ɔ ɦ m ɔ p u t ɹ ɔ
<|असम|>বৰ	b ɔ ɹ
<|असम|>বৰণ	b ɔ ɹ ɔ n
<|असम|>বৰণীয়া	b ɔ ɹ ɔ n i a
<|असम|>বৰদৈচিলা	b ɔ ɹ d o ɪ s i l a
<|असम|>বৰষুণ	b ɔ ɹ ɔ x u n
<|असम|>বৰা	b ɔ ɹ a
<|असम|>ব’হাগ	b oʱ a ɡ
<|असम|>ভকত	bʱ ɔ k ɔ t
<|असम|>ভগোৱা	bʱ ɔ ɡ ʊ a
<|असम|>ভতাৰ	bʱ ɔ t a ɹ
<|असम|>ভাওনা	bʱ a ʊ n a
<|असम|>ভাগ	bʱ a ɡ
<|असम|>ভাগৰ	bʱ a ɡ ɔ ɹ
<|असम|>ভাট	bʱ a t
<|असम|>ভাটৌ	bʱ a t o ʊ
<|असम|>ভাত	bʱ a t
<|असम|>ভাল	bʱ a l
<|असम|>ভালকৈ	bʱ a l k o ɪ
<|असम|>ভালপোৱা	bʱ a l p ʊ a
<|असम|>ভাষা	bʱ a x a
<|असम|>ভাৰত	bʱ a ɹ ɔ t
<|असम|>ভাৰতীয়	bʱ a ɹ ɔ t i ɔ
<|असम|>ভিতৰত	bʱ i t ɔ ɹ ɔ t
<|असम|>ভিতৰুৱা	bʱ i t ɔ ɹ u a
<|असम|>ভুৱা	bʱ u a
<|असम|>ভূত	bʱ u t
<|असम|>ভেটি	bʱ ɛ t i
<|असम|>ভোক	bʱ ʊ k
<|असम|>ভোজ	bʱ ʊ z
<|असम|>ভোট	bʱ ʊ t
<|असम|>ভৰা	bʱ ɔ ɹ a
<|असम|>ভৰোৱা	bʱ ɔ ɹ ʊ a
<|असम|>মই	m ɔ ɪ
<|असम|>মইনা	m ɔ ɪ n a
<|असम|>মকৰা	m ɔ k ɔ ɹ a
<|असम|>মঙহ	m ɔ ŋ ɔ ɦ
<|असम|>মচলা	m ɔ s ɔ l a
<|असम|>মটীয়া	m ɔ t i a
<|असम|>মতা	m ɔ t a
<|असम|>মধুমেহ	m ɔ dʱ u m ɛ ɦ
<|असम|>মনা	m ɔ n a
<|असम|>মহাসাগৰ	m ɔ ɦ a x a ɡ ɔ ɹ
<|असम|>মহিলা	m ɔ ɦ i l a
<|असम|>মাই	m a ɪ
<|असम|>মাইকী	m a ɪ k i
<|असम|>মাগুৰ	m a ɡ u ɹ
<|असम|>মাছ	m a s
<|असम|>মাজ	m a z
<|असम|>মাজেদি	m a z ɛ d i
<|असम|>মাজেৰে	m a z ɛ ɹ ɛ
<|असम|>মাণিক	m a n i k
<|असम|>মাত	m a t
<|असम|>মাতা	m a t a
<|असम|>মাথা	m a tʰ a
<|असम|>মাথোঁ	m a tʰ ʊ̃
<|असम|>মান	m a n
<|असम|>মানা	m a n a
<|असम|>মানে	m a n ɛ
<|असम|>মালিক	m a l i k
<|असम|>মালিকানা	m a l i k a n a
<|असम|>মাহ	m aʱ
<|असम|>মাৰি	m a ɹ i
<|असम|>মাৰ্বল	m a ɹ b ɔ l
<|असम|>মিছা	m i s a
<|असम|>মিঠা	m i tʰ a
<|असम|>মিঠালাউ	m i tʰ a l a u
<|असम|>মিহলি	m i ɦ ɔ l i
<|असम|>মিহলোৱা	m i ɦ ɔ l ʊ a
<|असम|>মুকলি	m u k o l i
<|असम|>মুঠ	m u tʰ
<|असम|>মুঠি	m u tʰ i
<|असम|>মূঢ়া	m u ɹʱ a
<|असम|>মূৰ	m u ɹ
<|असम|>মেটেকা	m ɛ t ɛ k a
<|असम|>মেলা	m ɛ l a
<|असम|>মেৰামতি	m ɛ ɹ a m ɔ t i
<|असम|>মেৰিওৱা	m ɛ ɹ i ʊ a
<|असम|>মৈ	m o ɪ
<|असम|>মোবাইল	m ʊ b a ɪ l
<|असम|>মোৰ	m ʊ ɹ
<|असम|>মৌচাক	m o ʊ s a k
<|असम|>মৌচুমী	m o ʊ s u m i
<|असम|>মৌপিয়া	m o ʊ p i a
<|असम|>মৰম	m ɔ ɹ ɔ m
<|असम|>মৰমৰ	m ɔ ɹ ɔ m ɔ ɹ
<|असम|>মৰা	m ɔ ɹ a
<|असम|>মৰাঠাৰি	m ɔ ɹ a tʰ a ɹ i
<|असम|>য়	j ɔ
<|असम|>যাদু	z a d u
<|असम|>যিমান	z i m a n
<|असम|>যুঁজাৰু	z ũ z a ɹ u
<|असम|>যেতিয়া	z ɛ t i a
<|असम|>যেনে	z ɛ n ɛ
<|असम|>যোগান	z ʊ ɡ a n
<|असम|>যোৱা	z ʊ a
<|असम|>য’ত	z o t
<|असम|>ল'ৰা	l o ɹ a
<|असम|>লগত	l ɔ ɡ ɔ t
<|असम|>লগা	l ɔ ɡ a
<|असम|>লতা	l ɔ t a
<|असम|>লাউ	l a u
<|असम|>লাগ	l a ɡ
<|असम|>লাজ	l a z
<|असम|>লাজুকা	l a z u k a
<|असम|>লিপি	l i p i
<|असम|>লেতেৰা	l ɛ t ɛ ɹ a
<|असम|>লেলাউটি	l ɛ l a u t i
<|असम|>লেহেমীয়া	l ɛ ɦ ɛ m i a
<|असम|>লো	l ʊ
<|असम|>লৰা	l ɔ ɹ a
<|असम|>ল’ৰা	l o ɹ a
<|असम|>শকত	x ɔ k ɔ t
<|असम|>শব্দ	x ɔ b d ɔ
<|असम|>শলা	x ɔ l a
<|असम|>শস্য	x ɔ ɪ s s ɒ
<|असम|>শান্ত	x a n t ɔ
<|असम|>শামুক	x a m u k
<|असम|>শাল	x a l
<|असम|>শালি	x a l i
<|असम|>শাহ	x aʱ
<|असम|>শাৰী	x a ɹ i
<|असम|>শিং	x i ŋ
<|असम|>শিকোৱা	x i k ʊ a
<|असम|>শিক্ষা	x i k kʰ a
<|असम|>শিয়াল	x i a l
<|असम|>শিল	x i l
<|असम|>শিহা	x i ɦ a
<|असम|>শুকান	x u k a n
<|असम|>শুধ	x u dʱ ɔ
<|असम|>শুন	x u n
<|असम|>শুৱনি	x u ɔ n i
<|असम|>শূন্য	x u i n n ɔ
<|असम|>শেৱালি	x ɛ w a l i
<|असम|>শৈশৱ	x o ɪ x ɔ w
<|असम|>শোৱা	x ʊ a
<|असम|>শ্ৰদ্ধা	s ɹ ɔ d dʱ a
<|असम|>শৰণাৰ্থী	x ɔ ɹ ɔ n a ɹ tʰ i
<|असम|>শৰালি	x ɔ ɹ a l i
<|असम|>সঁজুলি	x ɔ̃ z u l i
<|असम|>সকলো	x ɔ k ɔ l ʊ
<|असम|>সকলোতকৈ	x ɔ k ɔ l ʊ t k o ɪ
<|असम|>সজা	x ɔ z a
<|असम|>সজোৱা	x ɔ z ʊ a
<|असम|>সদৰ	x ɔ d ɔ ɹ
<|असम|>সপোন	x ɔ p ʊ n
<|असम|>সবাতোকৈ	x ɔ b a t ʊ k o ɪ
<|असम|>সময়	x ɔ m ɔ ɛ
<|असम|>সমান	x m a n
<|असम|>সাগৰ	x a ɡ ɔ ɹ
<|असम|>সাঙোৰ	x a ŋ ʊ ɹ
<|असम|>সাজ	x a z
<|असम|>সাজু	x a z u
<|असम|>সাত	x a t
<|असम|>সান	x a n
<|असम|>সানা	x a n a
<|असम|>সাপ	x a p
<|असम|>সালসলনি	x a l x ɒ l ɒ n i
<|असम|>সাৰ	x a ɹ
<|असम|>সাৰেং	x a ɹ ɛ ŋ
<|असम|>সিঁচা	x i s a
<|असम|>সিজোৱা	x i z ʊ a
<|असम|>সিমান	x i m a n
<|असम|>সিহঁত	x i ɦ ɔ̃ t
<|असम|>সুণীয়া	x u n i a
<|असम|>সুবিধা	x u b i dʱ a
<|असम|>সূতা	x u t a
<|असम|>সূৰ্য্য	x u i ɹ d ʑ ɒ
<|असम|>সেউজীয়া	x ɛ u z i a
<|असम|>সেমেকা	x ɛ m ɛ k a
<|असम|>সেৱা	x ɛ w a
<|असम|>সৈতে	x o ɪ t ɛ
<|असम|>সোঁ	x ʊ̃
<|असम|>সোঁত	x ʊ̃ t
<|असम|>সোঁফালে	x ʊ̃ pʰ a l ɛ
<|असम|>সোণ	x ʊ n
<|असम|>সোণালী	x ʊ n a l i
<|असम|>সোণৰ	x ʊ n ɔ ɹ
<|असम|>সোনকালে	x ʊ n k a l ɛ
<|असम|>সোপা	x ʊ p a
<|असम|>সোমোৱা	x ʊ m ʊ a
<|असम|>সোৱাদ	x ʊ a d
<|असम|>স্বাধীনতা	s a dʱ i n ɔ t a
<|असम|>সৰা	x ɔ ɹ a
<|असम|>হাঁচি	ɦ ã s i
<|असम|>হাকিম	ɦ a k i m
<|असम|>হাজাৰ	ɦ a z a ɹ
<|असम|>হাজৰিকা	ɦ a z o ɹ i k a
<|असम|>হাটী	ɦ a t i
<|असम|>হাতী	ɦ a t i
<|असम|>হাতুৰী	ɦ a t u ɹ i
<|असम|>হাবি	ɦ a b i
<|असम|>হাল	ɦ a l
<|असम|>হালধি	h a l ɔ dʱ i
<|असम|>হালোৱা	ɦ a l ʊ a
<|असम|>হাহাকাৰ	ɦ a ɦ a k a ɹ
<|असम|>হাৰ	ɦ a ɹ
<|असम|>হিমালয়	ɦ i m a l ɔ j
<|असम|>হিয়া	ɦ i a
<|असम|>হিলৈ	ɦ i l o ɪ
<|असम|>হুৰুম	ɦ u ɹ u m
<|असम|>হেঁচা	ɦ ẽ s a
<|असम|>হেঁপাহ	ɦ ẽ p aʱ
<|असम|>হোৱা	ɦ ʊ a
<|असम|>ৰং	ɹ ɔ ŋ
<|असम|>ৰঙা	ɹ ɔ ŋ a
<|असम|>ৰচনা	ɹ ɔ s ɔ n a
<|असम|>ৰছী	ɹ ɔ s i
<|असम|>ৰন্ধা	ɹ ɔ n dʱ a
<|असम|>ৰাইজ	ɹ a ɪ z
<|असम|>ৰাতি	ɹ a t i
<|असम|>ৰাতিপুৱা	ɹ a t i p u a
<|असम|>ৰিহা	ɹ i ɦ a
<|असम|>ৰ’দোৱা	ɹ o d ʊ a
<|हिंदी|>अंकल	ə ŋ k ə l
<|हिंदी|>अंकुर	ə ŋ k ʊ ɾ
<|हिंदी|>अंकुरित	ə ŋ k ʊ ɾ ɪ t̪
<|हिंदी|>अंगुली	ə ŋ ɡ ʊ l iː
<|हिंदी|>अंजाम	ə ɲ d͡ʒ ɑː m
<|हिंदी|>अंदर	ə n d̪ ə ɾ
<|हिंदी|>अंबर	ə m b ə ɾ
<|हिंदी|>अंश	ə n ʃ
<|हिंदी|>अंशकालिक	ə n ʃ k ɑː l ɪ k
<|हिंदी|>अकादमिक	ə k ɑː d̪ m ɪ k
<|हिंदी|>अकादमी	ə k ɑː d̪ m iː
<|हिंदी|>अकेला	ə k eː l ɑː
<|हिंदी|>अक्सर	ə k s ə ɾ
<|हिंदी|>अखाड़ा	ə kʰ ɑː ɽ ɑː
<|हिंदी|>अखिल	ə kʰ ɪ l
<|हिंदी|>अगर	ə ɡ ə ɾ
<|हिंदी|>अगुआ	ə ɡ ʊ ɑː
<|हिंदी|>अजान	ə d͡ʒ ɑː n
<|हिंदी|>अजूबा	ə d͡ʒ uː b ɑː
<|हिंदी|>अत्याचारी	ə t̪ j ɑː t͡ʃ ɑː ɾ iː
<|हिंदी|>अदाकार	ə d̪ ɑː k ɑː ɾ
<|हिंदी|>अधिकतम	ə d̪ʱ ɪ k t̪ ə m
<|हिंदी|>अधीन	ə d̪ʱ iː n
<|हिंदी|>अधीनता	ə d̪ʱ iː n t̪ ɑː
<|हिंदी|>अनदेखा	ə n d̪ eː kʰ ɑː
<|हिंदी|>अनपढ़	ə n p ə ɽʱ
<|हिंदी|>अनाज	ə n ɑː d͡ʒ
<|हिंदी|>अनिद्रा	ə n ɪ d̪ ɾ ɑː
<|हिंदी|>अनियंत्रित	ə n iː j ə n t̪ ɾ ɪ t̪
<|हिंदी|>अनुपात	ə n ʊ p ɑː t̪
<|हिंदी|>अनुयायी	ə n ʊ j ɑː j iː
<|हिंदी|>अन्याय	ə n j ɑː j
<|हिंदी|>अपराधी	ə p ɾ ɑː d̪ʱ iː
<|हिंदी|>अपेक्षाकृत	ə p eː k ʃ ɑː k ɾ ɪ t̪
<|हिंदी|>अप्रत्यक्ष	ə p ɾ ə t̪ j ə k ʃ
<|हिंदी|>अप्रत्याशित	ə p ɾ ə t̪ j ɑː ʃ ɪ t̪
<|हिंदी|>अप्रैल	ə p ɾ ɛː l
<|हिंदी|>अभिनेत्री	ə bʱ ɪ n eː t̪ ɾ iː
<|हिंदी|>अभिलाषा	ə bʱ ɪ l ɑː ʃ ɑː
<|हिंदी|>अमेरिका	ə m eː ɾ ɪ k ɑː
<|हिंदी|>अयस्क	ə j ə s k
<|हिंदी|>अरबिंद	ə ɾ b ɪ n d̪
<|हिंदी|>अर्ज़ी	ə ɾ z iː
<|हिंदी|>अर्जेंटीना	ə ɾ d͡ʒ eː n ʈ iː n ɑː
<|हिंदी|>अर्थपूर्ण	ə ɾ t̪ʰ ə p uː ɾ n
<|हिंदी|>अलमारी	ə l m ɑː ɾ iː
<|हिंदी|>अल्पसंख्यक	ə l p s ə ŋ kʰ j ə k
<|हिंदी|>अल्लाह	ə l l ɑːʱ
<|हिंदी|>अवधारणा	ə ʋ d̪ʱ ɑː ɾ n ɑː
<|हिंदी|>अवलोकन	ə ʋ l oː k ə n
<|हिंदी|>असंगत	ə s ə ŋ ɡ ə t̪
<|हिंदी|>असंतुष्ट	ə s ə n t̪ ʊ ʃ ʈ
<|हिंदी|>असंवैधानिक	ə s ə m ʋ ɛː d̪ʱ ɑː n ɪ k
<|हिंदी|>असम	ə s ə m
<|हिंदी|>असाधारण	ə s ɑː d̪ʱ ɑː ɾ ə n
<|हिंदी|>अस्तित्व	ə s t̪ ɪ t̪ ʋ
<|हिंदी|>अस्पताल	ə s p ə t̪ ɑː l
<|हिंदी|>अहमियत	ɛːʱ m iː j ə t̪
<|हिंदी|>आँगन	ɑ̃ː ɡ ə n
<|हिंदी|>आँच	ɑ̃ː t͡ʃ
<|हिंदी|>आइसलैंड	ɑː ɪ s l ɛː n ɖ
<|हिंदी|>आकाश	ɑː k ɑː ʃ
<|हिंदी|>आक्रोश	ɑː k ɾ oː ʃ
<|हिंदी|>आगे	ɑː ɡ eː
<|हिंदी|>आज	ɑː d͡ʒ
<|हिंदी|>आडवाणी	ɑː ɖ ʋ ɑː n iː
<|हिंदी|>आतिशबाज़ी	ɑː t̪ ɪ ʃ b ɑː z iː
<|हिंदी|>आत्मनिर्भर	ɑː t̪ m ə n ɪ ɾ bʱ ə ɾ
<|हिंदी|>आधार	ɑː d̪ʱ ɑː ɾ
<|हिंदी|>आधारभूत	ɑː d̪ʱ ɑː ɾ bʱ uː t̪
<|हिंदी|>आना	ɑː n ɑː
<|हिंदी|>आपका	ɑː p k ɑː
<|हिंदी|>आपत्तिजनक	ɑː p ə t̪ t̪ iː d͡ʒ ə n ə k
<|हिंदी|>आपबीती	ɑː p b iː t̪ iː
<|हिंदी|>आमंत्रित	ɑː m ə n t̪ ɾ ɪ t̪
<|हिंदी|>आयत	ɑː j ə t̪
<|हिंदी|>आयरलैंड	ɑː j ə ɾ l ɛː n ɖ
<|हिंदी|>आया	ɑː j ɑː
<|हिंदी|>आरंभिक	ɑː ɾ ə m bʱ ɪ k
<|हिंदी|>आलेख	ɑː l eː kʰ
<|हिंदी|>आशय	ɑː ʃ ə j
<|हिंदी|>आशियाना	ɑː ʃ iː j ɑː n ɑː
<|हिंदी|>आसामी	ɑː s ɑː m iː
<|हिंदी|>आसार	ɑː s ɑː ɾ
<|हिंदी|>आस्था	ɑː s t̪ʰ ɑː
<|हिंदी|>इंडस्ट्री	ɪ n ɖ ə s ʈ ɾ iː
<|हिंदी|>इंफाल	ɪ m pʰ ɑː l
<|हिंदी|>इज़हार	ɪ z ɦ ɑː ɾ
<|हिंदी|>इतर	ɪ t̪ ə ɾ
<|हिंदी|>इत्र	ɪ t̪ ɾ
<|हिंदी|>इनको	ɪ n k oː
<|हिंदी|>इन्हें	ɪ n ɦ ẽ
<|हिंदी|>इबादत	ɪ b ɑː d̪ ə t̪
<|हिंदी|>इमारत	ɪ m ɑː ɾ ə t̪
<|हिंदी|>इम्तेहान	ɪ m t̪ eː ɦ ɑː n
<|हिंदी|>इलाही	ɪ l ɑː ɦ iː
<|हिंदी|>इस्लामाबाद	ɪ s l ɑː m ɑː b ɑː d̪
<|हिंदी|>उक्त	ʊ k t̪
<|हिंदी|>उचित	ʊ t͡ʃ ɪ t̪
<|हिंदी|>उच्चारण	ʊ t͡ʃ t͡ʃ ɑː ɾ ə n
<|हिंदी|>उजागर	ʊ d͡ʒ ɑː ɡ ə ɾ
<|हिंदी|>उड़ीसा	ʊ ɽ iː s ɑː
<|हिंदी|>उड्डयन	ʊ ɖ ɖ ə j ə n
<|हिंदी|>उत्कृष्ट	ʊ t̪ k ɾ ɪ ʃ ʈ
<|हिंदी|>उत्तरदायित्व	ʊ t̪ t̪ ə ɾ d̪ ɑː j ɪ t̪ ʋ
<|हिंदी|>उत्तरदायी	ʊ t̪ t̪ ə ɾ d̪ ɑː j iː
<|हिंदी|>उत्तेजित	ʊ t̪ː e d ʒ ɪ t̪
<|हिंदी|>उत्पत्ति	ʊ t̪ p ə t̪ t̪ iː
<|हिंदी|>उत्साह	ʊ t̪ s ɑːʱ
<|हिंदी|>उदास	ʊ d̪ ɑː s
<|हिंदी|>उनको	ʊ n k oː
<|हिंदी|>उन्माद	ʊ n̪ m aː d̪
<|हिंदी|>उपयोग	ʊ p j oː ɡ
<|हिंदी|>उलझना	ʊ l ə d͡ʒʱ n ɑː
<|हिंदी|>उल्लू	ʊ l l uː
<|हिंदी|>उल्लेख	ʊ l l eː kʰ
<|हिंदी|>उसका	ʊ s k ɑː
<|हिंदी|>उससे	ʊ s s eː
<|हिंदी|>उसूल	ʊ s uː l
<|हिंदी|>उस्ताद	ʊ s t̪ ɑː d̪
<|हिंदी|>ऋग्वेद	ɾ ɪ ɡ ʋ eː d̪
<|हिंदी|>ऋणदाता	ɾ ɪ n d̪ ɑː t̪ ɑː
<|हिंदी|>एक	eː k
<|हिंदी|>एकजुटता	eː k d͡ʒ ʊ ʈ t̪ ɑː
<|हिंदी|>एकतरफ़ा	eː k t̪ ə ɾ f ɑː
<|हिंदी|>एकल	eː k ə l
<|हिंदी|>एलान	eː l ɑː n
<|हिंदी|>एशिया	eː ʃ iː j ɑː
<|हिंदी|>एसोसिएशन	eː s oː s ɪ eː ʃ ə n
<|हिंदी|>एहसान	eːʱ s ɑː n
<|हिंदी|>ऐश	ɛː ʃ
<|हिंदी|>ऐश्वर्य	ɛː ʃ ʋ ə ɾ j
<|हिंदी|>ऐसे	ɛː s eː
<|हिंदी|>ऑकलैंड	ɔː k l ɛː n ɖ
<|हिंदी|>ऑस्ट्रेलिया	ɔː s ʈ ɾ eː l iː j ɑː
<|हिंदी|>कंधा	k ə n d̪ʱ ɑː
<|हिंदी|>कठुआ	k ə ʈʰ ʊ ɑː
<|हिंदी|>कड़ा	k ə ɽ ɑː
<|हिंदी|>कढ़ाई	k ə ɽʱ ɑː iː
<|हिंदी|>कथित	k ə t̪ʰ ɪ t̪
<|हिंदी|>कपड़ा	k ə p ɽ ɑː
<|हिंदी|>कबूतर	k ə b uː t̪ ə ɾ
<|हिंदी|>कमर्शियल	k ə m ə ɾ ʃ iː j ə l
<|हिंदी|>कमेटी	k ə m eː ʈ iː
<|हिंदी|>करणी	k ə ɾ n iː
<|हिंदी|>करारा	k ə ɾ ɑː ɾ ɑː
<|हिंदी|>कर्म	k ə ɾ m
<|हिंदी|>कहलाना	k ɛːʱ l ɑː n ɑː
<|हिंदी|>कहाँ	k ə ɦ ɑ̃ː
<|हिंदी|>कहानी	k ə ɦ ɑː n iː
<|हिंदी|>कांग्रेस	k ɑː ŋ ɡ ɾ eː s
<|हिंदी|>कांटा	k ɑː n ʈ ɑː
<|हिंदी|>काजल	k ɑː d͡ʒ ə l
<|हिंदी|>कान	k ɑː n
<|हिंदी|>कान्हा	k ɑː n ɦ ɑː
<|हिंदी|>काम	k ɑː m
<|हिंदी|>कामकाज	k ɑː m k ɑː d͡ʒ
<|हिंदी|>कार्यकर्ता	k ɑː ɾ j ə k ə ɾ t̪ ɑː
<|हिंदी|>कार्यभार	k ɑː ɾ j ə bʱ ɑː ɾ
<|हिंदी|>कार्यान्वित	k ɑː ɾ j ɑː n ʋ ɪ t̪
<|हिंदी|>कालापन	k ɑː l ɑː p ə n
<|हिंदी|>कितना	k ɪ t̪ n ɑː
<|हिंदी|>किलो	k ɪ l oː
<|हिंदी|>कीड़ा	k iː ɽ ɑː
<|हिंदी|>कील	k iː l
<|हिंदी|>कुख्यात	k ʊ kʰ j ɑː t̪
<|हिंदी|>कूटनीति	k uː ʈ n iː t̪ iː
<|हिंदी|>केन्या	k eː n j ɑː
<|हिंदी|>कैमरा	k ɛː m ɾ ɑː
<|हिंदी|>कैलिफ़ोर्निया	k ɛː l ɪ f oː ɾ n iː j ɑː
<|हिंदी|>कॉफ़ी	k ɔː f iː
<|हिंदी|>कॉमनवेल्थ	k ɔː m ə n ʋ eː l t̪ʰ
<|हिंदी|>कोड़ा	k oː ɽ ɑː
<|हिंदी|>क्रुद्ध	k ɾ ʊ d̪ d̪ʱ
<|हिंदी|>क्रोएशिया	k ɾ oː eː ʃ iː j ɑː
<|हिंदी|>क्षत्रिय	k ʃ ə t̪ ɾ iː j ə
<|हिंदी|>क्षितिज	k ʃ ɪ t̪ ɪ d͡ʒ
<|हिंदी|>खनिज	kʰ ə n ɪ d͡ʒ
<|हिंदी|>खर्च	kʰ ə ɾ t͡ʃ
<|हिंदी|>खलनायक	kʰ ə l n ɑː j ə k
<|हिंदी|>खाद्य	kʰ ɑː d̪ j ə
<|हिंदी|>खिड़की	kʰ ɪ ɽ k iː
<|हिंदी|>खुलकर	kʰ ʊ l k ə ɾ
<|हिंदी|>खुलना	kʰ ʊ l n ɑː
<|हिंदी|>खुला	kʰ ʊ l ɑː
<|हिंदी|>खेती	kʰ eː t̪ iː
<|हिंदी|>खेद	kʰ eː d̪
<|हिंदी|>गंवाना	ɡ ə̃ ʋ ɑː n ɑː
<|हिंदी|>गई	ɡ ə iː
<|हिंदी|>गढ़वाल	ɡ ə ɽʱ ʋ ɑː l
<|हिंदी|>गणेश	ɡ ə ɳ e ʃ
<|हिंदी|>गतिमान	ɡ ə t̪ ɪ m ɑː n
<|हिंदी|>गम्भीर	ɡ ə m bʱ iː ɾ
<|हिंदी|>गर्भवती	ɡ ə ɾ bʱ ʋ ə t̪ iː
<|हिंदी|>गश्त	ɡ ə ʃ t̪
<|हिंदी|>गाँधी	ɡ ɑ̃ː d̪ʱ iː
<|हिंदी|>गांव	ɡ ɑ̃ː ʋ
<|हिंदी|>गिरगिट	ɡ ɪ ɾ ɡ ɪ ʈ
<|हिंदी|>गिरफ़्तार	ɡ ɪ ɾ ə f t̪ ɑː ɾ
<|हिंदी|>गिलहरी	ɡ ɪ l ɛːʱ ɾ iː
<|हिंदी|>गुंडा	ɡ ʊ n ɖ ɑː
<|हिंदी|>गुदा	ɡ ʊ d̪ ɑː
<|हिंदी|>गुनाह	ɡ ʊ n ɑːʱ
<|हिंदी|>गुरु	ɡ ʊ ɾ uː
<|हिंदी|>गुवाहाटी	ɡ ʊ ʋ ɑː ɦ ɑː ʈ iː
<|हिंदी|>गूंजना	ɡ uː ɲ d͡ʒ n ɑː
<|हिंदी|>गोवा	ɡ oː ʋ ɑː
<|हिंदी|>गौरव	ɡ ɔː ɾ ə ʋ
<|हिंदी|>ग्लासगो	ɡ l ɑː s ɡ oː
<|हिंदी|>घटिया	ɡʱ ə ʈ iː j ɑː
<|हिंदी|>घात	ɡʱ ɑː t̪
<|हिंदी|>घुटना	ɡʱ ʊ ʈ n ɑː
<|हिंदी|>घुसपैठ	ɡʱ ʊ s p ɛː ʈʰ
<|हिंदी|>घेरना	ɡʱ eː ɾ n ɑː
<|हिंदी|>चंद्र	t͡ʃ ə n d̪ ɾ
<|हिंदी|>चंपा	t͡ʃ ə m p ɑː
<|हिंदी|>चक्र	t͡ʃ ə k ɾ
<|हिंदी|>चक्रवर्ती	t͡ʃ ə k ɾ ə ʋ ə ɾ t̪ iː
<|हिंदी|>चतुराई	t͡ʃ ə t̪ ʊ ɾ ɑː iː
<|हिंदी|>चन्द्र	t͡ʃ ə n d̪ ɾ
<|हिंदी|>चपाती	t͡ʃ ə p ɑː t̪ iː
<|हिंदी|>चर्च	t͡ʃ ə ɾ t͡ʃ
<|हिंदी|>चर्चित	t͡ʃ ə ɾ t͡ʃ ɪ t̪
<|हिंदी|>चल	t͡ʃ ə l
<|हिंदी|>चांदी	t͡ʃ ɑː n d̪ iː
<|हिंदी|>चाची	t͡ʃ ɑː t͡ʃ iː
<|हिंदी|>चालान	t͡ʃ ɑː l ɑː n
<|हिंदी|>चिढ़	t͡ʃ ɪ ɽʱ
<|हिंदी|>चुनौती	t͡ʃ ʊ n ɔː t̪ iː
<|हिंदी|>चुप्पी	t͡ʃ ʊ p p iː
<|हिंदी|>चेला	t͡ʃ eː l ɑː
<|हिंदी|>चेहरा	t͡ʃ eːʱ ɾ ɑː
<|हिंदी|>चोटी	t͡ʃ oː ʈ iː
<|हिंदी|>चोर	t͡ʃ oː ɾ
<|हिंदी|>छाती	t͡ʃʰ ɑː t̪ iː
<|हिंदी|>छाप	t͡ʃʰ ɑː p
<|हिंदी|>छापामार	t͡ʃʰ ɑː p ɑː m ɑː ɾ
<|हिंदी|>छावनी	t͡ʃʰ ɑː ʋ n iː
<|हिंदी|>छोटू	t͡ʃʰ oː ʈ uː
<|हिंदी|>जंतर	d͡ʒ ə n t̪ ə ɾ
<|हिंदी|>जनजाति	d͡ʒ ə n d͡ʒ ɑː t̪ iː
<|हिंदी|>जननी	d͡ʒ ə n n iː
<|हिंदी|>जन्मदिन	d͡ʒ ə n ə m d̪ ɪ n
<|हिंदी|>जन्मभूमि	d͡ʒ ə n m bʱ uː m iː
<|हिंदी|>जब	d͡ʒ ə b
<|हिंदी|>जमीन	d͡ʒ ə m iː n
<|हिंदी|>जमीयत	d͡ʒ ə m iː j ə t̪
<|हिंदी|>जर्मनी	d͡ʒ ə ɾ m ə n̪ iː
<|हिंदी|>जलना	d͡ʒ ə l n ɑː
<|हिंदी|>जलसा	d͡ʒ ə l s ɑː
<|हिंदी|>जल्द	d͡ʒ ə l d̪
<|हिंदी|>जहाज़	d͡ʒ ə ɦ ɑː z
<|हिंदी|>ज़मीनी	z ə m iː n iː
<|हिंदी|>ज़िक्र	z ɪ k ɾ
<|हिंदी|>जाएगा	d͡ʒ ɑː eː ɡ ɑː
<|हिंदी|>जागरूकता	d͡ʒ ɑː ɡ ɾ uː k t̪ ɑː
<|हिंदी|>जातिवाद	d͡ʒ ɑː t̪ iː ʋ ɑː d̪
<|हिंदी|>जानी	d͡ʒ ɑː n iː
<|हिंदी|>जापान	d͡ʒ ɑː p ɑː n
<|हिंदी|>जायज़	d͡ʒ ɑː j ə z
<|हिंदी|>जायदाद	d͡ʒ ɑː j ə d̪ ɑː d̪
<|हिंदी|>जिसको	d͡ʒ ɪ s k oː
<|हिंदी|>जीन	d͡ʒ iː n
<|हिंदी|>जीभ	d͡ʒ iː bʱ
<|हिंदी|>जुगलबंदी	d͡ʒ ʊ ɡ ə l b ə n d̪ iː
<|हिंदी|>जुनून	d͡ʒ ʊ n uː n
<|हिंदी|>जुमला	d͡ʒ ʊ m l ɑː
<|हिंदी|>जेठानी	d͡ʒ eː ʈʰ ɑː n iː
<|हिंदी|>जेद्दा	d͡ʒ eː d̪ d̪ ɑː
<|हिंदी|>जॉर्डन	d͡ʒ ɔː ɾ ɖ ə n
<|हिंदी|>जोधपुर	d͡ʒ oː d̪ʱ p ʊ ɾ
<|हिंदी|>ज्यादा	d͡ʒ j ɑː d̪ ɑː
<|हिंदी|>ज्वार	d͡ʒ ʋ ɑː ɾ
<|हिंदी|>झील	d͡ʒʱ iː l
<|हिंदी|>झोली	d͡ʒʱ oː l iː
<|हिंदी|>टब	ʈ ə b
<|हिंदी|>टांग	ʈ ɑː ŋ ɡ
<|हिंदी|>टिप्पणी	ʈ ɪ p p ə n iː
<|हिंदी|>टेक	ʈ eː k
<|हिंदी|>टोक्यो	ʈ oː k j oː
<|हिंदी|>टोपी	ʈ oː p iː
<|हिंदी|>ट्वीट	ʈ ʋ iː ʈ
<|हिंदी|>ठंडा	ʈʰ ə n ɖ ɑː
<|हिंदी|>डायनासोर	ɖ ɑː j n ɑː s oː ɾ
<|हिंदी|>डीयू	ɖ iː j uː
<|हिंदी|>डुबकी	ɖ ʊ b k iː
<|हिंदी|>डेनमार्क	ɖ eː n m ɑː ɾ k
<|हिंदी|>डोरी	ɖ oː ɾ iː
<|हिंदी|>ढाई	ɖʱ ɑː iː
<|हिंदी|>ढाका	ɖʱ ɑː k ɑː
<|हिंदी|>ढीठ	ɖʱ iː ʈʰ
<|हिंदी|>ढोंग	ɖʱ oː ŋ ɡ
<|हिंदी|>तटस्थ	t̪ ə ʈ ə s t̪ʰ
<|हिंदी|>तटीय	t̪ ə ʈ iː j
<|हिंदी|>तथ्य	t̪ ə t̪ʰ j
<|हिंदी|>तनाव	t̪ ə n ɑː ʋ
<|हिंदी|>तरेरना	t̪ ə ɾ eː ɾ n ɑː
<|हिंदी|>तर्ज़	t̪ ə ɾ z
<|हिंदी|>ताक	t̪ ɑː k
<|हिंदी|>तारीफ़	t̪ ɑː ɾ iː f
<|हिंदी|>तुर्क	t̪ ʊ ɾ k
<|हिंदी|>तुर्किस्तान	t̪ ʊ ɾ k ɪ s t̪ ɑː n
<|हिंदी|>तूफ़ान	t̪ uː f ɑː n
<|हिंदी|>तेलंगाना	t̪ eː l ə ŋ ɡ ɑː n ɑː
<|हिंदी|>तैनात	t̪ ɛː n ɑː t̪
<|हिंदी|>तौर	t̪ ɔː ɾ
<|हिंदी|>तौहीन	t̪ ɔː ɦ iː n
<|हिंदी|>त्यागपत्र	t̪ j ɑː ɡ p ə t̪ ɾ
<|हिंदी|>थाना	t̪ʰ ɑː n ɑː
<|हिंदी|>थैला	t̪ʰ ɛː l ɑː
<|हिंदी|>थोक	t̪ʰ oː k
<|हिंदी|>थोपना	t̪ʰ oː p n ɑː
<|हिंदी|>दबाना	d̪ ə b aː n̪ aː
<|हिंदी|>दर्शन	d̪ ə ɾ ʃ ə n
<|हिंदी|>दलाल	d̪ ə l ɑː l
<|हिंदी|>दलील	d̪ ə l iː l
<|हिंदी|>दशहरा	d̪ ə ʃ ɛːʱ ɾ ɑː
<|हिंदी|>दस	d̪ ə s
<|हिंदी|>दही	d̪ ə ɦ iː
<|हिंदी|>दारू	d̪ ɑː ɾ uː
<|हिंदी|>दिखावा	d̪ ɪ kʰ ɑː ʋ ɑː
<|हिंदी|>दिगंबर	d̪ ɪ ɡ ə m b ə ɾ
<|हिंदी|>दिनेश	d̪ ɪ n eː ʃ
<|हिंदी|>दिली	d̪ ɪ l iː
<|हिंदी|>दीदार	d̪ iː d̪ ɑː ɾ
<|हिंदी|>दीनार	d̪ iː n ɑː ɾ
<|हिंदी|>दीपावली	d̪ iː p ɑː ʋ l iː
<|हिंदी|>दीवान	d̪ iː ʋ ɑː n
<|हिंदी|>दुष्ट	d̪ ʊ ʃ ʈ
<|हिंदी|>दूतावास	d̪ uː t̪ ɑː ʋ ɑː s
<|हिंदी|>दूधिया	d̪ uː d̪ʱ ɪ j ɑː
<|हिंदी|>दूरदर्शिता	d̪ uː ɾ d̪ ə ɾ ʃ ɪ t̪ ɑː
<|हिंदी|>दूल्हा	d̪ uː l ɦ ɑː
<|हिंदी|>दे	d̪ eː
<|हिंदी|>देने	d̪ eː n eː
<|हिंदी|>देर	d̪ eː ɾ
<|हिंदी|>देवल	d̪ eː ʋ ə l
<|हिंदी|>धंधा	d̪ʱ ə n d̪ʱ ɑː
<|हिंदी|>धड़कन	d̪ʱ ə ɽ k ə n
<|हिंदी|>धनिया	d̪ʱ ə n iː j ɑː
<|हिंदी|>धन्यवाद	d̪ʱ ə n j ə ʋ ɑː d̪
<|हिंदी|>धब्बा	d̪ʱ ə b b ɑː
<|हिंदी|>धर्मनिरपेक्ष	d̪ʱ ə ɾ m n ɪ ɾ p eː k ʃ
<|हिंदी|>धाकड़	d̪ʱ ɑː k ə ɽ
<|हिंदी|>धूप	d̪ʱ uː p
<|हिंदी|>धूम	d̪ʱ uː m
<|हिंदी|>ध्वज	d̪ʱ ʋ ə d͡ʒ
<|हिंदी|>ध्वस्त	d̪ʱ ʋ ə s t̪
<|हिंदी|>नई	n ə iː
<|हिंदी|>नगर	n ə ɡ ə ɾ
<|हिंदी|>नज़रबंदी	n ə z ə ɾ b ə n d̪ iː
<|हिंदी|>नटखट	n ə ʈ kʰ ə ʈ
<|हिंदी|>नमक	n ə m ə k
<|हिंदी|>नयन	n ə j ə n
<|हिंदी|>नर	n ə ɾ
<|हिंदी|>नर्मदा	n ə ɾ m ə d̪ ɑː
<|हिंदी|>नवंबर	n ə ʋ ə m b ə ɾ
<|हिंदी|>नवजात	n ə ʋ d͡ʒ ɑː t̪
<|हिंदी|>नवीन	n ə ʋ iː n
<|हिंदी|>नस्ल	n ə s l
<|हिंदी|>नस्लभेद	n ə s l bʱ eː d̪
<|हिंदी|>नाइनसाफ़ी	n ɑː ɪ n s ɑː f iː
<|हिंदी|>नाकाम	n ɑː k ɑː m
<|हिंदी|>नामंज़ूर	n ɑː m ə n z uː ɾ
<|हिंदी|>नासिक	n ɑː s ɪ k
<|हिंदी|>निकारागुआ	n ɪ k ɑː ɾ ɑː ɡ ʊ ɑː
<|हिंदी|>निजी	n ɪ d͡ʒ iː
<|हिंदी|>निजीकरण	n ɪ d͡ʒ iː k ə ɾ ə n
<|हिंदी|>निबंध	n ɪ b ə n d̪ʱ
<|हिंदी|>नियमित	n iː j ə m ɪ t̪
<|हिंदी|>निराश	n ɪ ɾ ɑː ʃ
<|हिंदी|>निराशा	n ɪ ɾ ɑː ʃ ɑː
<|हिंदी|>निरीक्षक	n ɪ ɾ iː k ʃ ə k
<|हिंदी|>निरीक्षण	n ɪ ɾ iː k ʃ ə n
<|हिंदी|>निर्मित	n ɪ ɾ m ɪ t̪
<|हिंदी|>निवाला	n ɪ ʋ ɑː l ɑː
<|हिंदी|>निवासी	n ɪ ʋ ɑː s iː
<|हिंदी|>निशान	n ɪ ʃ ɑː n
<|हिंदी|>निष्ठा	n ɪ ʃ ʈʰ ɑː
<|हिंदी|>निस्संदेह	n ɪ s s ə n d̪ eːʱ
<|हिंदी|>नींबू	n iː m b uː
<|हिंदी|>नींव	n ĩː ʋ
<|हिंदी|>नीलाम	n iː l ɑː m
<|हिंदी|>नूर	n uː ɾ
<|हिंदी|>नेता	n eː t̪ ɑː
<|हिंदी|>नेतृत्व	n eː t̪ ɾ ɪ t̪ ʋ
<|हिंदी|>नैन	n ɛː n
<|हिंदी|>नॉर्वे	n ɔː ɾ ʋ eː
<|हिंदी|>नौकर	n ɔː k ə ɾ
<|हिंदी|>न्यास	n j ɑː s
<|हिंदी|>पंचायती	p ə ɲ t͡ʃ ɑː j ə t̪ iː
<|हिंदी|>पंजाब	p ə ɲ d͡ʒ ɑː b
<|हिंदी|>पक्षपातपूर्ण	p ə k ʃ p ɑː t̪ p uː ɾ n
<|हिंदी|>पचहत्तर	p ə t͡ʃʰ ə t̪ t̪ ə ɾ
<|हिंदी|>पचानवे	p ə t͡ʃ ɑː n ʋ eː
<|हिंदी|>पछाड़ना	p ə t͡ʃʰ ɑː ɽ n ɑː
<|हिंदी|>पटेल	p ə ʈ eː l
<|हिंदी|>पढ़ाई	p ə ɽʱ ɑː iː
<|हिंदी|>पत्थर	p ə t̪ t̪ʰ ə ɾ
<|हिंदी|>पदाधिकारी	p ə d̪ ɑː d̪ʱ ɪ k ɑː ɾ iː
<|हिंदी|>पनामा	p ə n ɑː m ɑː
<|हिंदी|>पन्ना	p ə n n ɑː
<|हिंदी|>परिचय	p ə ɾ ɪ t͡ʃ ə j
<|हिंदी|>परिचित	p ə ɾ ɪ t͡ʃ ɪ t̪
<|हिंदी|>परिणाम	p ə ɾ ɪ n ɑː m
<|हिंदी|>परिभाषा	p ə r ɪ bʱ aː ʃ aː
<|हिंदी|>परिषद	p ə ɾ ɪ ʃ ə d̪
<|हिंदी|>परिसंपत्ति	p ə ɾ ɪ s ə m p ə t̪ t̪ iː
<|हिंदी|>परे	p ə ɾ eː
<|हिंदी|>पर्व	p ə ɾ ʋ
<|हिंदी|>पल	p ə l
<|हिंदी|>पलंग	p ə l ə ŋ ɡ
<|हिंदी|>पलीता	p ə l iː t̪ ɑː
<|हिंदी|>पवन	p ə ʋ ə n
<|हिंदी|>पश्चिमी	p ə ʃ t͡ʃ ɪ m iː
<|हिंदी|>पश्मीना	p ə ʃ m iː n ɑː
<|हिंदी|>पसंद	p ə s ə n d̪
<|हिंदी|>पसली	p ə s l iː
<|हिंदी|>पहरेदार	p ɛːʱ ɾ eː d̪ ɑː ɾ
<|हिंदी|>पांच	p ɑː ɲ t͡ʃ
<|हिंदी|>पाक	p ɑː k
<|हिंदी|>पाठक	p ɑː ʈʰ ə k
<|हिंदी|>पादरी	p ɑː d̪ ɾ iː
<|हिंदी|>पाबंदी	p ɑː b ə n d̪ iː
<|हिंदी|>पीना	p iː n̪ ɑː
<|हिंदी|>पीला	p iː l ɑː
<|हिंदी|>पुलिसकर्मी	p ʊ l ɪ s k ə ɾ m iː
<|हिंदी|>पुस्तक	p ʊ s t̪ ə k
<|हिंदी|>पूछ	p uː t͡ʃʰ
<|हिंदी|>पूर्णकालिक	p uː ɾ n ə k ɑː l ɪ k
<|हिंदी|>पेश	p eː ʃ
<|हिंदी|>पेशा	p eː ʃ ɑː
<|हिंदी|>पैदाइश	p ɛː d̪ ɑː ɪ ʃ
<|हिंदी|>पैरोकार	p ɛː ɾ oː k ɑː ɾ
<|हिंदी|>पौंड	p ɔː n ɖ
<|हिंदी|>प्याज़	p j ɑː z
<|हिंदी|>प्यार	p j ɑː ɾ
<|हिंदी|>प्रकाश	p ɾ ə k ɑː ʃ
<|हिंदी|>प्रक्रिया	p ɾ ə k ɾ iː j ɑː
<|हिंदी|>प्रजा	p ɾ ə d͡ʒ ɑː
<|हिंदी|>प्रणाम	p ɾ ə n ɑː m
<|हिंदी|>प्रणाली	p ɾ ə n ɑː l iː
<|हिंदी|>प्रतिबंधित	p ɾ ə t̪ ɪ b ə n d̪ʱ ɪ t̪
<|हिंदी|>प्रतियोगिता	p ɾ ə t̪ iː j oː ɡ ɪ t̪ ɑː
<|हिंदी|>प्रतिरूप	p ɾ ə t̪ ɪ ɾ uː p
<|हिंदी|>प्रतिरोध	p ɾ ə t̪ ɪ ɾ oː d̪ʱ
<|हिंदी|>प्रतीकात्मक	p ɾ ə t̪ iː k ɑː t̪ m ə k
<|हिंदी|>प्रत्यक्षीकरण	p ɾ ə t̪ j ə k ʃ iː k ɾ ə n
<|हिंदी|>प्रबन्ध	p ɾ ə b ə n d̪ʱ
<|हिंदी|>प्रबल	p ɾ ə b ə l
<|हिंदी|>प्रभाव	p ɾ ə bʱ ɑː ʋ
<|हिंदी|>प्रमाण	p ɾ ə m ɑː n
<|हिंदी|>प्रयोगशाला	p ɾ ə j oː ɡ ʃ ɑː l ɑː
<|हिंदी|>प्रस्ताव	p ɾ ə s t̪ ɑː ʋ
<|हिंदी|>प्राण	p ɾ ɑː n
<|हिंदी|>प्रावधान	p ɾ ɑː ʋ d̪ʱ ɑː n
<|हिंदी|>प्रिय	p ɾ ɪ j
<|हिंदी|>प्रेरित	p ɾ eː ɾ ɪ t̪
<|हिंदी|>प्रेस	p ɾ eː s
<|हिंदी|>प्रोत्साहन	p ɾ oː t̪ s ɑː ɦ ə n
<|हिंदी|>फ़रवरी	f ə ɾ ʋ ə ɾ iː
<|हिंदी|>फ़ालतू	f ɑː l t̪ uː
<|हिंदी|>फ़िनलैंड	f ɪ n l ɛː n ɖ
<|हिंदी|>फ़िलहाल	f ɪ l ɦ ɑː l
<|हिंदी|>फ़ेहरिस्त	f eːʱ ɾ ɪ s t̪
<|हिंदी|>फ़ॉर्मूला	f ɔː ɾ m uː l ɑː
<|हिंदी|>फ़्रांसीसी	f ɾ ɑː n s iː s iː
<|हिंदी|>फालतू	pʰ ɑː l t̪ uː
<|हिंदी|>फिटकरी	pʰ ɪ ʈ k ə ɾ iː
<|हिंदी|>फूल	pʰ uː l
<|हिंदी|>बंजर	b ə ɲ d͡ʒ ə ɾ
<|हिंदी|>बंदर	b ə n d̪ ə ɾ
<|हिंदी|>बड़	b ə ɽ
<|हिंदी|>बढ़ना	b ə ɽʱ n ɑː
<|हिंदी|>बदतमीज़	b ə d̪ t̪ ə m iː z
<|हिंदी|>बदल	b ə d̪ ə l
<|हिंदी|>बनाम	b ə n ɑː m
<|हिंदी|>बम्बई	b ə m b ə iː
<|हिंदी|>बयान	b ə j ɑː n
<|हिंदी|>बर्दाश्त	b ə ɾ d̪ ɑː ʃ t̪
<|हिंदी|>बलूच	b ə l uː t͡ʃ
<|हिंदी|>बल्ला	b ə l l ɑː
<|हिंदी|>बल्लेबाज़	b ə l l eː b ɑː z
<|हिंदी|>बस्ती	b ə s t̪ iː
<|हिंदी|>बहू	b ə ɦ uː
<|हिंदी|>बांग्लादेश	b ɑː ŋ ɡ l ɑː d̪ eː ʃ
<|हिंदी|>बाजरा	b ɑː d͡ʒ ɾ ɑː
<|हिंदी|>बाजी	b ɑː d͡ʒ iː
<|हिंदी|>बाद	b ɑː d̪
<|हिंदी|>बादाम	b ɑː d̪ ɑː m
<|हिंदी|>बान	b ɑː n
<|हिंदी|>बाबू	b ɑː b uː
<|हिंदी|>बासमती	b ɑː s ə m t̪ iː
<|हिंदी|>बाह्य	b ɑːʱ j
<|हिंदी|>बिच्छू	b ɪ t͡ʃ t͡ʃʰ uː
<|हिंदी|>बिताना	b ɪ t̪ ɑː n ɑː
<|हिंदी|>बिना	b ɪ n ɑː
<|हिंदी|>बिमारी	b ɪ m ɑː ɾ iː
<|हिंदी|>बिस्तर	b ɪ s t̪ ə ɾ
<|हिंदी|>बीर	b iː ɾ
<|हिंदी|>बुढ़ापा	b ʊ ɽʱ aː p aː
<|हिंदी|>बुलेटिन	b ʊ l eː ʈ ɪ n
<|हिंदी|>बेगुनाह	b eː ɡ ʊ n ɑːʱ
<|हिंदी|>बेचैन	b eː t͡ʃ ɛː n
<|हिंदी|>बेटा	b eː ʈ ɑː
<|हिंदी|>बेलारूस	b eː l ɑː ɾ uː s
<|हिंदी|>बेशक	b eː ʃ ə k
<|हिंदी|>बेसबॉल	b eː s b ɔː l
<|हिंदी|>बैर	b ɛː ɾ
<|हिंदी|>बॉलीवुड	b ɔː l iː ʋ ʊ ɖ
<|हिंदी|>बोट	b oː ʈ
<|हिंदी|>बौना	b ɔː n ɑː
<|हिंदी|>ब्राह्मी	b ɾ ɑːʱ m iː
<|हिंदी|>भगदड़	bʱ ə ɡ d̪ ə ɽ
<|हिंदी|>भटनागर	bʱ ə ʈ n ɑː ɡ ə ɾ
<|हिंदी|>भतीजी	bʱ ə t̪ iː d͡ʒ iː
<|हिंदी|>भय	bʱ ɛː
<|हिंदी|>भरना	bʱ ə ɾ n ɑː
<|हिंदी|>भर्ती	bʱ ə ɾ t̪ iː
<|हिंदी|>भविष्य	bʱ ə ʋ ɪ ʃ j ə
<|हिंदी|>भविष्यवाणी	bʱ ə ʋ ɪ ʃ j ə ʋ ɑː n iː
<|हिंदी|>भांजी	bʱ ɑː ɲ d͡ʒ iː
<|हिंदी|>भाभी	bʱ ɑː bʱ iː
<|हिंदी|>भार	bʱ ɑː ɾ
<|हिंदी|>भावनात्मक	bʱ ɑː ʋ n ɑː t̪ m ə k
<|हिंदी|>भावुक	bʱ ɑː ʋ ʊ k
<|हिंदी|>भूखा	bʱ uː kʰ ɑː
<|हिंदी|>भूचाल	bʱ uː t͡ʃ ɑː l
<|हिंदी|>भूटान	bʱ uː ʈ ɑː n
<|हिंदी|>भूविज्ञान	bʱ uː ʋ ɪ ɡ j ɑː n
<|हिंदी|>भेजा	bʱ eː d͡ʒ ɑː
<|हिंदी|>भेषज	bʱ eː ʃ ə d͡ʒ
<|हिंदी|>भोग	bʱ oː ɡ
<|हिंदी|>भौतिक	bʱ ɔː t̪ ɪ k
<|हिंदी|>भौतिकी	bʱ ɔː t̪ ɪ k iː
<|हिंदी|>भ्रष्ट	bʱ ɾ ə ʃ ʈ
<|हिंदी|>मंज़िल	m ə n z ɪ l
<|हिंदी|>मंज़ूर	m ə n z uː ɾ
<|हिंदी|>मंशा	m ə n ʃ ɑː
<|हिंदी|>मछलीपालन	m ə t͡ʃʰ l iː p ɑː l ə n
<|हिंदी|>मजनू	m ə d͡ʒ n uː
<|हिंदी|>मजनूँ	m ə d͡ʒ n ũː
<|हिंदी|>मज़लूम	m ə z l uː m
<|हिंदी|>मतगणना	m ə t̪ ɡ ə n n ɑː
<|हिंदी|>मतलबी	m ə t̪ l ə b iː
<|हिंदी|>मधुर	m ə d̪ʱ ʊ ɾ
<|हिंदी|>मन्नत	m ə n n ə t̪
<|हिंदी|>मरम्मत	m ə ɾ ə m m ə t̪
<|हिंदी|>मर्दाना	m ə ɾ d̪ ɑː n ɑː
<|हिंदी|>मलेशिया	m ə l eː ʃ iː j ɑː
<|हिंदी|>मशीनीकरण	m ə ʃ iː n iː k ɾ ə n
<|हिंदी|>मसीहा	m ə s iː ɦ ɑː
<|हिंदी|>महँगाई	m ə ɦ ə̃ ɡ ɑː iː
<|हिंदी|>महत्व	m ɛːʱ t̪ ʋ
<|हिंदी|>महत्वाकांक्षा	m ɛːʱ t̪ ʋ ɑː k ɑː ŋ k ʃ ɑː
<|हिंदी|>महान	m ə ɦ ɑː n
<|हिंदी|>महाराजा	m ə ɦ ɑː ɾ ɑː d͡ʒ ɑː
<|हिंदी|>मांस	m ɑː n s
<|हिंदी|>मानवीय	m ɑː n ə ʋ iː j
<|हिंदी|>मामी	m ɑː m iː
<|हिंदी|>मायने	m ɑː j n eː
<|हिंदी|>मार्केट	m ɑː ɾ k eː ʈ
<|हिंदी|>मार्ग	m ɑː ɾ ɡ
<|हिंदी|>मार्गदर्शन	m ɑː ɾ ɡ d̪ ə ɾ ʃ ə n
<|हिंदी|>मालदार	m ɑː l d̪ ɑː ɾ
<|हिंदी|>मास्को	m ɑː s k oː
<|हिंदी|>मियाँ	m iː j ɑ̃ː
<|हिंदी|>मिर्च	m ɪ ɾ t͡ʃ
<|हिंदी|>मिल	m ɪ l
<|हिंदी|>मिलीभगत	m ɪ l iː bʱ ə ɡ ə t̪
<|हिंदी|>मिश्रण	m ɪ ʃ ɾ ə n
<|हिंदी|>मिस्त्री	m ɪ s t̪ ɾ iː
<|हिंदी|>मीडिया	m iː ɖ iː j ɑː
<|हिंदी|>मुँह	m ũːʱ
<|हिंदी|>मुंडन	m ʊ n ɖ ə n
<|हिंदी|>मुग्ध	m ʊ ɡ d̪ʱ
<|हिंदी|>मुजाहिदीन	m ʊ d͡ʒ ɑː ɦ ɪ d̪ iː n
<|हिंदी|>मुठभेड़	m ʊ ʈʰ bʱ eː ɽ
<|हिंदी|>मुरीद	m ʊ ɾ iː d̪
<|हिंदी|>मुसलमान	m ʊ s ə l m ɑː n
<|हिंदी|>मूँग	m ũː ɡ
<|हिंदी|>मूर्धन्य	m uː ɾ d̪ʱ ə n j
<|हिंदी|>मूल्य	m uː l j
<|हिंदी|>मे	m eː
<|हिंदी|>मेक्सिको	m eː k s ɪ k oː
<|हिंदी|>मेघालय	m eː ɡʱ ɑː l ə j
<|हिंदी|>मेमो	m eː m oː
<|हिंदी|>मेवा	m eː ʋ ɑː
<|हिंदी|>मेहनती	m eː ɦ ə n t̪ iː
<|हिंदी|>मैंने	m ɛ̃ː n eː
<|हिंदी|>मॉड्यूल	m ɔː ɖ j uː l
<|हिंदी|>मोर	m oː ɾ
<|हिंदी|>मोल	m oː l
<|हिंदी|>मौखिक	m ɔː kʰ ɪ k
<|हिंदी|>मौन	m ɔː n
<|हिंदी|>मौलवी	m ɔː l ʋ iː
<|हिंदी|>मौला	m ɔː l ɑː
<|हिंदी|>यंत्र	j ə n t̪ ɾ ə
<|हिंदी|>यद्यपि	j ə d̪ j ə p iː
<|हिंदी|>यमुना	j ə m ʊ n ɑː
<|हिंदी|>यरुशलम	j ə ɾ ʊ ʃ ə l ə m
<|हिंदी|>यह	j əʱ
<|हिंदी|>रंग	ɾ ə ŋ ɡ
<|हिंदी|>रंगमंच	ɾ ə ŋ ɡ m ə ɲ t͡ʃ
<|हिंदी|>रंगरूट	ɾ ə ŋ ɡ ɾ uː ʈ
<|हिंदी|>रखना	ɾ ə kʰ n ɑː
<|हिंदी|>रहना	ɾ ɛːʱ n ɑː
<|हिंदी|>रांची	ɾ ɑː ɲ t͡ʃ iː
<|हिंदी|>राजद	ɾ ɑː d͡ʒ ə d̪
<|हिंदी|>राजदूत	ɾ ɑː d͡ʒ d̪ uː t̪
<|हिंदी|>राजवंश	ɾ ɑː d͡ʒ ʋ ə n ʃ
<|हिंदी|>राजस्थानी	ɾ ɑː d͡ʒ ə s t̪ʰ ɑː n iː
<|हिंदी|>रानी	ɾ ɑː n iː
<|हिंदी|>रामल्लाह	ɾ ɑː m ə l l ɑːʱ
<|हिंदी|>रार	ɾ ɑː ɾ
<|हिंदी|>रिपोर्टर	ɾ ɪ p oː ɾ ʈ ə ɾ
<|हिंदी|>रियासत	ɾ iː j ɑː s ə t̪
<|हिंदी|>रिश्ता	ɾ ɪ ʃ t̪ ɑː
<|हिंदी|>रीता	ɾ iː t̪ ɑː
<|हिंदी|>रुझान	ɾ ʊ d͡ʒʱ ɑː n
<|हिंदी|>रूपरेखा	ɾ uː p ɾ eː kʰ ɑː
<|हिंदी|>रूस	ɾ uː s
<|हिंदी|>रोक	ɾ oː k
<|हिंदी|>रोड	ɾ oː ɖ
<|हिंदी|>रोमानिया	ɾ oː m ɑː n iː j ɑː
<|हिंदी|>लंदन	l ə n d̪ ə n
<|हिंदी|>लंबू	l ə m b uː
<|हिंदी|>लगान	l ə ɡ ɑː n
<|हिंदी|>लड़ाकू	l ə ɽ ɑː k uː
<|हिंदी|>लश्कर	l ə ʃ k ə ɾ
<|हिंदी|>लहरा	l ɛːʱ ɾ ɑː
<|हिंदी|>लाइसेंस	l ɑː ɪ s eː n s
<|हिंदी|>लागू	l ɑː ɡ uː
<|हिंदी|>लाजवाब	l ɑː d͡ʒ ə ʋ ɑː b
<|हिंदी|>लाट	l ɑː ʈ
<|हिंदी|>लापरवाह	l ɑː p ə ɾ ʋ ɑːʱ
<|हिंदी|>लालच	l ɑː l ə t͡ʃ
<|हिंदी|>लालायित	l ɑː l ɑː j ɪ t̪
<|हिंदी|>लिखने	l ɪ kʰ n eː
<|हिंदी|>लिवरपूल	l ɪ ʋ ə ɾ p uː l
<|हिंदी|>लेखन	l eː kʰ ə n
<|हिंदी|>लेखा	l eː kʰ ɑː
<|हिंदी|>लोगो	l oː ɡ oː
<|हिंदी|>लोगों	l oː ɡ õː
<|हिंदी|>लौ	l ɔː
<|हिंदी|>वंशवाद	ʋ ə n ʃ ʋ ɑː d̪
<|हिंदी|>वकालत	ʋ ə k ɑː l ə t̪
<|हिंदी|>वतन	ʋ ə t̪ ə n
<|हिंदी|>वन्य	ʋ ə n j
<|हिंदी|>वर्णमाला	ʋ ə ɾ n m ɑː l ɑː
<|हिंदी|>वर्षा	ʋ ə ɾ ʃ ɑː
<|हिंदी|>वसंत	ʋ ə s ə n t̪
<|हिंदी|>वहीं	ʋ ə ɦ ĩː
<|हिंदी|>वातानुकूलित	ʋ ɑː t̪ ɑː n ʊ k uː l ɪ t̪
<|हिंदी|>वापसी	ʋ ɑː p s iː
<|हिंदी|>वापिस	ʋ ɑː p ɪ s
<|हिंदी|>वाहक	ʋ ɑː ɦ ə k
<|हिंदी|>विक्रय	ʋ ɪ k ɾ ə j
<|हिंदी|>वितरण	ʋ ɪ t̪ ɾ ə n
<|हिंदी|>वित्तीय	ʋ ɪ t̪ t̪ iː j
<|हिंदी|>विद्या	ʋ ɪ d̪ j ɑː
<|हिंदी|>विधवा	ʋ ɪ d̪ʱ ʋ ɑː
<|हिंदी|>विधेयक	ʋ ɪ d̪ʱ eː j ə k
<|हिंदी|>विराजमान	ʋ ɪ ɾ ɑː d͡ʒ m ɑː n
<|हिंदी|>विलास	ʋ ɪ l ɑː s
<|हिंदी|>विलीन	ʋ ɪ l iː n
<|हिंदी|>विश्वप्रसिद्ध	ʋ ɪ ʃ ʋ ə p ɾ ə s ɪ d̪ d̪ʱ
<|हिंदी|>विश्वासपात्र	ʋ ɪ ʃ ʋ ɑː s p ɑː t̪ ɾ
<|हिंदी|>विस्फोटक	ʋ ɪ s pʰ oː ʈ ə k
<|हिंदी|>वेदांत	ʋ eː d̪ ɑː n t̪
<|हिंदी|>वैदिक	ʋ ɛː d̪ ɪ k
<|हिंदी|>वैद्य	ʋ ɛː d̪ j
<|हिंदी|>वो	ʋ oː
<|हिंदी|>व्यंजक	ʋ j ə ɲ d͡ʒ ə k
<|हिंदी|>व्याख्याता	ʋ j ɑː kʰ j ɑː t̪ ɑː
<|हिंदी|>व्लादिमीर	ʋ l ɑː d̪ ɪ m iː ɾ
<|हिंदी|>व्लादिवोस्तोक	ʋ l ɑː d̪ ɪ ʋ oː s t̪ oː k
<|हिंदी|>शतक	ʃ ə t̪ ə k
<|हिंदी|>शर्मनाक	ʃ ə ɾ m n ɑː k
<|हिंदी|>शान	ʃ ɑː n
<|हिंदी|>शान्ति	ʃ ɑː n t̪ iː
<|हिंदी|>शामिल	ʃ ɑː m ɪ l
<|हिंदी|>शावक	ʃ ɑː ʋ ə k
<|हिंदी|>शाश्वत	ʃ ɑː ʃ ʋ ə t̪
<|हिंदी|>शिकार	ʃ ɪ k ɑː ɾ
<|हिंदी|>शिखर	ʃ ɪ kʰ ə ɾ
<|हिंदी|>शिविर	ʃ ɪ ʋ ɪ ɾ
<|हिंदी|>शीशा	ʃ iː ʃ ɑː
<|हिंदी|>शुरुआती	ʃ ʊ ɾ ʊ ɑː t̪ iː
<|हिंदी|>शुरू	ʃ ʊ ɾ uː
<|हिंदी|>शून्य	ʃ uː n j ə
<|हिंदी|>शृंखला	ʃ ɾ ɪ ŋ kʰ l ɑː
<|हिंदी|>शैली	ʃ ɛː l iː
<|हिंदी|>शोर	ʃ oː ɾ
<|हिंदी|>शोला	ʃ oː l ɑː
<|हिंदी|>श्रीफल	ʃ ɾ iː pʰ ə l
<|हिंदी|>श्रीलंका	ʃ ɾ iː l ə ŋ k ɑː
<|हिंदी|>श्रेणी	ʃ ɾ eː n iː
<|हिंदी|>संकेत	s ə ŋ k eː t̪
<|हिंदी|>संख्या	s ə ŋ kʰ j ɑː
<|हिंदी|>संग	s ə ŋ ɡ
<|हिंदी|>संगीत	s ə ŋ ɡ iː t̪
<|हिंदी|>संदिग्ध	s ə n d̪ ɪ ɡ d̪ʱ
<|हिंदी|>संदेह	s ə n d̪ eːʱ
<|हिंदी|>संपर्क	s ə m p ə ɾ k
<|हिंदी|>संप्रभुता	s ə m p ɾ ə bʱ ʊ t̪ ɑː
<|हिंदी|>संबंध	s ə m b ə n d̪ʱ
<|हिंदी|>संबोधित	s ə m b oː d̪ʱ ɪ t̪
<|हिंदी|>संभव	s ə̃ m bʱ ə ʋ
<|हिंदी|>संभोग	s ə m bʱ oː ɡ
<|हिंदी|>संयम	s ə̃ j ə m
<|हिंदी|>संयोजक	s ə̃ j oː d͡ʒ ə k
<|हिंदी|>संशोधन	s ə n ʃ oː d̪ʱ ə n
<|हिंदी|>सकता	s ə k t̪ ɑː
<|हिंदी|>सघन	s ə ɡʱ ə n
<|हिंदी|>सड़क	s ə ɽ ə k
<|हिंदी|>सतह	s ə t̪ əʱ
<|हिंदी|>सत्तर	s ə t̪ t̪ ə ɾ
<|हिंदी|>सत्य	s ə t̪ j
<|हिंदी|>सदन	s ə d̪ ə n
<|हिंदी|>सम	s ə m
<|हिंदी|>समतल	s ə m t̪ ə l
<|हिंदी|>समय	s ə m ə j
<|हिंदी|>समर्थन	s ə m ə ɾ t̪ʰ ə n
<|हिंदी|>समाचार	s ə m ɑː t͡ʃ ɑː ɾ
<|हिंदी|>समीक्षा	s ə m iː k ʃ ɑː
<|हिंदी|>समेटना	s ə m eː ʈ n ɑː
<|हिंदी|>समेत	s ə m eː t̪
<|हिंदी|>सम्पादक	s ə m p ɑː d̪ ə k
<|हिंदी|>सम्मेलन	s ə m m eː l ə n
<|हिंदी|>सर	s ə ɾ
<|हिंदी|>सरपंच	s ə ɾ p ə ɲ t͡ʃ
<|हिंदी|>सरल	s ə ɾ ə l
<|हिंदी|>सराहना	s ə ɾ ɑːʱ n ɑː
<|हिंदी|>सर्किल	s ə ɾ k ɪ l
<|हिंदी|>सर्ब	s ə ɾ b
<|हिंदी|>सर्बिया	s ə ɾ b iː j ɑː
<|हिंदी|>सर्वदलीय	s ə ɾ ʋ d̪ ə l iː j
<|हिंदी|>सलाम	s ə l ɑː m
<|हिंदी|>सलाह	s ə l ɑːʱ
<|हिंदी|>सहरी	s ɛːʱ ɾ iː
<|हिंदी|>सहायक	s ə ɦ ɑː j ə k
<|हिंदी|>साँस	s ɑ̃ː s
<|हिंदी|>सांप	s ɑ̃ː p
<|हिंदी|>सांसद	s ɑː n s ə d̪
<|हिंदी|>साजन	s ɑː d͡ʒ ə n
<|हिंदी|>साझा	s ɑː d͡ʒʱ ɑː
<|हिंदी|>साठ	s ɑː ʈʰ
<|हिंदी|>सात	s ɑː t̪
<|हिंदी|>सामग्री	s ɑː m ə ɡ ɾ iː
<|हिंदी|>सामर्थ्य	s ɑː m ə ɾ t̪ʰ j ə
<|हिंदी|>सामूहिक	s ɑː m uː ɦ ɪ k
<|हिंदी|>सारा	s ɑː ɾ ɑː
<|हिंदी|>सार्थक	s ɑː ɾ t̪ʰ ə k
<|हिंदी|>सास	s ɑː s
<|हिंदी|>सिकंदराबाद	s ɪ k ə n d̪ ə ɾ ɑː b ɑː d̪
<|हिंदी|>सितारा	s ɪ t̪ ɑː ɾ ɑː
<|हिंदी|>सिनेमा	s ɪ n eː m ɑː
<|हिंदी|>सिया	s iː j ɑː
<|हिंदी|>सुकून	s ʊ k uː n
<|हिंदी|>सुख	s ʊ kʰ
<|हिंदी|>सुधारवादी	s ʊ d̪ʱ ɑː ɾ ʋ ɑː d̪ iː
<|हिंदी|>सुनना	s ʊ n n ɑː
<|हिंदी|>सुबोध	s ʊ b oː d̪ʱ
<|हिंदी|>सुरंग	s ʊ ɾ ə ŋ ɡ
<|हिंदी|>सूर्यास्त	s uː ɾ j ɑː s t̪
<|हिंदी|>सूर्योदय	s uː ɾ j oː d̪ ə j
<|हिंदी|>सेल	s eː l
<|हिंदी|>सोशलिस्ट	s oː ʃ l ɪ s ʈ
<|हिंदी|>सौंपना	s ɔː m p n ɑː
<|हिंदी|>सौदागर	s ɔː d̪ ɑː ɡ ə ɾ
<|हिंदी|>सौर	s ɔː ɾ
<|हिंदी|>स्कर्ट	s k ə ɾ ʈ
<|हिंदी|>स्कूली	s k uː l iː
<|हिंदी|>स्तंभ	s t̪ ə m bʱ
<|हिंदी|>स्थानांतरण	s t̪ʰ ɑː n ɑː n t̪ ɾ ə n
<|हिंदी|>स्थिर	s t̪ʰ ɪ ɾ
<|हिंदी|>स्वाद	s ʋ ɑː d̪
<|हिंदी|>हंगामा	ɦ ə ŋ ɡ ɑː m ɑː
<|हिंदी|>हड़ताली	ɦ ə ɽ t̪ ɑː l iː
<|हिंदी|>हमको	ɦ ə m k oː
<|हिंदी|>हमला	ɦ ə m l ɑː
<|हिंदी|>हमलावर	ɦ ə m l ɑː ʋ ə ɾ
<|हिंदी|>हमारा	ɦ ə m ɑː ɾ ɑː
<|हिंदी|>हमें	ɦ ə m ẽ
<|हिंदी|>हरकत	ɦ ə ɾ k ə t̪
<|हिंदी|>हरा	ɦ ə ɾ ɑː
<|हिंदी|>हराम	ɦ ə ɾ ɑː m
<|हिंदी|>हरित	ɦ ə ɾ ɪ t̪
<|हिंदी|>हरियाली	ɦ ə ɾ iː j ɑː l iː
<|हिंदी|>हाइड्रोजन	ɦ ɑː ɪ ɖ ɾ oː d͡ʒ ə n
<|हिंदी|>हाथ	ɦ ɑː t̪ʰ
<|हिंदी|>हादसा	ɦ ɑː d̪ s ɑː
<|हिंदी|>हालत	ɦ ɑː l ə t̪
<|हिंदी|>हिंद	ɦ ɪ n d̪
<|हिंदी|>ही	ɦ iː
<|हिंदी|>हीर	ɦ iː ɾ
<|हिंदी|>हीरो	ɦ iː ɾ oː
<|हिंदी|>हैरत	ɦ ɛː ɾ ə t̪
<|हिंदी|>हॉकी	ɦ ɔː k iː
<|बंगा|>অঁকোল	ɔ k o l
<|बंगा|>অকর্তা	ɔ k ɔ ɹ t̪ a
<|बंगा|>অকর্মা	ɔ k ɔ ɹ m a
<|बंगा|>অকলঙ্কিনী	ɔ k ɔ l o ŋ k i n i
<|बंगा|>অকল্পিত	ɔ k o l p i t̪ o
<|बंगा|>অকষ্টবদ্ধ	ɔ k ɔ ʃ ʈ o b ɔ d̪ d̪ʰ o
<|बंगा|>অকার্যকরী	ɔ k a ɾ d͡ʒ ɔ k ɔ ɾ i
<|बंगा|>অকাল	ɔ k a l
<|बंगा|>অকুস্থল	o k u s t̪ʰ ɔ l
<|बंगा|>অকৃপণতা	ɔ k r i p ɔ n ɔ t̪ a
<|बंगा|>অকৃষ্টপচ্য	ɔ k r i ʃ ʈ o p o c c o
<|बंगा|>অক্টোপাস	ɔ k t o p a ʃ
<|बंगा|>অক্রিয়া	ɔ k k r iʲ a
<|बंगा|>অক্লেশে	ɔ k k l e ʃ e
<|बंगा|>অক্ষতশরীরে	ɔ k kʰ ɔ t̪ o ʃ o r i r e
<|बंगा|>অক্ষার	ɔ k kʰ a r
<|बंगा|>অক্ষুব্ধ	ɔ k kʰ u b d̪ʱ o
<|बंगा|>অক্সিডেশন	ɔ k ʃ i ɖ e ʃ ɔ n
<|बंगा|>অগম্যা	ɔ ɡ o m m a
<|बंगा|>অগস্ট	ɔ ɡ ɔ s t
<|बंगा|>অগ্নিকুণ্ড	ɔ ɡ n i k u n d o
<|बंगा|>অগ্নিগর্ভ	o ɡ n i ɡ ɔ r bʱ o
<|बंगा|>অগ্নিতপ্ত	o ɡ n i t̪ ɔ p t̪ o
<|बंगा|>অগ্নিদাহ	o ɡ n i d̪ a h o
<|बंगा|>অগ্নিবর্ষী	o ɡ n i b o r ʃ i
<|बंगा|>অগ্নিবৃষ্টি	o ɡ n i b r i ʃ ʈ i
<|बंगा|>অগ্নিযুগ	o ɡ n i ɟ u ɡ
<|बंगा|>অগ্নিহোত্রী	o ɡ n i h o t̪ t̪ r i
<|बंगा|>অগ্ন্যুদ্গার	o ɡ n u d̪ ɡ a r
<|बंगा|>অগ্ন্যুদ্‌গার	o ɡ n u d̪ ɡ a r
<|बंगा|>অঙ্কস্থিত	ɔ ŋ k o s t̪ʰ i t̪ o
<|बंगा|>অঙ্গ	ɔ ŋ ɡ o
<|बंगा|>অঙ্গার	ɔ ŋ ɡ a r
<|बंगा|>অজগর	ɔ d͡ʒ ɔ ɡ ɔ ɾ
<|बंगा|>অঞ্চল	ɔ n t ʃ ɔ l
<|बंगा|>অতিমঙ্গল্য	o t i m o ŋ ɡ o lː ɔ
<|बंगा|>অথচ	ɔ t̪ʰ ɔ t͡ʃ o
<|बंगा|>অথবা	ɔ t̪ʰ ɔ b ɑ
<|बंगा|>অনুরাগ	o n u ɹ a ɡ
<|बंगा|>অনেক	ɔ n e k
<|बंगा|>অন্ন	ɔ nː ɔ
<|बंगा|>অন্যায়	ɔ n n ɛ e̯
<|बंगा|>অপারেশন	ɔ p ɑ ɾ e ʃ ɔ n
<|बंगा|>অভিনেতা	ɔ bʱ i n e t̪ a
<|बंगा|>অমার্জনীয়	ɔ m ɑ ɾ d͡ʒ ɔ n i ɔ
<|बंगा|>অরণ্য	ɔ ɾ o nː o
<|बंगा|>অর্থাৎ	ɔ r t̪ʰ a t̪
<|बंगा|>অর্পিতা	ɔ ɹ p i t̪ a
<|बंगा|>অশনি	ɔ ʃ o n i
<|बंगा|>অশিক্ষিত	ɔ ʃ i kʰː i t̪ o
<|बंगा|>অশোত	ɔ ʃ o t
<|बंगा|>অসুস্থ	ɔ ʃ u s tʰ ɔ
<|बंगा|>অহরহ	ɔ ɦ ɔ ɾ ɔ ɦ ɔ
<|बंगा|>আঁই	ã i
<|बंगा|>আঁস	a ʃ
<|बंगा|>আংশিক	a ŋ ʃ i k
<|बंगा|>আইজ	a i z
<|बंगा|>আইজকাইল	a i z k a i l
<|बंगा|>আইজকো	a i z k ɔ
<|बंगा|>আইজ্যা	a i d͡ʑ d͡ʑ a
<|बंगा|>আখবার	a kʰ b a ɹ
<|बंगा|>আগুন	a ɡ u n
<|बंगा|>আগ্রাবাদ	a ɡ ɾ a b a d
<|बंगा|>আজ	a d ʒ
<|बंगा|>আজব	a d ʒ o b
<|बंगा|>আঞ্চলিক	a n t ʃ ɔ l i k
<|बंगा|>আঞ্চলিকতা	a n t ʃ ɔ l i k ɔ t̪ a
<|बंगा|>আডা	a d̺ a
<|बंगा|>আঢ়	a ɾ
<|बंगा|>আণ্ডা	a ɳ ɖ a
<|बंगा|>আতকা	a t̪ k a
<|बंगा|>আতশ	a t̪ o ʃ
<|बंगा|>আদমশুমার	ɑ d̪ ɔ m ʃ u m ɑ ɾ
<|बंगा|>আদেশ	ɑ d̪ e ʃ
<|बंगा|>আন্তর্জাতিক	a n t̪ ɔ ɹ d ʑ a t̪ i k
<|बंगा|>আন্তর্জাল	ɑ n t̪ ɔ ɾ d͡ʒ ɑ l
<|बंगा|>আন্ধাইর	a n d̪ʱ a i ɾ
<|बंगा|>আপনাকে	a p n a k e
<|बंगा|>আপনাদের	a p n a d̪ e ɹ
<|बंगा|>আপনে	a p n e
<|बंगा|>আপা	a p a
<|बंगा|>আবহাওয়া	a b o h a w a
<|बंगा|>আবির	ä b i ɾ
<|बंगा|>আবেগ	a b e ɡ
<|बंगा|>আব্বু	a b b u
<|बंगा|>আমড়া	a m ɽ a
<|बंगा|>আমরার	a m ɾ a ɾ
<|बंगा|>আমলকী	a m l o k i
<|बंगा|>আমাগর	a m a ɡ ɔ ɾ
<|बंगा|>আমাদের	ɑ m ɑ d e r
<|बंगा|>আমার	ɑː m ɑ ɹ
<|बंगा|>আম্মে	a m m e
<|बंगा|>আরজুমান্দ	a ɹ d ʑ u m a n
<|बंगा|>আর্জি	a ɹ d ʑ i
<|बंगा|>আর্তব	ɑ ɾ t̪ ɔ b
<|बंगा|>আলাপ	a l a p
<|बंगा|>আলেম	a l e m
<|बंगा|>আলো	a l o
<|बंगा|>আলোকরশ্মি	a l o k r o ʃ m i
<|बंगा|>আশোত	a ʃ o t
<|बंगा|>আষ্ট	a ʃ t̺ ɔ
<|बंगा|>আসাম	a s a m
<|बंगा|>আসিফ	a s i f
<|बंगा|>আস্তে	a s t̪ e
<|बंगा|>ইংরেজি	i ŋ ɹ e d ʑ i
<|बंगा|>ইকুয়েডর	i k u̯ e d ɔ ɹ
<|बंगा|>ইগা	i ɡ a
<|बंगा|>ইটানো	i ʈ a n o
<|बंगा|>ইডা	i d̺ a
<|बंगा|>ইন	i n
<|बंगा|>ইনকিলাব	i n k i l ɑ b
<|बंगा|>ইনকিলাবি	i n k i l ɑ b i
<|बंगा|>ইনশাআল্লাহ্	i n ʃ a a l l aʱ
<|बंगा|>ইন্দু	i n d̪ u
<|बंगा|>ইয়ান	i a n
<|बंगा|>ইলিশ	i l i ʃ
<|बंगा|>ইস্পাত	i ʃ p a t̪
<|बंगा|>ঈগল	i ɡ ɔ l
<|बंगा|>উক্কা	u k k a
<|बंगा|>উঙ্ঘানো	u ŋ ɡʱ a n ɔ
<|बंगा|>উদিন	u d̪ i n
<|बंगा|>উন্দূর	u n d̪ u ɾ
<|बंगा|>উপাসনা	u p a ʃ ɔ n a
<|बंगा|>উয়াস	u a ʃ
<|बंगा|>উল্কা	u l k ɐ
<|बंगा|>উল্কি	u l k i
<|बंगा|>উষ্ণ	u ʃ n o
<|बंगा|>উৎপত্তি	u t̪ p ɔ t̪ː i
<|बंगा|>ঋতু	ɾ i t̪ u
<|बंगा|>ঋষি	r i ʃ i
<|बंगा|>একজিবিশন	e k d͡ʒ i b i ʃ ɔ n
<|बंगा|>এখন	æ kʰ ɔ n
<|बंगा|>এখনও	æ kʰ ɔ n o
<|बंगा|>এটি	e t i
<|बंगा|>এবে	e b e
<|बंगा|>এলাকা	e l a k a
<|बंगा|>এস্রাজ	e s ɹ a d ʑ
<|बंगा|>ঐতিহাসিক	o i t̪ i ɦ ɑ s i k
<|बंगा|>ওঠা	o ʈʰ a
<|बंगा|>ওদের	ɔː ð ɛ ɹ
<|बंगा|>ওফাত	o f a t̪
<|बंगा|>ওয়াদা	w a d a
<|बंगा|>কক্সবাজার	k ɔ k ʃ ɔ b a d ʑ a ɹ
<|बंगा|>কখন	k ɒ kʰ ɒ n
<|बंगा|>কখনও	k ɔ kʰ ɔ n o
<|बंगा|>কঠিন	k ɔ ʈʰ i n
<|बंगा|>কত	k ɔ t̪ o
<|बंगा|>কদম	k ɔ d ɔ m
<|बंगा|>কদাচিৎ	k ɔ d̪ ɑ t͡ʃ i t̪
<|बंगा|>কদু	k o d̪ u
<|बंगा|>কনকচাঁপা	k ɔ n ɔ k c ã p a
<|बंगा|>কন্ডম	k ɔ n ɖ ɔ m
<|बंगा|>কফ	k ɔ pʰ
<|बंगा|>কবুতর	k o b u t̪ ɔ r
<|बंगा|>কবে	k oː b ɛ
<|बंगा|>কমলা	k ɔ m l a
<|बंगा|>কয়	k ɔ e̯
<|बंगा|>কয়ফল	k ɒ e̯ ɸ ɒ l
<|बंगा|>কয়লাখনি	k ɔ e̯ l ɑ kʰ ɔ n i
<|बंगा|>কয়েদ	k ɔ e̯ e d̪
<|बंगा|>কয়েদখানা	k ɔ e̯ e d̪ kʰ a n a
<|बंगा|>করঞ্জ	k ɔ ɾ ɔ n ɟ ɔ
<|बंगा|>করবী	k ɔ ɾ ɔ b i
<|बंगा|>কলা	k ɔ l a
<|बंगा|>কষ্ট	k ɔ ʃ t o
<|बंगा|>কাঁঠাল	k a ʈʰ a l
<|बंगा|>কাঁসা	k ã s a
<|बंगा|>কাইল	k a i l
<|बंगा|>কাউন	k a u̯ n
<|बंगा|>কাক	k a k
<|बंगा|>কাজাখস্তান	k a z a kʰ s t̪ a n
<|बंगा|>কাটুয়া	k a t̺ u a
<|बंगा|>কাঠ	k a ʈʰ
<|बंगा|>কাণ্টা	k a n t̺ a
<|बंगा|>কাণ্টামি	k a n t̺ a m i
<|बंगा|>কাথিয়াবাড়	k a t̪ʰ i a b a ɹ
<|बंगा|>কানাডা	k a n a ɖ a
<|बंगा|>কান্দইন্যা	k a n d̪ ɔ i n n a
<|बंगा|>কান্দাইন্যা	k a n d̪ a i n n a
<|बंगा|>কামরাঙ্গা	k a m ɾ a ŋ ɡ a
<|बंगा|>কামানো	k a m a n o
<|बंगा|>কামুক	k a m u k
<|बंगा|>কারখানা	k a r kʰ a n a
<|बंगा|>কারণ	k a r o n
<|बंगा|>কারিগর	k a r i ɡ ɔ r
<|बंगा|>কালা	k a l a
<|बंगा|>কাহই	k a h ɔ i
<|बंगा|>কিংবা	k i ŋ b ɑ
<|बंगा|>কিচ্ছা	k i t ʃ t ʃʰ a
<|बंगा|>কিতা	k i t̪ a
<|बंगा|>কিতাব	k i t a b
<|बंगा|>কিনইন্যা	k i n ɔ i n n a
<|बंगा|>কিনার	k i n a r
<|बंगा|>কুউ	k u̯ u
<|बंगा|>কুকুর	k u k u ɾ
<|बंगा|>কুঞ্জলতা	k u n ɟ ɔ l ɔ t a
<|बंगा|>কুম	k u m
<|बंगा|>কুয়াশা	k u a ʃ a
<|बंगा|>কুসুম	k u ʃ u m
<|बंगा|>কুস্তুন্তুনিয়া	k u s t̪ u n t̪ u n i̯ a
<|बंगा|>কেগা	k e ɡ a
<|बंगा|>কেডা	k ɛ d̺ a
<|बंगा|>কেন	k ɛ n oː
<|बंगा|>কেলা	k ɛ l a
<|बंगा|>কোমর	k ɔ m ɔ ɹ
<|बंगा|>কৌলিক	k o u̯ l i k
<|बंगा|>ক্যা	k ɛ
<|बंगा|>ক্যান্ডি	k æ n ɖ i
<|बंगा|>ক্ষত্রিয়	kʰ o t̪ ɹ i̯ o
<|बंगा|>ক্ষমাহীন	kʰ ɔ m a ɦ i n
<|बंगा|>কৎবেল	k ɔ t b e l
<|बंगा|>খয়ের	kʰ ɔ e ɾ
<|बंगा|>খরগোশ	kʰ ɔ r ɡ o ʃ
<|बंगा|>খরচ	kʰ ɔ ɾ o t ʃ
<|बंगा|>খাতির	kʰ a t̪ i ɾ
<|बंगा|>খানকি	kʰ a ŋ k i
<|बंगा|>খানা	kʰ a n a
<|बंगा|>খারাপ	kʰ a ɾ a p
<|बंगा|>খারাব	kʰ a ɹ a b
<|बंगा|>খালি	kʰ a l i
<|बंगा|>খালী	kʰ a l i
<|बंगा|>খুজুটিপাড়া	kʰ u d͡ʒ u ʈ̟ i p ɑ ɽ̟ ɑ
<|बंगा|>খুব	kʰ u b
<|बंगा|>খূব	kʰ u b
<|बंगा|>খেজুর	kʰ e d ʒ u r
<|बंगा|>খেয়াল	kʰ e a l
<|बंगा|>খেলা	kʱ æ l a
<|बंगा|>গঙ্গোপাধ্যায়	ɡ ɔ ŋ ɡ o p a d̪ʱː a e̯
<|बंगा|>গণ্ডার	ɡ ɔ n ɖ a r
<|बंगा|>গন্ধতৃণ	ɡ ɔ n dʱ ɔ t ɾ i n ɔ
<|बंगा|>গন্ধভাদাল	ɡ ɔ n dʱ ɔ bʱ a d a l
<|बंगा|>গর্দান	ɡ ɔ ɾ d̪ a n
<|बंगा|>গল্প	ɡ ɔ l p o
<|बंगा|>গাঁইড়া	ɡ a i ɾ a
<|बंगा|>গাইড়া	ɡ a i ɾ a
<|बंगा|>গাড়ি	ɡ a ɽ i
<|बंगा|>গুফা	ɡ u pʰ ɑ
<|बंगा|>গুম	ɡ u m
<|बंगा|>গুমোট	ɡ u m o t
<|बंगा|>গুম্ফা	ɡ u m pʰ ɑ
<|बंगा|>গেরাম	ɡ e ɾ ɑ m
<|बंगा|>গোফা	ɡ o pʰ ɑ
<|बंगा|>গোয়া	ɡ o̯ a
<|बंगा|>গোরু	ɡ o ɹ u
<|बंगा|>গোশ	ɡ o ʃ
<|बंगा|>গৌতম	ɡ o u t̪ ɔ m
<|बंगा|>গ্রাম	ɡ ɾ ɑ m
<|बंगा|>গ্রেফতার	ɡ ɾ e f t̪ a ɾ
<|बंगा|>ঘণ্টা	ɡʱ ɔ n t a
<|बंगा|>ঘর	ɡʱ ɔ ɾ
<|बंगा|>ঘষা	ɡʱ ɔ ʃ a
<|बंगा|>ঘাড়	ɡʱ a ɽ
<|बंगा|>ঘোঙ্গা	ɡʱ o ŋ ɡ ä
<|बंगा|>ঘোড়া	ɡʱ o ɽ a
<|बंगा|>ঘোষ	ɡʱ o ʃ
<|बंगा|>চড়া	t ɕ ɔ ɹ a
<|बंगा|>চম্পা	t ɕ ɔ m p a
<|बंगा|>চর্বি	t ʃ o r b i
<|बंगा|>চশমা	t ʃ ɔ ʃ m a
<|बंगा|>চাউল	c a u̯ l
<|बंगा|>চাকমা	t͡ʃ ɐ k m ɐ
<|बंगा|>চাকরী	t ɕ a k ɹ i
<|बंगा|>চাটগাঁ	t ɕ a t ɡ a
<|बंगा|>চাটা	t ʃ a ʈ a
<|बंगा|>চামচ	t ɕ a m o t ɕ
<|बंगा|>চামচড়া	s a m s ɔ ɾ a
<|बंगा|>চালতা	c a l t a
<|बंगा|>চালানো	t ʃ a l a n o
<|बंगा|>চিংড়ি	t͡ʃ i ŋ r i
<|बंगा|>চিঠি	t ɕ i tʰ i
<|बंगा|>চিন্তা	t ʃ i n t̪ a
<|बंगा|>চিলমচি	t ʃ i l ɔ m t ʃ i
<|बंगा|>চুদা	t͡ʃ u d̪ ɑ
<|बंगा|>চুম্বন	t ʃ u m b ɔ n
<|बंगा|>চুরি	t͡ʃ u r i
<|बंगा|>চুরুট	t͡ʃ u ɾ u ʈ̟
<|बंगा|>চেয়ার	t͡ʃ e ä ɾ
<|बंगा|>চেয়ে	t͡ʃ e j e
<|बंगा|>চোখ	t ʃ o kʰ
<|बंगा|>ছা	t ɕʰ a
<|बंगा|>ছাত্র	t ʃʰ a t̪ ɾ o
<|बंगा|>ছিটমহল	t ʃʰ i ʈ m ɔ ɦ ɔ l
<|बंगा|>ছেচল্লিশ	t ɕʰ e t ɕ ɔ lː i ʃ
<|बंगा|>জন্মদিন	d ʒ ɔ n m o d̪ i n
<|बंगा|>জন্যে	d ʒ ɔ nː e
<|बंगा|>জবাই	d ʒ ɔ b a i
<|बंगा|>জমি	d ʒ o m i
<|बंगा|>জমিন	d ʒ o m i n
<|बंगा|>জাভা	d ʒ a bʰ a
<|बंगा|>জামা	d ʒ a m a
<|बंगा|>জামিন	z a m i n
<|बंगा|>জায়গা	d ʒ a e̯ ɡ a
<|बंगा|>জাহাজ	d ʑ a ɦ a d ʑ
<|बंगा|>জিগানো	z i ɡ a n ɔ
<|बंगा|>জিনিস	d ʒ i n i ʃ
<|बंगा|>জির্ভা	z i ɾ bʱ a
<|बंगा|>জেঠ	z ɛ t̺ʰ
<|बंगा|>জোরে	d ʑ o ɹ e
<|बंगा|>ঝাড়খণ্ড	d ʑʱ a ɹ ɔ kʰ ɔ n d o
<|बंगा|>ঝাল	ɟʱ a l
<|बंगा|>ঝিঙা	ɟʱ i ŋ a
<|बंगा|>ঝিঙ্গা	ɟʱ i ŋ ɡ a
<|बंगा|>টমটম	t ɔ m t ɔ m
<|बंगा|>টলা	t̺ ɒ l a
<|बंगा|>টিকট	ʈ̟ i k ɔ ʈ̟
<|बंगा|>টিকিট	ʈ̟ i k i ʈ̟
<|बंगा|>টুপি	ʈ u p i
<|बंगा|>টেঙ্গা	t̺ ɛ ŋ ɡ a
<|बंगा|>টেহা	t̺ ɛ ɦ a
<|बंगा|>ট্যাক্সি	ʈ æ k s i
<|बंगा|>ঠাঁঁই	ʈʰ ã i
<|बंगा|>ঠাঁই	ʈʰ ã i
<|बंगा|>ঠিক	tʰ i k
<|बंगा|>ডগ	d̺ ɒ ɡ
<|बंगा|>ডাক্তার	ɖ a k t̪ a ɾ
<|बंगा|>ডাঙর	d a ŋ ɔ ɾ
<|बंगा|>ডিম	d i m
<|बंगा|>ডুরিয়ান	ɖ̟ u ɾ i ɑ n
<|बंगा|>ডেহা	d̺ ɛ ɦ a
<|बंगा|>ঢেঁড়স	ɖʱ æ̃ ɽ o ʃ
<|बंगा|>তটিনী	t o ʈ i n i
<|बंगा|>তড়িৎ	t̪ ɔ ɽ i t̪
<|बंगा|>তবুও	t̪ ɔ b u o
<|बंगा|>তবে	t̪ ɔ b e
<|बंगा|>তল্লাশি	t̪ ɔ l l a ʃ i
<|बंगा|>তাঁরা	t̪ ã r a
<|बंगा|>তাওয়া	t̪ a w a
<|बंगा|>তাকানো	t̪ a k a n̪ o
<|बंगा|>তামা	t a m a
<|बंगा|>তামাশা	t̪ ä m ä s̠ ä
<|बंगा|>তামুক	t̪ a m u k
<|बंगा|>তারা	t̪ a r a
<|बंगा|>তারিপ	t̪ ä ɾ i p
<|बंगा|>তারিফ	t̪ ä ɾ i pʰ
<|बंगा|>তিসি	t i ʃ i
<|बंगा|>তীর	t̪ ɪː ɾ
<|बंगा|>তুঁই	t̪ ũ i
<|बंगा|>তুফান	t̪ u f a n
<|बंगा|>তুরিত	t̪ u ɾ i t̪
<|बंगा|>তেঁতুল	t ẽ t u l
<|बंगा|>তোশক	t̪ o ʃ o k
<|बंगा|>ত্রিচক্রযান	t̪ ɹ i t ɕ ɔ k ɹ ɔ d ʑ a n
<|बंगा|>ত্রিপত্র	t ɾ i p ɔ tː ɾ ɔ
<|बंगा|>থন	t̪ʰ ɒ n
<|बंगा|>থনে	t̪ʰ ɒ n e
<|बंगा|>থলি	t̪ʰ ɔ l i
<|बंगा|>থানকুনি	tʰ a n k u n i
<|बंगा|>থার্মমিটার	t̪ʰ ɑ ɾ m ɔ m i ʈ̟ ɑ ɾ
<|बंगा|>থার্মোমিটার	t̪ʰ ɑ ɾ m o m i ʈ̟ ɑ ɾ
<|बंगा|>দপ্তর	d̪ ɔ p t̪ o ɾ
<|बंगा|>দফতর	d̪ ɔ f t̪ o ɾ
<|बंगा|>দরজা	d̪ ɔ ɾ d ʒ a
<|बंगा|>দরবার	d̪ ɔ r b a r
<|बंगा|>দরিয়া	d̪ o r i j a
<|बंगा|>দলান	d̪ ɒ l a n
<|बंगा|>দাওয়াই	d̪ a o̯ a i̯
<|बंगा|>দাখিল	d̪ a kʰ i l
<|बंगा|>দাড়ি	d a ɽ i
<|बंगा|>দান্দান	d̪ a n d̪ a n
<|बंगा|>দালান	d̪ a l a n
<|बंगा|>দিঘি	d̪ i ɡʱ i
<|बंगा|>দীপঙ্কর	d̪ i p ɔ ŋ k ɔ ɾ
<|बंगा|>দীপোৎসব	d̪ i p o t̪ ʃ ɔ b
<|बंगा|>দুঃখ	d u k kʰ o
<|बंगा|>দুইন্যাই	d u i n n a i
<|बंगा|>দুগি	d̪ u ɡ i
<|बंगा|>দুপুর	d̪ u p u ɾ
<|बंगा|>দুরিয়ান	d̪ u ɾ i ɑ n
<|बंगा|>দৃশ্য	d̪ r i ʃː o
<|बंगा|>দেশ	d̪ e ʃ
<|बंगा|>দোতারা	d̪ o t̪ a ɾ a
<|बंगा|>দোলনা	d o l n a
<|बंगा|>দ্বীপ	d̪ i p
<|बंगा|>দ্রুত	d̪ ɾ ʊ t̪ o
<|बंगा|>ধনে	dʱ o n e
<|बंगा|>ধর্ষণ	dʱ ɔ ɾ ʃ ɔ n
<|बंगा|>ধাইর	d̪ʱ a i ɾ
<|बंगा|>ধারি	d̪ʱ a ɾ i
<|बंगा|>ধুতুরা	d̪ʱ u t̪ u ɹ a
<|बंगा|>নগ্নতা	n ɔ ɡ n o t̪ a
<|बंगा|>নবডঙ্কা	n ɔ b ɔ d ɔ ŋ k ɑ
<|बंगा|>নভেম্বর	n ɔ bʱ e m b ɔ ɹ
<|बंगा|>নভেল	n ɔ bʱ e l
<|बंगा|>নমস্কার	n ɔ m ɔ ʃ k a r
<|बंगा|>নম্বর	n ɔ m b o ɹ
<|बंगा|>নর	n ɔ ɹ
<|बंगा|>নরম	n ɔ ɾ o m
<|बंगा|>নাইহল	n a i ɦ ɒ l
<|बंगा|>নাতিশীতোষ্ণ	n a t̪ i ʃ i t̪ o ʃ n o
<|बंगा|>নাপ্পি	n ɑ p p i
<|बंगा|>নাম	n a m
<|बंगा|>নামহীন	n a m ɦ i n
<|बंगा|>নারায়ণ	n a ɹ a e̯ n
<|बंगा|>নারিন্দা	n a ɹ i n d̪ a
<|बंगा|>নাসরিন	n a s ɹ i n
<|बंगा|>নিয়াস	n i a ʃ
<|बंगा|>নিরক্ষর	n i r ɔ k kʰ ɔ r
<|बंगा|>নিষিদ্ধ	n i ʃ i d̪ːʱ o
<|बंगा|>নেউল	n e u l
<|बंगा|>নেওয়া	n a o̯ a
<|बंगा|>নেমন্তন্ন	n e m o n t̪ o n n o
<|बंगा|>নৈরাজ্যবাদ	n o i̯ ɹ a d ʑː ɔ b a d̪
<|बंगा|>ন্যায়	n ɛ e̯
<|बंगा|>ন্যূনতম	n u n o t̪ ɔ m o
<|बंगा|>পটোল	p ɔ ʈ o l
<|बंगा|>পদ্ম	p ɔ d̪ː ɔ
<|बंगा|>পয়গম্বর	p ɔ e̯ ɡ ɔ m b ɔ ɾ
<|बंगा|>পরমাণু	p ɔ ɹ o m a n u
<|बंगा|>পরিস্থিতি	p ɔ ɾ i ʃ t̪ʰ i t̪ i
<|बंगा|>পরেন্দা	p ɔ ɾ ɛ n d̪ a
<|बंगा|>পর্বত	p ɔ r b ɔ t
<|बंगा|>পল্লি	p ɔ lː i
<|बंगा|>পশ্চিমবঙ্গ	p ɔ ʃ t ɕ i m b ɔ ŋ ɡ o
<|बंगा|>পশ্চিমবাংলা	p ɔ ʃ t ɕ i m b a ŋ l a
<|बंगा|>পহেলা	p ɔ ɦ e l a
<|बंगा|>পা	p a
<|बंगा|>পাঁতি	p a t̪ i
<|बंगा|>পাইথন	p ɑ i t̪ʰ ɔ n
<|बंगा|>পাউরা	p a u ɾ a
<|बंगा|>পাকস্থলী	p a k ɔ s tʰ o l i
<|बंगा|>পাখা	p a kʰ a
<|बंगा|>পাখি	p a kʰ i
<|बंगा|>পাঠানো	p ɑ ʈʰ ɑ n o
<|बंगा|>পাতা	p a t a
<|बंगा|>পাদ্রি	p a d̪ ɹ i
<|बंगा|>পানি	p ɑː n iː
<|बंगा|>পানু	p ɑ n u
<|बंगा|>পান্থপাদপ	p a n tʰ ɔ p a d ɔ p
<|बंगा|>পান্না	p a nː a
<|बंगा|>পাপকর্ম	p a p o k ɔ ɹ m o
<|बंगा|>পায়ু	p ɑ e̯ u
<|बंगा|>পায়ুকাম	p ɑ e̯ u k ɑ m
<|बंगा|>পায়ুকামী	p ɑ e̯ u k ɑ m i
<|बंगा|>পাসরা	p a ʃ ɔ ɾ a
<|बंगा|>পাহুরা	p a ɦ u ɾ a
<|बंगा|>পিপলী	p i p ɔ l i
<|बंगा|>পিপ্পল	p i pː ɔ l
<|बंगा|>পিয়ানো	p i ɑ n o
<|बंगा|>পুজো	p u d͡ʒ o
<|बंगा|>পুদিনা	p u d̪ i n a
<|बंगा|>পুষ্টিকর	p u ʃ ʈ̟ i k ɔ ɾ
<|बंगा|>পুষ্প	p u ʃ p ɔ
<|बंगा|>পুস্তক	p u s t ɔ k
<|बंगा|>পূজা	p u d͡ʒ ɑ
<|बंगा|>পূতিবাত	p u t i b a t
<|बंगा|>পেঁচা	p ɛ̃ t ʃ a
<|बंगा|>পেরেশান	p e r e ʃ a n
<|बंगा|>পোয়াত	p ɔ a t̪
<|बंगा|>প্যাঁচা	p ɛ̃ t ʃ a
<|बंगा|>প্যান্ডেল	p æ n ɖ e l
<|बंगा|>প্রচার	p ɹ o t ɕ a ɹ
<|बंगा|>প্রসব	p ɾ o ʃ ɔ b
<|बंगा|>প্রস্তুত	p ɾ ɔ ʃ t̪ u t̪
<|बंगा|>প্রাচীন	p r ɑ c i n
<|बंगा|>প্রাত	p ɹ a t̪
<|बंगा|>প্রেম	p ɹ e m
<|बंगा|>প্রেমিক	p ɾ e m i k
<|बंगा|>প্রেমিকা	p ɾ e m i k ɑ
<|बंगा|>প্লিজ	p l i z
<|बंगा|>প্লীজ	p l i z
<|बंगा|>ফলসা	pʰ ɔ l ʃ a
<|बंगा|>ফায়দা	f a j d̪ a
<|बंगा|>ফারাক	f a r a k
<|बंगा|>ফাল্গুন	f a l ɡ u n
<|बंगा|>ফাহাদ	f a ɦ a d̪
<|बंगा|>ফিরেবার	ɸ i ɾ e b a ɾ
<|बंगा|>ফোটানো	f o t a n o
<|बंगा|>ফ্লপি	pʰ l ɔ p i
<|बंगा|>বকুল	b o k u l
<|बंगा|>বগল	b o ɡ o l
<|बंगा|>বঙ্গ	b ɔ ŋ ɡ ɔ
<|बंगा|>বঙ্গবিদ্যা	b ɔ n ɡ o b i d̪ː a
<|बंगा|>বজ্র	b ɔ ɟ ɾ ɔ
<|बंगा|>বড়দিন	b ɔ ɽ̟ ɔ d i n
<|बंगा|>বড়োদিন	b ɔ ɽ̟ o d i n
<|बंगा|>বন্ধে	b ɒ n d̪ʱ e
<|बंगा|>বন্যা	b ɔ nː a
<|बंगा|>বসা	b ɔ ʃ a
<|बंगा|>বসু	b ɔ ʃ u
<|बंगा|>বসুন্ধরা	b o ʃ u n d̪ʱ ɔ ɹ a
<|बंगा|>বাঁড়া	b a ɹ a
<|बंगा|>বাংলাদেশি	b a ŋ l a d̪ e ʃ i
<|बंगा|>বাংলাদেশী	b a ŋ l a d̪ e ʃ i
<|बंगा|>বাইট	b a i ʈ
<|बंगा|>বাইত্যা	b a i t̪ t̪ a
<|बंगा|>বাইরাগ	b a i ɾ a ɡ
<|बंगा|>বাক্য	b a kː o
<|बंगा|>বাগ	b a ɡ
<|बंगा|>বাঙালি	b a ŋ a l i
<|बंगा|>বাঙ্গালী	b a ŋ ɡ a l i
<|बंगा|>বাটপাড়	b a t p a ɹ
<|बंगा|>বাত্তি	b a t̪ t̪ i
<|बंगा|>বাদশাহ	b a d̪ ʃ a ɦ
<|बंगा|>বাবা	b a b a
<|बंगा|>বাবুর্চি	b a b u r t ʃ i
<|बंगा|>বারি	b a ɾ i
<|बंगा|>বালি	b a l i
<|बंगा|>বালিশ	b a l i ʃ
<|बंगा|>বাহির	b a ɦ i ɾ
<|बंगा|>বিছানো	b i t ɕʰ a n o
<|बंगा|>বিজ্ঞান	b i ɡː æ n
<|बंगा|>বিজ্ঞাপন	b i ɡ j a p ɔ n
<|बंगा|>বিদেশ	b i d̪ e ʃ
<|बंगा|>বিদেশি	b i d̪ e ʃ i
<|बंगा|>বিন্দু	b i n d̪ u
<|बंगा|>বিবাদ	b i b ɑ d̪
<|बंगा|>বিমানবন্দর	b i m ɑ n b ɔ n d̪ ɔ ɾ
<|बंगा|>বিয়ান	b i̯ a n
<|बंगा|>বিয়াল	b i a l
<|बंगा|>বিরুদ্ধে	b i r u d̪ːʱ e
<|बंगा|>বিল্ব	b i lː ɔ
<|बंगा|>বিশ্রী	b i s ɾ i
<|बंगा|>বিষয়ে	b i ʃ ɔ e
<|बंगा|>বিসর্গ	b i ʃ o r ɡ o
<|बंगा|>বীজঘ্ন	b i d ʑ ɔ ɡʱ n o
<|बंगा|>বুড়	b u ɾ
<|बंगा|>বুধবার	b u d̪ʱ b a ɹ
<|बंगा|>বুভুক্ষা	b u bʱ u k kʰ ɑ
<|बंगा|>বুশরা	b u ʃ ɹ a
<|बंगा|>বৃক্ষ	b r i k kʰ o
<|बंगा|>বৃশ্চিক	b r i ʃ t ʃ i k
<|बंगा|>বেঁহা	b ɛ ɦ a
<|बंगा|>বেগুন	b e ɡ u n
<|बंगा|>বেডা	b ɛ d̺ a
<|बंगा|>বেডি	b e d̺ i
<|बंगा|>বেপরোয়া	b e p ɔ r w a
<|बंगा|>বেশী	b e ʃ i
<|बंगा|>বৈঁচি	b õ ĩ̯ c i
<|बंगा|>বৈশ্য	b o i ʃ ʃ o
<|बंगा|>বোকাচোদা	b o k ɑ t͡ʃ o d̪ ɑ
<|बंगा|>বোন	b o n
<|बंगा|>বোস	b o ʃ
<|बंगा|>ব্যক্তি	b æ k t̪ i
<|बंगा|>ব্যস্ত	b ɛ s t̪ ɔ
<|बंगा|>ব্যাক	b ɛ k
<|बंगा|>ব্যাঘ্র	b æ ɡʱ ɾ ɔ
<|बंगा|>ব্যাটারি	b æ ʈ̟ ɑ ɾ i
<|बंगा|>ব্যাধি	b æ dʱ i
<|बंगा|>ব্লগ	b l ɔ ɡ
<|बंगा|>ভনভন	bʱ ɔ n bʱ ɔ n
<|बंगा|>ভাড়াইট্যা	bʱ a ɾ a i t̺ t̺ a
<|बंगा|>ভাড়াটে	bʱ a ɹ a t e
<|बंगा|>ভারত	bʱ a ɾ ɔ t̪
<|बंगा|>ভারতে	bʱ a ɹ ɔ t̪ e
<|बंगा|>ভালোবাসা	bʱ a l o b a ʃ a
<|बंगा|>ভিত	bʱ i t̪ o
<|बंगा|>ভিয়েতনাম	v i j e t̪ n a m
<|बंगा|>ভেস্তা	bʱ e ʃ t̪ ɑ
<|बंगा|>মণ্ডল	m o n d o l
<|बंगा|>মতি	m ɔ t̪ i
<|बंगा|>মতো	m ɔ t̪ o
<|बंगा|>মদ্যপান	m ɔ d d o p a n
<|बंगा|>মনমোহন	m ɔ n m ɔ ɦ ɔ n
<|बंगा|>ময়দা	m ɔ e̯ d̪ a
<|बंगा|>মরামাস	m ɔ ɹ a m a ʃ
<|बंगा|>মলম	m ɔ l o m
<|बंगा|>মস্করা	m ɔ ʃ k ɔ ɹ a
<|बंगा|>মস্তিষ্ক	m ɔ s t̪ i ʃ k o
<|बंगा|>মহাভারত	m ɔ ɦ ɑ bʱ ɑ ɾ ɔ t̪
<|बंगा|>মাইনষে	m a i n ʃ e
<|बंगा|>মাগী	m a ɡ i
<|बंगा|>মাঠ	m a ʈʰ
<|बंगा|>মাতৃ	m ɑ t̪ ɾ i
<|बंगा|>মাতৃভাষা	m ɑ t̪ ɾ i bʱ ɑ ʃ ɑ
<|बंगा|>মাত্র	m a t̪ ɹ o
<|बंगा|>মাধ্যমে	m a d̪ːʱ ɔ m e
<|बंगा|>মানষি	m a n ʃ i
<|बंगा|>মানু	m a n u
<|बंगा|>মানুষ	m a n u ʃ
<|बंगा|>মামা	m a m a
<|बंगा|>মালদা	m a l d̪ a
<|बंगा|>মালূর	m a l u ɾ
<|बंगा|>মাশাআল্লাহ্	m a ʃ a a l l aʱ
<|बंगा|>মিডা	m i d̺ a
<|बंगा|>মিনসা	m i n ʃ a
<|बंगा|>মু	m u
<|बंगा|>মুক্তিযুদ্ধ	m u k t̪ i d͡ʒ u d̪ d̪ʱ ɔ
<|बंगा|>মুরগি	m u r ɡ i
<|बंगा|>মুরগী	m u r ɡ i
<|बंगा|>মূত্র	m u t̪ t̪ ɾ ɔ̝ˑ
<|बंगा|>মূত্রনালি	m u t̪ t̪ ɾ ɔ̝ n ä l iˑ
<|बंगा|>মেকুর	m ɛ k u ɾ
<|बंगा|>মেঘালয়	m e ɡʱ a l ɔ e̯
<|बंगा|>মেজ	m e d ʑ o
<|बंगा|>মেজাজ	m e d ʒ a d ʒ
<|बंगा|>মেথী	m e tʰ i
<|बंगा|>মেয়ে	m e e
<|बंगा|>মেষ	m e ʃ
<|बंगा|>মেহুর	m e ɦ u ɾ
<|बंगा|>মোটা	m o ʈ a
<|बंगा|>মোতি	m o t̪ i
<|बंगा|>মোরগ	m o r ɔ ɡ
<|बंगा|>মোল্লা	m o lː a
<|बंगा|>মৌল	m o u̯ l
<|बंगा|>মৌসুমি	m o u ʃ u m i
<|बंगा|>যমজ	d ʑ ɔ m o d ʑ
<|बंगा|>যাচ্ছেতাই	d ʑ a t ɕʰː e t̪ a i̯
<|बंगा|>যিরূশালেম	d͡ʒ i ɾ u ʃ a l e m
<|बंगा|>যুবতী	d ʒ u b ɔ t̪ i
<|बंगा|>যুলফিকার	d ʑ u l f i k a ɾ
<|बंगा|>যেখান	d ʑ e kʰ a n
<|बंगा|>যোনি	d ʑ o n i
<|बंगा|>রইদ	r ɔ i d̪
<|बंगा|>রউন	r ɔ u n
<|बंगा|>রওনা	r ɔ o n a
<|बंगा|>রওয়ানা	r ɔ w a n a
<|बंगा|>রজনীগন্ধা	r ɔ d ʒ o n i ɡ ɔ n d̪ʱ a
<|बंगा|>রবার	ɹ ɔ b a ɹ
<|बंगा|>রবি	r o b i
<|बंगा|>রশিদ	r o ʃ i d̪
<|बंगा|>রসায়ন	ɹ o ɹ ʃ j n
<|बंगा|>রসুই	ɾ ɔ ʃ u i
<|बंगा|>রসুইঘর	ɾ ɔ ʃ u i ɡʱ ɔ ɾ
<|बंगा|>রসুল	ɾ ɔ ʃ u l
<|बंगा|>রাং	ɾ a ŋ
<|बंगा|>রাই	ɾ a i
<|बंगा|>রাগ	r a ɡ
<|बंगा|>রাগী	r a ɡ i
<|बंगा|>রাজকীয়	r a d ʒ ɔ k i̯ o
<|बंगा|>রাজস্থান	r a d ʒ ɔ s t̪ʰ a n
<|बंगा|>রান্না	r a nː a
<|बंगा|>রামায়ণ	ɾ ɑ m ɑ e̯ ɔ n
<|बंगा|>রাষ্ট্র	ɾ a ʃ ʈ ɾ ɔ
<|बंगा|>রাস্তা	ɾ a s t̪ a
<|बंगा|>রিকশা	r i k ʃ ɑ
<|बंगा|>রিষ্ট	ɾ i ʃ ʈ ɔ
<|बंगा|>রূমী	r u m i
<|बंगा|>রোগ	ɾ o ɡ
<|बंगा|>রোজা	ɾ o z a
<|बंगा|>লওয়া	l ɔ o̯ a
<|बंगा|>লক্ষ্মীপেঁচা	l o kːʰ i p æ̃ c a
<|बंगा|>লক্ষ্মীফল	l o kːʰ i pʰ ɔ l
<|बंगा|>লতা	l ɔ t̪ a
<|बंगा|>লবডঙ্কা	l ɔ b ɔ d ɔ ŋ k ɑ
<|बंगा|>লাইব্রেরী	l a i b ɾ e ɾ i
<|बंगा|>লাকান	l a k a n
<|बंगा|>লাশ	l a ʃ
<|बंगा|>লাহান	l a ɦ a n
<|बंगा|>লুডা	l u d̺ a
<|बंगा|>লেবু	l e b u
<|बंगा|>শউর	ʃ ɔ u ɾ
<|बंगा|>শউরী	ʃ ɔ u ɾ i
<|बंगा|>শক্ত	ʃ ɔ k t̪ ɔ
<|बंगा|>শঙ্খচূড়	ʃ ɔ ŋ kʰ o t ʃ u ɽ
<|बंगा|>শতরকম	ʃ ɔ t̪ ɔ ɾ ɔ k ɔ m
<|बंगा|>শতাংশ	ʃ ɔ t̪ ɑ ŋ ʃ ɔ
<|बंगा|>শয়তান	ʃ ɔ j t̪ a n
<|बंगा|>শরমানো	ʃ ɔ ɹ m a n o
<|बंगा|>শরাব	s h ô r a b
<|बंगा|>শরীর	ʃ o ɹ i ɹ
<|बंगा|>শাণ্ডিল্য	ʃ a n ɖ i lː ɔ
<|बंगा|>শান্তনু	ʃ ɑ n t̪ ɔ n u
<|बंगा|>শামিয়ানা	ʃ a m i j a n a
<|बंगा|>শালগম	ʃ a l ɡ ɔ m
<|बंगा|>শাহতাজ	ʃ a ɦ t̪ a d ʑ
<|बंगा|>শিকার	ʃ i k a r
<|बंगा|>শিকারি	ʃ i k a r i
<|बंगा|>শিক্ষামূলক	ʃ i kːʰ a m u l ɔ k
<|बंगा|>শিখ	ʃ i kʰ
<|बंगा|>শিগ্গির	ʃ i ɡː i ɹ
<|बंगा|>শিথান	ʃ i t̪ʰ a n
<|बंगा|>শিরীষ	ʃ i ɾ i ʃ
<|बंगा|>শুধু	ʃ u d̪ʱ u
<|बंगा|>শুমার	ʃ u m ɑ ɾ
<|बंगा|>শুরু	ʃ u r u
<|बंगा|>শুলফা	ʃ u l pʰ a
<|बंगा|>শেখা	ʃ e kʰ a
<|बंगा|>শৈবাল	ʃ o i̯ b a l
<|बंगा|>শ্বেত	ʃː e t̪
<|बंगा|>শ্মশান	ʃ o ʃ ɐ n
<|बंगा|>শ্যাম্পু	ʃ æ m p u
<|बंगा|>শ্রীনিকেতন	ʃ ɾ i n i k e t̪ ɔ n
<|बंगा|>শ্রীফল	s ɾ i pʰ ɔ l
<|बंगा|>শ্রীবৃক্ষ	s ɾ i b ɾ i kːʰ ɔ
<|बंगा|>শ্লেষ্মা	ʃ l e ʃ ʃ ɑ̃
<|बंगा|>শ্ৰদ্ধা	s ɹ o d̪ d̪ʱ a
<|बंगा|>সংক্রামক	ʃ ɔ ŋ k ɾ a m ɔ k
<|बंगा|>সংবাদ	ʃ ɔ ŋ b ɑ d̪
<|बंगा|>সংশয়	ʃ ɔ ŋ ʃ ɔ e̯
<|बंगा|>সওদা	ʃ ɔ o̯ d̪ a
<|बंगा|>সঙ্গে	ʃ ɔ ŋ ɡ e
<|बंगा|>সজারু	ʃ ɔ d͡ʒ a r u
<|बंगा|>সত্ত্বেও	ʃ ɔ t̪ː e o̯
<|बंगा|>সত্য	ʃ o tː ɔ
<|बंगा|>সত্যফল	ʃ o tː ɔ pʰ ɔ l
<|बंगा|>সদর	ʃ ɔ d̪ o ɾ
<|बंगा|>সদরদপ্তর	ʃ ɔ d̪ o ɾ d̪ ɔ f t o ɾ
<|बंगा|>সদরদফতর	ʃ ɔ d̪ o ɾ d̪ ɔ f t o ɾ
<|बंगा|>সদাই	ʃ ɔ d̪ a i
<|बंगा|>সনদ	ʃ ɔ n o d̪
<|बंगा|>সপ্তাহ	ʃ ɔ p t̪ ɑ ɦ ɔ
<|बंगा|>সমক	ʃ ɒ m ɔ k
<|बंगा|>সমকামী	ʃ ɔ m ɔ k ɑ m i
<|बंगा|>সমকে	ʃ ɒ m k e
<|बंगा|>সময়কাল	ʃ ɔ m ɔ j k a l
<|बंगा|>সমীরণ	ʃ o m i ɾ ɔ n
<|बंगा|>সমুদ্র	ʃ o m u d r o
<|बंगा|>সম্পাদিকা	ʃ ɔ m p ɑ d̪ i k ɑ
<|बंगा|>সরকার	ʃ ɔ ɾ k a ɾ
<|बंगा|>সরদ	ʃ ɔ ɾ ɔ d̪
<|बंगा|>সরল	ʃ ɔ ɾ o l
<|बंगा|>সলিল	ʃ o l i l
<|बंगा|>সহকর্মী	ʃ ɔ ɦ ɔ k ɔ ɾ m i
<|बंगा|>সাঁই	ʃ a i̯
<|बंगा|>সাগর	ʃ a ɡ ɔ ɾ
<|बंगा|>সাতক্ষীরা	ʃ a t̪ kʰ i ɹ a
<|बंगा|>সাদা	ʃ a d̪ a
<|बंगा|>সাবান	ʃ a b a n
<|बंगा|>সাবাশ	ʃ a b a ʃ
<|बंगा|>সাবাস	ʃ a b a ʃ
<|बंगा|>সামী	s a m i
<|बंगा|>সার	ʃ a ɾ
<|बंगा|>সার্জারি	ʃ ɑ ɾ d͡ʒ ɑ ɾ i
<|बंगा|>সালাম	s a l a m
<|बंगा|>সিংহাসন	ʃ i ŋ ɦ a ʃ o n
<|बंगा|>সিগারেট	s i ɡ ɑ r e ʈ
<|बंगा|>সিন্দুক	ʃ i n d̪ u k
<|बंगा|>সিলডি	s i l ɔ d̺ i
<|बंगा|>সিলেইট্যা	s i l e i t̺ t̺ a
<|बंगा|>সুড়ঙ্গ	ʃ u ɹ ɔ ŋ ɡ o
<|बंगा|>সুন্দরী	ʃ u n d̪ ɔ ɾ i
<|बंगा|>সুভদ্রক	ʃ u bʱ ɔ dː ɾ ɔ k
<|बंगा|>সুলতান	s u l t̪ a n
<|बंगा|>সুলতানা	s u l t̪ a n a
<|बंगा|>সূরা	s u ɹ a
<|बंगा|>সেঁউতি	ʃ ẽ u t̪ i
<|बंगा|>সৌন্দর্য	ʃ o u̯ n d̪ ɔ ɹ d ʑ o
<|बंगा|>স্কুটার	ʃ k u ʈ̟ ɑ ɾ
<|बंगा|>স্থল	s t̪ʰ ɔ l
<|बंगा|>স্থান	s t̪ʰ a n
<|बंगा|>স্নিগ্ধা	s n i ɡ d̪ʱ a
<|बंगा|>স্নেহ	s n e ɦ o
<|बंगा|>স্ফটিক	ʃ pʰ o ʈ i k
<|बंगा|>স্বাস্থ্য	ʃ a s tʰ j ɔ
<|बंगा|>সৎ	s ɔ t̪
<|बंगा|>হইতে	ɦ o i̯ t̪ e
<|बंगा|>হউরী	ɦ ɔ u ɾ i
<|बंगा|>হক্কল	ɦ ɒ k k ɔ l
<|बंगा|>হগল	ɦ ɒ ɡ ɔ l
<|बंगा|>হঙ্গে	ɦ ɒ ŋ ɡ e
<|बंगा|>হতাশা	ɦ ɔ t̪ ɑ ʃ ɑ
<|बंगा|>হন্দর	ɦ ɔ n d̪ ɔ ɾ
<|बंगा|>হপ্তা	ɦ ɔ p t̪ a
<|बंगा|>হমান	ɦ ɒ m a n
<|बंगा|>হমুক	ɦ ɔ m u k
<|बंगा|>হয়রান	ɦ ɔ e̯ ɾ a n
<|बंगा|>হরা	ɦ ɒ ɾ a
<|बंगा|>হরিজন	ɦ ɔ ɾ i d͡ʒ ɔ n
<|बंगा|>হরীতকী	h o ɾ i t o k i
<|बंगा|>হরু	ɦ ɔ ɾ u
<|बंगा|>হরুলা	ɦ ɔ ɾ u l a
<|बंगा|>হহুন	ɦ ɔ ɦ u n
<|बंगा|>হাঁ	h æ̃ː
<|बंगा|>হাঁই	ɦ a i
<|बंगा|>হাঁটা	ɦ a ʈ a
<|बंगा|>হাঁতরানো	ɦ a t̪ ɾ a n ɔ
<|बंगा|>হাইর	ɦ a i ɾ
<|बंगा|>হাগু	ɦ a ɡ u
<|बंगा|>হাঙ্গুর	h ɐ ŋ ɡ u r
<|बंगा|>হাড়ি	ɦ a ɾ i
<|बंगा|>হাত	ɦ a t̪
<|बंगा|>হাতি	ɦ ɑ t̪ i
<|बंगा|>হাপ	ɦ a p
<|बंगा|>হাবশি	ɦ ɑ b ʃ i
<|बंगा|>হামলা	ɦ a m l a
<|बंगा|>হামানদিস্তা	h a m a n d i s t a
<|बंगा|>হামুক	ɦ a m u k
<|बंगा|>হায়েনা	ɦ a e̯ n a
<|बंगा|>হাসা	ɦ ɑ ʃ ɑ
<|बंगा|>হাসানো	ɦ ɑ ʃ ɑ n o
<|बंगा|>হিগা	ɦ i ɡ a
<|बंगा|>হিটলার	ɦ i ʈ̟ l ɑ ɾ
<|बंगा|>হিনান	ɦ i n a n
<|बंगा|>হিমবাহ	h i m b a h o
<|बंगा|>হিয়া	ɦ i̯ a
<|बंगा|>হিয়ান	ɦ i a n
<|बंगा|>হিয়াল	ɦ i a l
<|बंगा|>হিল	ɦ i l
<|बंगा|>হিসাব	ɦ i ʃ a b
<|बंगा|>হুটকি	ɦ u t̺ k i
<|बंगा|>হুদা	h u d ɐ
<|बंगा|>হুনা	ɦ u n a
<|बंगा|>হুনি	ɦ u n i
<|बंगा|>হুরইন	ɦ u ɾ ɔ i n
<|बंगा|>হুরু	ɦ u ɾ u
<|बंगा|>হে	ɦ e
<|बंगा|>হেঁজ	ɦ ɛ z
<|बंगा|>হেঁজা	ɦ ɛ z a
<|बंगा|>হেঁজার	ɦ ɛ z a ɾ
<|बंगा|>হেই	ɦ e i
<|बंगा|>হেউত	ɦ e u t̪
<|बंगा|>হেতাই	ɦ ɛ t̪ a i
<|बंगा|>হেতাইন	ɦ ɛ t̪ a i n
<|बंगा|>হেতি	ɦ e t̪ i
<|बंगा|>হেতে	ɦ ɛ t̪ e
<|बंगा|>হোঁচট	ɦ õ t ʃ ɔ ʈ
<|बंगा|>হোয়া	ɦ ɔ a
<|बंगा|>হোয়াদ	ɦ o a d̪
<|बंगा|>হোল	ɦ o l
<|बंगा|>হ্যাঁ	h ɛ̃
