aacd	e ɪ e ɪ s i d i
aakp	e ɪ e ɪ k e ɪ p i
aare	ɑ ɹ ə
abacaxi	æ b ə k ə ʃ i
abactor	æ b æ k t ɚ
abashedness	ə b æ ʃ ɪ d n ɪ s
abashment	ə b æ ʃ m ə n t
abastardize	e ɪ b æ s t ɚ d a ɪ z
abates	ə b e ɪ t s
abbasi	ə b ɑ s i
abbreviation	ə b ɹ i v i e ɪ ʃ n̩
abderite	æ b d ə ɹ a ɪ t
abdominocardiac	æ b d ɑ m ɪ n o ʊ k ɑ ɹ d i æ k
abembryonic	æ b ɛ m b ɹ i ɑ n ɪ k
abeng	æ b ɛ ŋ
abevacuation	æ b i v æ k j u e ɪ ʃ n̩
abhinaya	ə b ɪ n ə j ə
abidden	ə b ɪ d n̩
abides	ə b a ɪ d s
abietene	æ b i ə t i n
abiotic	e ɪ b a ɪ ɑ t ɪ k
abjectness	æ b d͡ʒ ɛ k t n ə s
ablastous	e ɪ b l æ s t ə s
ableist	e ɪ b ə l ɪ s t
abnegative	æ b n ɛ ɡ ə t ɪ v
aboma	ə b o ʊ m ə
aborsement	ə b ɔ ɹ s m ə n t
abortive	ə b ɔ ɹ t ɪ v
abox	ə b ɑ k s
abozzi	ə b ɔ t s o ʊ
abradant	ə b ɹ e ɪ d n̩ t
abrase	ə b ɹ e ɪ z
abridged	ə b ɹ ɪ d͡ʒ d
abrogator	æ b ɹ ə ɡ e ɪ t ɚ
abronia	ə b ɹ o ʊ n i ə
abruption	ə b ɹ ʌ p ʃ n̩
abs	æ b z
absentee	æ b s n̩ t i
absinthism	æ b s ə n θ ɪ z m̩
absolutistic	æ b s ə l u t ɪ s t ɪ k
abstruse	æ b s t ɹ u s
abuser	ə b j u z ɚ
abye	ə b a ɪ
abysm	ə b ɪ z m̩
acacia	ə k e ɪ ʃ ə
academies	ə k æ d ə m i z
academism	ə k æ d ə m ɪ z ə m
academist	ə k æ d ɪ m ɪ s t
acampsia	ə k æ m p s i ə
acanthamoeba	ə k æ n θ ə m i b ə
acanthpelyx	ə k æ n θ o ʊ p ɜ l ɪ k s
acaricide	ə k ɛ ɹ ə s i d
acaudate	e ɪ k ɔ d e ɪ t
acaulous	e ɪ k ɔ l ə s
accessorial	æ k s ə s ɔ ɹ i ə l
accidental	æ k s ɪ d ɛ n t l̩
accismus	æ k s ɪ z m ə s
acclimatization	ə k l a ɪ m ə t ə z e ɪ ʃ ə n
accoil	æ k k ɔ ɪ l
accommodating	ə k ɔ m ə d e ɪ t ɪ ŋ
accomplish	ə k ɑ m p l ɪ ʃ
accoucheur	æ k u ʃ ɝ
accountable	ə k a ʊ n t ə b l̩
accountableness	ə k a ʊ n t ə b ə l n ə s
accruing	ə k ɹ u ɪ ŋ
accumulable	ə k j u m j ə l ə b ə l
accusingly	ə k j u z ɪ ŋ l i
acedia	ə s i d ɪ ə
acephalocystic	e ɪ s ɛ f ə l o ʊ s ɪ s t ɪ k
acephalous	ə s ɛ f ə l ə s
acerb	ə s ɜ ɹ b
aceric	æ s ɜ ɹ ɪ k
acervation	æ s ɚ v e ɪ ʃ ə n
acetabulum	æ s ə t æ b j ə l ə m
acetary	ə s i t ə ɹ i
acetose	æ s ɪ t o ʊ s
acidic	ə s ɪ d ɪ k
acquest	ə k w ɛ s t
acquired	ə k w a ɪ ɹ d
acrasia	ə k ɹ e ɪ z i ə
activate	æ k t ɪ v e ɪ t
acute	ə k j u t
acyrologia	ə s ɪ ɹ ə l ɔ d͡ʒ i ə
ada	e ɪ d ə
adam	æ d ə m
addicted	ə d ɪ k t ɪ d
addles	æ d ə l z
addressed	ə d ɹ ɛ s t
adelaide	æ d ə l e ɪ d
adenopathy	æ d ə n ɑ p ə θ i
adiaphanous	æ d ɪ æ f ə n ə s
adipocytokine	æ d ɪ p o ʊ s a ɪ t o ʊ k a ɪ n
adits	æ d ɪ t s
adjara	ə d͡ʒ ɑ ɹ ə
adle	e ɪ d ə l
adless	æ d l ə s
administratorship	æ d m ɪ n ə s t ɹ e ɪ t ɚ ʃ ɪ p
administratrix	æ d m ɪ n ɪ s t ɹ e ɪ t ɹ ɪ k s
adobe	ə d o ʊ b i
adventurous	æ d v ɛ n t͡ʃ ɚ ʌ s
advisability	æ d v a ɪ z ə b ɪ l ə t i
adytum	a d ə t ə m
aeneas	ɪ n i ə s
aeolic	i ɑ l ɪ k
aeolus	i o ʊ l ə s
affinity	ə f ɪ n ɪ t i
afflicted	ə f l ɪ k t ɪ d
aflush	ə f l ʌ ʃ
aflutter	ə f l ʌ t ɚ
afoot	ə f ʊ t
aga	ɑ ɡ ə
against	ə ɡ ɛ n s t
agartala	ə ɡ ə ɹ t ə l ə
ageful	e ɪ d͡ʒ f ʊ l
agitate	æ d͡ʒ ɪ t e ɪ t
agitation	æ d͡ʒ ɪ t e ɪ ʃ ə n
agitprop	æ d͡ʒ ə t p ɹ ɑ p
agnew	æ ɡ n u
agonous	æ ɡ ə n ə s
agraffe	ə ɡ ɹ æ f
agrees	ə ɡ ɹ i z
agriculture	æ ɡ ɹ ɪ k ʌ l t͡ʃ ɚ
agrope	ə ɡ ɹ o ʊ p
aiding	e ɪ d ɪ ŋ
ailed	e ɪ l d
aitkin	e ɪ k ɪ n
akimbo	ə k ɪ m b o ʊ
alary	e ɪ l ə ɹ i
alchemists	æ l k ə m ɪ s t s
aldehydes	æ l d i h a ɪ d z
alep	ə l ɛ p
aleurometer	æ l j ə ɹ ɑ m ɪ t ɚ
alexandrite	æ l ɪ ɡ z æ n d ɹ a ɪ t
algedonic	æ l d͡ʒ ɪ d ɔ n ɪ k
algo	æ l ɡ o ʊ̯
algorithmic	æ l ɡ ə ɹ ɪ ð m ɪ k
alias	e ɪ l i ə s
aligned	ə l a ɪ n d
aliveness	ə l a ɪ v n ə s
alkie	æ l k i
alkies	æ l k i z
allen	æ l ə n
alleyway	æ l i w e ɪ
allies	æ l a ɪ z
allowance	ə l a ʊ ə n s
alluding	ə l u d ɪ ŋ
almucantar	æ l m ə k æ n t ɚ
alquifou	æ l k ɪ f u
amalgamate	ə m æ l ɡ ə m e ɪ t
amalia	ə m ɑ l i ə
amaranth	æ m ə ɹ æ n θ
amaranthine	æ m ə r æ n θ ɪ n
amblyopia	æ m b l ɪ o ʊ p ɪ ə
ambushings	æ m b ʊ ʃ ɪ ŋ z
amerce	ə m ɝ s
amissible	ə m ɪ s ɪ b ə l
amphibolous	æ m f ɪ b ə l ə s
amphotericin	æ m f ə t ɛ ɹ ɪ s ɪ n
amputate	æ m p j ʊ t e ɪ t
analogous	ə n æ l ə ɡ ə s
analyze	æ n ə l a ɪ z
anaplastic	æ n ə p l æ s t ɪ k
anarchy	æ n ɑ ɹ k i
anchovy	æ n t͡ʃ o ʊ v i
ancientry	e ɪ n ʃ ə n t ɹ i
andrew	æ n d ɹ u
anecdotes	æ n ɪ k d o ʊ t s
angelina	æ n d͡ʒ ə l i n ə
angiotensin	æ n d͡ʒ ɪ o ʊ t ɛ n s ɪ n
anglesey	æ ŋ ɡ ə l s i
anglophilia	æ ŋ ɡ l o ʊ f ɪ l i ə
angolan	æ ŋ ɡ o ʊ l ə n
anguish	æ ŋ ɡ w ɪ ʃ
animalcule	æ n ɪ m æ l k j u l
animals	æ n ɪ m ə l z
animated	æ n ɪ m e ɪ t ɪ d
anlauts	a n l a ʊ t s
anneal	ə n i l
annette	ə n ɛ t
annually	æ n j u ə l i
anodyne	æ n ə d a ɪ n
anomaloscope	ə n ɑ m ə l o ʊ s k o ʊ p
anorexia	æ n ə ɹ ɛ k s i ə
ante	æ n t i
anterior	æ n t ɪ ə r i ə r
anthology	æ n θ ɑ l ə d͡ʒ i
antioxidant	æ n t i ɔ k s ɪ d ə n t
antiparticle	æ n t i p ɑ ɹ t ɪ k ə l
antirrio	æ n t ɪ ɹ i o ʊ
anxious	æ ŋ k ʃ ə s
anywho	ɛ n i h u
aorist	e ɪ ə ɹ ɪ s t
apamea	æ p ə m i ə
apartment	ə p ɑ ɹ t m ə n t
aperture	æ p ɚ t͡ʃ ɚ
aphetic	ə f ɛ t ɪ k
aphorism	æ f ə ɹ ɪ z m̩
apish	e ɪ p ɪ ʃ
apodeictic	a p ə d a ɪ k t ɪ k
apology	ə p ɔ l ə d͡ʒ i
appellative	ə p ɛ l ə t ɪ v
application	æ p l ə k e ɪ ʃ ə n
appointment	ə p ɔ ɪ n t m ɛ n t
appraisings	ə p ɹ e ɪ z ɪ ŋ z
apprehensive	æ p ɹ ɪ h ɛ n s ɪ v
appui	ə p w i
apraxia	ə p ɹ æ k s ɪ ə
aprication	æ p ɹ i k e ɪ ʃ ə n
aprium	e ɪ p ɹ i ə m
aprons	e ɪ p ɹ ə n z
apsis	æ p s ɪ s
aquabib	æ k w ə b ɪ b
arab	æ ɹ ə b
aracari	ɑ ɹ ə s ɑ ɹ i
arachnidism	ə ɹ æ k n ɪ d ɪ z m
aragon	æ ɹ ə ɡ ɑ n
arbuscle	ɑ b ʌ s ə l
arch	ɑ ɹ t͡ʃ
archaeastronomy	ɑ ɹ k i ə s t ɹ ɔ n ə m i
archbishop	ɑ ɹ t͡ʃ b ɪ ʃ ə p
archelaus	ɑ ɹ k ə l e ɪ ə s
architecture	ɑ ɹ k ɪ t ɛ k t͡ʃ ɚ
arctogaeal	ɑ ɹ k t ə d͡ʒ i ə
ardent	ɑ ɹ d ə n t
arduous	ɑ ɹ d͡ʒ u ə s
argon	ɑ ɹ ɡ ɔ n
arian	ɛ ɹ i ə n
arithmetician	ə ɹ ɪ θ m ə t ɪ ʃ ə n
arjun	ɑ ɹ d͡ʒ ʊ n
armament	ɑ ɹ m ə m ə n t
armchair	ɑ ɹ m t͡ʃ ɛ ɚ
arnold	ɑ ɹ n ə l d
articles	ɑ ɹ t ɪ k ə l z
artillery	ɑ ɹ t ɪ l ə ɹ i
artless	ɑ ɹ t l ɪ s
ashley	æ ʃ l i
ashplant	æ ʃ p l æ n t
aspergillus	æ s p ɚ d͡ʒ ɪ l ə s
asphodel	æ s f ə d ɛ l
asplode	ə s p l o ʊ d
asprawl	ə s p ɹ ɔ l
assent	ə s ɛ n t
assimilation	ə s ɪ m ə l e ɪ ʃ ə n
assistant	ə s ɪ s t ə n t
assisting	ə s ɪ s t ɪ ŋ
assort	ə s ɔ ɹ t
asterix	æ s t ə ɹ ɪ k s
asteroids	æ s t ə ɹ o ɪ d z
astonishment	ə s t ɑ n ɪ ʃ m ə n t
astral	æ s t ɹ ə l
astride	ə s t ɹ a ɪ d
astrogeometry	æ s t ɹ ə d͡ʒ i ɑ m ɛ t ɹ i
astrozoology	æ s t ɹ ə z o ʊ ɔ l ə d͡ʒ i
asylums	ə s a ɪ l ə m z
asymmetry	e ɪ s ɪ m ɪ t ɹ i
atabal	æ t ə b ɑ l
atelectasis	æ t ɪ l ɛ k t ə s ɪ s
atheist	e ɪ θ i ɪ s t
atmosphere	æ t m ə s f ɪ ɹ
atom	a t ə m
attaching	ə t æ t͡ʃ ɪ ŋ
attacking	ə t æ k ɪ ŋ
attainted	ə t e ɪ n t ə d
attendants	ə t ɛ n d ə n t s
attests	ə t ɛ s t s
attorney	ə t ɜ ɹ n i
aubade	o ʊ b ɑ d
aubergine	o ʊ b ɚ ʒ i n
auckland	ɔ k l ə n d
audible	ɔ d ɪ b l̩
augean	ɔ d͡ʒ i ə n
augur	ɔ ɡ ɚ
augurs	ɔ ɡ ɚ z
augusta	ə ɡ ʌ s t ə
augustan	ɔ ɡ ʌ s t ə n
augusts	ɔ ɡ ə s t s
aulete	ɔ l i t
austenite	ɔ s t ɪ n a ɪ t
austerity	ɔ s t ɛ ɹ ɪ t i
austrian	ɔ s t ɹ i ə n
author	ɔ θ ɚ
automate	ɔ t o ʊ m e ɪ t
aventurine	ə v ɛ n t͡ʃ ə ɹ ɪ n
averroes	ə v ɛ ɹ o ʊ i z
aviation	e ɪ v i e ɪ ʃ ə n
away	ə w e ɪ
awlwort	ɔ l w ɜ ɹ t
awook	ə w ʊ k
axe	æ k s
axiom	æ k s i ə m
ayo	e ɪ o ʊ
azalea	ə z e ɪ l i ə
azeri	ə z ɛ ɹ i
babber	b æ b ə ɹ
babes	b e ɪ b z
babies	b e ɪ b i z
babydom	b e ɪ b i d ə m
backflip	b æ k f l ɪ p
backrest	b æ k ɹ e s t
backside	b æ k s a ɪ d
backslang	b æ k s l æ ŋ
backstroke	b æ k s t ɹ o ʊ k
baconian	b ə k o ʊ n ɪ ə n
bactericide	b æ k t ɪ ə ɹ ɪ s a ɪ d
bacteriotherapy	b æ k t ɪ ə ɹ ɪ o ʊ θ e ɹ ə p i
bacule	b æ k j u l
bad	b æ d
badine	b ə d i n
badly	b æ d l i
baffound	b æ f a ʊ n d
bagel	b e ɪ ɡ l̩
baggage	b æ ɡ ɪ d͡ʒ
baggie	b æ ɡ i
baidu	b a ɪ d u
baikal	b a ɪ k ɑ l
baldmoney	b ɔ l d m ʌ n i
balearic	b æ l i æ ɹ ɪ k
baled	b e ɪ l d
bales	b e ɪ l z
ball	b ɔ l
ballcock	b ɔ l k ɔ k
ballet	b æ l e ɪ
ballsy	b ɔ l z i
ballymacarrett	b æ l i m ə k æ ɹ ɪ t
baloney	b ə l o ʊ n i
baluba	b ə l u b ə
balustrade	b æ l ə s t ɹ e ɪ d
bam	b æ m
bamboo	b æ m b u
bambooey	b æ m b u i
bamf	b æ m f
bandersnatch	b æ n d ə ɹ s n æ t͡ʃ
bane	b e ɪ n
bangarang	b æ ŋ ə ɹ æ ŋ
bangkok	b æ ŋ k ɔ k
banner	b æ n ɚ
banquette	b æ ŋ k ɛ t
baptism	b æ p t ɪ z ə m
barley	b ɑ ɹ l i
barnacle	b ɑ ɹ n ə k l̩
barrators	b æ ɹ ə t ə ɹ z
baryton	b æ ɹ ɪ t ɔ n
basements	b e ɪ s m ə n t s
bashir	b ə ʃ ɪ ɹ
basins	b e ɪ s ɪ n z
basophil	b e ɪ s ə f ɪ l
bassein	b ə s e ɪ n
bassoon	b ə s u n
bassooner	b ə s u n ə ɹ
batavia	b ə t e ɪ v i ə
batcrap	b æ t k ɹ æ p
batrachophagous	b æ t ɹ ə k ɔ f ə ɡ ə s
bavarois	b ɑ v ɚ w ɑ
bavaroy	b æ v ə ɹ ɔ ɪ
bayed	b e ɪ d
bead	b i d
beads	b i d z
beam	b i m
beanbag	b i n b æ ɡ
beanies	b i n i z
beasts	b i s t s
beat	b i t
beaten	b i t ə n
beater	b i t ɚ
beath	b i ð
beating	b i t ɪ ŋ
beaujolais	b o ʊ ʒ ə l e ɪ
beaus	b o ʊ z
beautifies	b j u t ə f a ɪ z
bedded	b ɛ d ɪ d
beech	b i t͡ʃ
beechmast	b i t͡ʃ m æ s t
beefsteak	b i f s t e ɪ k
beeline	b i l a ɪ n
beeping	b i p ɪ ŋ
beetroot	b i t ɹ u t
begged	b ɛ ɡ d
beggings	b ɛ ɡ ɪ ŋ z
begnaw	b ɪ n ɔ
beholden	b i h o ʊ l d ə n
beida	b e ɪ d a
bejuggle	b ɪ d͡ʒ ʌ ɡ ə l
belches	b ɛ l t͡ʃ ɪ z
beldame	b ɛ l d ə m
bells	b ɛ l z
beluga	b ə l u ɡ ə
beneficence	b ə n ɛ f ɪ s ə n s
benevolence	b ə n ɛ v ə l ə n s
benidorm	b ɛ n ɪ d ɔ r m
benign	b ɪ n a ɪ n
benthic	b ɛ n θ ɪ k
berdash	b ə ɹ d æ ʃ
berengar	b ɛ ɹ ɪ ŋ ɡ ə ɹ
berg	b ɝ ɡ
bergamot	b ɝ ɡ ə m ɑ t
berlin	b ɝ l ɪ n
berry	b ɛ ɹ i
besague	b ɛ s ə ɡ j u
besalted	b ɪ s ɑ l t ɪ d
beseem	b ɪ s i m
besprenge	b ɪ s p ɹ ɛ n d͡ʒ
betides	b ɪ t a ɪ d z
bewitching	b ə w ɪ t͡ʃ ɪ ŋ
bexarotene	b ɛ k s æ ɹ ə t i n
bhopal	b o ʊ p ɑ l
bicarb	b a ɪ k ɑ ɹ b
biceps	b a ɪ s ɛ p s
biennial	b a ɪ ɛ n ɪ ə l
biff	b ɪ f
bifurcation	b a ɪ f ɚ k e ɪ ʃ ə n
bigot	b ɪ ɡ ə t
bilge	b ɪ l d͡ʒ
billions	b ɪ l j ə n z
bimetallic	b a ɪ m ɪ t æ l ɪ k
binal	b a ɪ n ə l
binomial	b a ɪ n o ʊ m i ə l
biological	b a ɪ ə l ɑ d͡ʒ ɪ k ə l
biomimetic	b a ɪ o ʊ m ɪ m ɛ t ɪ k
bipennated	b a ɪ p ɛ n e ɪ t ɪ d
birdishly	b ɝ d ɪ ʃ l i
birthplace	b ɝ θ p l e ɪ s
biscotti	b ɪ s k ɑ t i
bisexual	b a ɪ s ɛ k ʃ u ə l
bitty	b ɪ t i
blabbed	b l æ b d
blabs	b l æ b z
black	b l æ k
blackface	b l æ k f e ɪ s
blackout	b l æ k a ʊ t
blamed	b l e ɪ m d
blandishment	b l æ n d ɪ ʃ m ə n t
blankley	b l æ ŋ k l i
blaze	b l e ɪ z
blazoning	b l e ɪ z ə n ɪ ŋ
blench	b l ɛ n t͡ʃ
blend	b l ɛ n d
blending	b l ɛ n d ɪ ŋ
blighted	b l a ɪ t ɪ d
blighting	b l a ɪ t ɪ ŋ
blinding	b l a ɪ n d ɪ ŋ
blindingly	b l a ɪ n d ɪ ŋ l i
blinkard	b l ɪ ŋ k ə ɹ d
blister	b l ɪ s t ɚ
blocks	b l ɑ k s
blond	b l ɑ n d
blonds	b l ɑ n d z
bluetail	b l u t e ɪ l
bluff	b l ʌ f
bluish	b l u ɪ ʃ
blunting	b l ʌ n t ɪ ŋ
blushful	b l ʌ ʃ f ə l
blyth	b l a ɪ ð
boaster	b o ʊ s t ɚ
boasting	b o ʊ s t ɪ ŋ
bodice	b ɑ d ɪ s
bogomile	b ɔ ɡ ə m a ɪ l
bohemia	b o ʊ h i m i ə
boko	b o ʊ k o ʊ
bolete	b o ʊ l i t
boll	b o ʊ l
bolo	b o ʊ l o ʊ
bolted	b o ʊ l t ɪ d
bonapartism	b o ʊ n ə p ɑ ɹ t ɪ z ə m
bond	b ɑ n d
boobies	b u b i z
book	b ʊ k
booker	b ʊ k ɚ
bookshelf	b ʊ k ʃ ɛ l f
bookworm	b ʊ k w ɜ m
boon	b u n
borborigmus	b ɔ b ə ɹ ɪ ɡ m ə s
bosques	b ɔ s k e ɪ z
bougainville	b o ʊ ɡ ə n v ɪ l
boughten	b ɔ t ə n
boun	b a ʊ n
boundary	b a ʊ n d ə ɹ i
boundings	b a ʊ n d ɪ ŋ z
bourdon	b ʊ ə d ə n
bovine	b o ʊ v a ɪ n
bowmanship	b o ʊ m ə n ʃ ɪ p
boy	b ɔ ɪ
brainiac	b ɹ e ɪ n i æ k
braising	b ɹ e ɪ z ɪ ŋ
braked	b ɹ e ɪ k t
bramble	b ɹ æ m b ə l
branchial	b ɹ æ ŋ k i ə l
brandywine	b ɹ æ n d i w a ɪ n
brangle	b ɹ æ ŋ ɡ ə l
brassica	b ɹ æ s ɪ k ə
brassiere	b ɹ ə z ɪ ɹ
braves	b ɹ e ɪ v z
bray	b ɹ e ɪ
bread	b ɹ ɛ d
breadbasket	b ɹ ɛ d b æ s k ɪ̈ t
breaks	b ɹ e ɪ k s
breasty	b ɹ ɛ s t i
breathless	b ɹ ɛ θ l ə s
breaths	b ɹ ɛ θ s
bred	b ɹ ɛ d
breeding	b ɹ i d ɪ ŋ
breton	b ɹ ɛ t ə n
brewster	b ɹ u s t ɚ
bribery	b ɹ a ɪ b ə ɹ i
bribing	b ɹ a ɪ b ɪ ŋ
brickie	b ɹ ɪ k i
bridezilla	b ɹ a ɪ d z ɪ l ə
bridgehead	b ɹ ɪ d͡ʒ h ɛ d
briefed	b ɹ i f t
brighten	b ɹ a ɪ t ə n
brightest	b ɹ a ɪ t ɪ s t
bring	b ɹ ɪ ŋ
bringer	b ɹ ɪ ŋ ə ɹ
brisk	b ɹ ɪ s k
broken	b ɹ o ʊ k ə n
brooklyn	b ɹ ʊ k l ə n
broseph	b ɹ o ʊ s ə f
brow	b ɹ a ʊ
browbeat	b ɹ a ʊ b i t
browsing	b ɹ a ʊ z ɪ ŋ
bruce	b ɹ u s
brumby	b ɹ ʌ m b i
buckle	b ʌ k ə l
buckner	b ʌ k n ɚ
buff	b ʌ f
buffoon	b ə f u n
buffoonic	b ə f u n ɪ k
buffyverse	b ʌ f i v ɝ s
buhl	b u l
building	b ɪ l d ɪ ŋ
bujumbura	b u d͡ʒ ə m b ʊ ɹ ə
bulbs	b ʌ l b z
bulerias	b u l ə ɹ i ə s
bulldog	b ʊ l d ɔ ɡ
buller	b ʊ l ə ɹ
bulling	b ʊ l ɪ ŋ
bullion	b ʊ l j ə n
bummer	b ʌ m ə ɹ
bumming	b ʌ m ɪ ŋ
bummy	b ʌ m i
buncha	b ʌ n t͡ʃ ə
bundle	b ʌ n d ə l
bungle	b ʌ ŋ ɡ ə l
bunting	b ʌ n t ɪ ŋ
bupkis	b ʌ p k ɪ s
burb	b ɝ b
burdock	b ɝ d ɑ k
bureaucracy	b j ʊ ɹ ɑ k ɹ ə s i
burgundian	b ɜ ɹ ɡ ʌ n d ɪ ə n
burial	b ɛ ɹ i ə l
burmese	b ɝ m i z
burrito	b ə ɹ i t o ʊ
bushel	b ʊ ʃ ə l
bushes	b ʊ ʃ ɪ z
bushing	b ʊ ʃ ɪ ŋ
buss	b ʌ s
bussed	b ʌ s t
busted	b ʌ s t ə d
buster	b ʌ s t ɚ
busticate	b ʌ s t ɪ k e ɪ t
butt	b ʌ t
butterbrot	b ʊ t ə ɹ b ɹ o ʊ t
butterfingered	b ʌ t ɚ f ɪ ŋ ɡ ɚ d
butterfish	b ʌ t ə ɹ f ɪ ʃ
butterfly	b ʌ t ə ɹ f l a ɪ
buttocks	b ʌ t ə k s
byte	b a ɪ t
bytes	b a ɪ t s
byword	b a ɪ w ɚ d
cacciatore	k ɑ t͡ʃ ə t ɔ ɹ i
cack	k æ k
caddy	k æ d i
caelum	s i l ə m
caesarea	s i z ə ɹ i ə
caesaropapism	s i z ə ɹ o ʊ p e ɪ p ɪ z ə m
cahoots	k ə h u t s
cain	k e ɪ n
caitiff	k e ɪ t ɪ f
calas	k ə l ɑ
calf	k æ f
calgary	k æ l ɡ ɹ i
cali	k æ l i
caliber	k æ l ɪ b ɚ
caligate	k æ l ɪ ɡ e ɪ t
calligraffiti	k ə l ɪ ɡ ɹ ə f i t i
caloyer	k ə l ɔ ɪ ə
calumniate	k ə l ʌ m n i e ɪ t
calves	k æ f z
cambuslang	k æ m b ə s l æ ŋ
cameron	k æ m ə ɹ ə n
camo	k æ m o ʊ
camote	k ə m o ʊ t i
camp	k æ m p
camping	k æ m p ɪ ŋ
campion	k æ m p i ə n
camps	k æ m p s
canaan	k e ɪ n ə n
canaanite	k e ɪ n ə n a ɪ t
canadia	k ə n e ɪ d i ə
cancer	k æ n s ɚ
cant	k æ n t
caoshu	t s a ʊ ʃ u
capability	k e ɪ p ə b ɪ l ə t i
capacitate	k ə p æ s ɪ t e ɪ t
capetonian	k e ɪ p t o ʊ n i ə n
capisce	k ə p i ʃ
capless	k æ p l ə s
capricornus	k æ p ɹ ɪ k ɔ ɹ n ə s
capsaicin	k æ p s e ɪ ə s ə n
capuchin	k æ p ə t͡ʃ ɪ n
car	k ɑ ɹ
carburetor	k ɑ ɹ b j ə ɹ e ɪ t ɚ
carcanet	k ɑ ɹ k ə n ɛ t
careen	k ə ɹ i n
carelessly	k ɛ ɹ l ə s l i
carer	k ɛ ɹ ɚ
caring	k ɛ ɹ ɪ ŋ
carinthian	k ə r ɪ n θ i ə n
carjack	k ɑ ɹ d͡ʒ æ k
carlisle	k ɑ ɹ l a ɪ l
carmagnole	k ɑ ɹ m ə n j o ʊ l
carousal	k ə ɹ a ʊ z ə l
carpet	k ɑ ɹ p ə t
carson	k ɑ ɹ s ə n
carter	k ɑ ɹ t ɚ
cartesian	k ɑ ɹ t i ʒ ə n
catalysis	k ə t æ l ə s ɪ s
catarrh	k ə t ɑ ɹ
catastrophic	k æ t ə s t ɹ ɔ f ɪ k
catchment	k æ t͡ʃ m ə n t
categories	k æ t ə ɡ ɔ ɹ i z
catheter	k æ θ ɪ t̬ ɚ
catless	k æ t l ə s
cautiously	k ɔ ʃ ə s l i
cavalcade	k æ v ə l k e ɪ d
cavan	k æ v n̩
caveat	k æ v i ɑ t
cavitation	k æ v ɪ t e ɪ ʃ ə n
caws	k ɔ z
cayuga	k ə j u ɡ ə
ceasing	s i s ɪ ŋ
cedar	s i d ɚ
ceilidhean	k e ɪ l i ə n
cellophane	s ɛ l ə f e ɪ n
celluloid	s ɛ l j ə l ɔ ɪ d
celtuce	s ɛ l t ə s
cenesthopathy	s i n ə s θ ɔ p ə θ i
cent	s ɛ n t
ceqli	t͡ʃ ɛ ŋ l i
cerebration	s ɛ ɹ ɪ b ɹ e ɪ ʃ ə n
cerium	s ɪ ə ɹ i ə m
cervix	s ɝ v ɪ k s
cess	s ɛ s
cesspit	s ɛ s p ɪ t
cetirizine	s ɛ t ɪ ɹ ɪ z i n
chaconne	ʃ a k ɔ n
chaebol	t͡ʃ e ɪ b ʌ l
chaff	t͡ʃ æ f
chalcedon	k æ l s ɪ d ɑ n
chamfer	t͡ʃ æ m f ɚ
chan	t͡ʃ æ n
chandelier	ʃ æ n d ə l ɪ ə ɹ
changing	t͡ʃ e ɪ n d͡ʒ ɪ ŋ
chaperome	ʃ æ p ə ɹ o ʊ m
chaperone	ʃ æ p ə ɹ o ʊ n
chaplin	t͡ʃ æ p l ɪ n
chappy	t͡ʃ æ p i
chapter	t͡ʃ æ p t ɚ
chasm	k æ z ə m
chauvinism	ʃ o ʊ v ɪ n ɪ z m̩
checkback	t͡ʃ ɛ k b æ k
checkbox	t͡ʃ ɛ k b ɑ k s
checker	t͡ʃ ɛ k ɚ
cheddaring	t͡ʃ ɛ d ə ɹ ɪ ŋ
cheer	t͡ʃ ɪ ɹ
chemnitz	k ɛ m n ɪ t s
chemtrail	k ɛ m t ɹ e ɪ l
chen	t͡ʃ ɛ n
chenoweth	t͡ʃ ɪ n o ʊ ɪ θ
cher	ʃ ɛ ɹ
cherimoya	t͡ʃ ɛ ɹ ɪ m ɔ ɪ ə
cherine	ʃ ɪ ɹ i n
cheroot	t͡ʃ ə ɹ u t
cherty	t͡ʃ ɜ ɹ t i
chevon	ʃ ɛ v ə n
chickadee	t͡ʃ ɪ k ə d i
chickenhawk	t͡ʃ ɪ k ɪ n h ɔ k
chickpea	t͡ʃ ɪ k p i
chiefs	t͡ʃ i f s
chiffon	ʃ ɪ f ɑ n
chilaquiles	t͡ʃ i l ə k i l e ɪ s
chilblain	t͡ʃ ɪ l b l e ɪ n
child	t͡ʃ a ɪ l d
childbed	t͡ʃ a ɪ l d b ɛ d
childrearing	t͡ʃ a ɪ l d ɹ ɪ ə ɹ ɪ ŋ
chills	t͡ʃ ɪ l z
chimings	t͡ʃ a ɪ m ɪ ŋ z
chin	t͡ʃ ɪ n
chinatown	t͡ʃ a ɪ n ə t a ʊ n
chinoiserie	ʃ i n w ɑ z ə ɹ i
chinwag	t͡ʃ ɪ n w æ ɡ
chitinous	k a ɪ t ɪ n ə s
chlorine	k l ɔ ɹ i n
choenix	k i n ɪ k s
cholera	k ɑ l ə ɹ ə
cholo	t͡ʃ o l o ʊ
chomo	t͡ʃ o ʊ m o ʊ
chon	t͡ʃ ɑ n
chondrule	k ɔ n d ɹ u l
choose	t͡ʃ u z
chope	t͡ʃ o ʊ p
chops	t͡ʃ ɑ p s
chopstix	t͡ʃ ɑ p s t ɪ k s
choral	k ɔ ɹ ə l
chord	k ɔ ɹ d
choroid	k ɔ ɹ ɔ ɪ d
chose	t͡ʃ o ʊ z
chott	ʃ ɑ t
choupique	ʃ u p i k
chowder	t͡ʃ a ʊ d ɚ
christ	k ɹ a ɪ s t
chucky	t͡ʃ ʌ k i
chumpy	t͡ʃ ʌ m p i
churl	t͡ʃ ɜ ɹ l
cichlid	s ɪ k l ɪ d
ciera	s i ɛ ɹ ə
cigs	s ɪ ɡ z
cilostazol	s ɪ l ɔ s t ə z ɔ l
cilungu	t͡ʃ i l u ŋ ɡ u
cinchona	s ɪ ŋ k o ʊ n ə
cinderella	s ɪ n d ə ɹ ɛ l ə
circled	s ɜ ɹ k ə l d
circumscribe	s ɝ k ə m s k ɹ a ɪ b
circumstances	s ɝ k ə m s t æ n s ɪ z
cite	s a ɪ t
cited	s a ɪ t ɪ d
civilized	s ɪ v ɪ l a ɪ z d
cladding	k l æ d ɪ ŋ
cladistically	k l ə d ɪ s t ɪ k ə l i
cladribine	k l æ d ɹ ɪ b i n
claire	k l ɛ ɹ
clamped	k l æ m p t
clancular	k l æ ŋ k j ʊ l ə ɹ
clapping	k l æ p ɪ ŋ
claps	k l æ p s
classify	k l æ s ɪ f a ɪ
claudius	k l ɔ d i ə s
clause	k l ɔ z
clavichord	k l æ v ɪ k ɔ ɹ d
clavicytherium	k l æ v ə s a ɪ θ ɪ ə ɹ i ə m
cleanliness	k l ɛ n l i n ə s
cleidoic	k l a ɪ d o ʊ ɪ k
clematis	k l ɛ m ə t ɪ s
clevedon	k l i v d ə n
cleverer	k l ɛ v ɚ ɚ
cliff	k l ɪ f
clinostat	k l a ɪ n ə s t æ t
clip	k l ɪ p
clithrophobia	k l ɪ θ ɹ ə f o ʊ b i ə
clivus	k l a ɪ v ə s
clockwork	k l ɑ k w ɝ k
cloque	k l o ʊ k e ɪ
closeup	k l o ʊ s ʌ p
clothes	k l o ʊ ð z
clotter	k l ɔ t ə ɹ
clouds	k l a ʊ d z
clovelly	k l ə v ɛ l i
clowned	k l a ʊ n d
cloxacillin	k l ɑ k s ə s ɪ l ɪ n
clozapine	k l o ʊ z ə p i n
cluck	k l ʌ k
clumping	k l ʌ m p ɪ ŋ
clumpy	k l ʌ m p i
clumsiness	k l ʌ m z i n ə s
clumsy	k l ʌ m z i
clypeus	k l ɪ p ɪ ə s
coagulatory	k o ʊ æ ɡ j ə l ə t ɔ ɹ i
coalesces	k o ʊ ə l ɛ s ɪ z
coalie	k o ʊ l i
coals	k o ʊ l z
coarsen	k ɔ ɹ s ə n
coates	k o ʊ t s
cobblestone	k ɑ b l̩ s t o ʊ n
cobh	k o ʊ v
coccoidal	k ɔ k ɔ ɪ d ə l
codling	k ɔ d l ɪ ŋ
coeus	s i ə z
cohort	k o ʊ̯ h ɔ ɹ t
cohosh	k ə h ɔ ʃ
coiling	k ɔ ɪ l ɪ ŋ
coining	k ɔ ɪ n ɪ ŋ
coinings	k ɔ ɪ n ɪ ŋ z
cola	k o ʊ l ə
colander	k ɑ l ə n d ə ɹ
coleford	k o ʊ l f ə ɹ d
coleslaw	k o ʊ l s l ɔ
coll	k ɔ l
collection	k ə l ɛ k ʃ ə n
collective	k ə l ɛ k t ɪ v
collet	k ɑ l ɪ t
colonnade	k ɔ l ə n e ɪ d
colonoscopy	k ɑ l ə n ɑ s k ə p i
colossal	k ə l ɔ s ə l
combination	k ɑ m b ɪ n e ɪ ʃ ə n
combinatorial	k ɑ m b ɪ n ə t ɔ ɹ i ə ɫ
combined	k ə m b a ɪ n d
combustion	k ə m b ʌ s t͡ʃ ə n
comedones	k ɑ m ɪ d o ʊ n i z
comely	k ʌ m l i
comfterble	k ʌ m f t ə ɹ b l̩
comic	k ɑ m ɪ k
commandant	k ɔ m ə n d æ n t
commits	k ə m ɪ t s
commixtion	k ə m ɪ k s t͡ʃ ə n
commonitive	k ə m ɔ n ɪ t ɪ v
communism	k ɔ m j u n ɪ z m̩
compilation	k ɑ m p ɪ l e ɪ ʃ ə n
complained	k ə m p l e ɪ n d
complainings	k ə m p l e ɪ n ɪ ŋ z
complicate	k ɑ m p l ɪ k e ɪ t
complimentary	k ɑ m p l ɪ̈ m ɛ n t ə ɹ i
compost	k ɑ m p o ʊ s t
compote	k ɑ m p o ʊ t
compression	k ɔ m p ɹ ɛ ʃ ə n
comptible	k ɔ m p t ə b ə l
computerette	k ə m p j u t ɚ ɹ ɛ t
comune	k ə m u n e ɪ
concave	k ɔ ŋ k e ɪ v
conceded	k ə n s i d ɪ d
conceive	k ə n s i v
conceives	k ə n s i v z
concierge	k ɑ n s i ɛ ɹ ʒ
conciliate	k ə n s ɪ l i e ɪ t
conclave	k ɑ n k l e ɪ v
conclusion	k ə n k l u ʒ ə n
conditional	k ə n d ɪ ʃ ə n ə l
confab	k ə n f æ b
confided	k ə n f a ɪ d ɪ d
confiture	k ɔ n f ɪ t j ʊ ə ɹ
conflow	k ə n f l o ʊ
conformance	k ə n f ɔ m ə n s
conformist	k ə n f ɔ ɹ m ɪ s t
confusion	k ə n f j u ʒ ə n
congeries	k ɑ n d͡ʒ ə ɹ i z
congo	k ɑ ŋ ɡ o ʊ
conical	k ɑ n ɪ k ə l
connecting	k ə n ɛ k t ɪ ŋ
conniving	k ə n a ɪ v ɪ ŋ
connotation	k ɑ n ə t e ɪ ʃ ə n
conscript	k ɔ n s k ɹ ɪ p t
consecution	k ɔ n s ɪ k j u ʃ ə n
conservatory	k ə n s ɝ v ə t ɔ ɹ i
consopite	k ɔ n s ə p a ɪ t
conspersion	k ə n s p ɜ ɹ ʒ ə n
constraints	k ə n s t ɹ e ɪ n t s
construal	k ə n s t ɹ u ə l
contend	k ə n t ɛ n d
contraband	k ɑ n t ɹ ə b æ n d
contracted	k ə n t ɹ æ k t ɪ d
contradictory	k ɑ n t ɹ ə d ɪ k t ə ɹ i
controls	k ə n t͡ʃ ɹ o ʊ l s
convenable	k ə n v i n ə b ə l
convex	k ɑ n v ɛ k s
conway	k ɔ n w e ɪ
cooled	k u l d
cootie	k u t i
copies	k ɑ p i z
coprecipitation	k o ʊ p ɹ ɪ s ɪ p ɪ t e ɪ ʃ ə n
copulative	k ɔ p j ʊ l ə t ɪ v
copywriter	k ɑ p ɪ ɹ a ɪ ɾ ɚ
coquitlam	k o ʊ k w ɪ t l ə m
cords	k ɔ ɹ d z
corinthian	k ə ɹ ɪ n θ i ə n
corkscrew	k ɔ ɹ k s k ɹ u
corna	k ɔ ɹ n ə
corncrake	k ɔ r n k r e ɪ k
corny	k ɔ ɹ n i
corradiate	k o ʊ ɹ e ɪ d i e ɪ t
correct	k ə ɹ ɛ k t
correctly	k ə ɹ ɛ k t l i
corroborate	k ə ɹ ɑ b ə ɹ e ɪ̯ t
corrosion	k ə ɹ o ʊ ʒ ə n
corrugation	k ɔ r ə ɡ e ɪ ʃ ə n
corse	k ɔ ɹ s
cortisone	k ɔ ɹ t ɪ s o ʊ n
corunna	k ə ɹ ʌ n ə
cosmogony	k ɔ z m ɔ ɡ ə n i
cosmopolis	k ɔ z m ɔ p ɔ l ɪ s
costamere	k ɑ s t ə m ɪ ɹ
costive	k ɑ s t ɪ v
cote	k o ʊ t
cottbus	k ɑ t b ʌ s
cotulla	k ə t j u l ə
coulisse	k u l i s
counterintuitive	k a ʊ n t ə ɹ ɪ n t u ɪ t ɪ v
counterplot	k a ʊ n t ɚ p l ɑ t
counterpoise	k a ʊ n t ə ɹ p ɔ ɪ z
countryside	k ʌ n t ɹ i s a ɪ d
countrywide	k ʌ n t ɹ i w a ɪ d
coupist	k u ɪ s t
couple	k ʌ p ə l
courageous	k ə ɹ e ɪ d͡ʒ ə s
courtship	k ɔ ɹ t͡ʃ ɪ p
coventry	k ɑ v ə n t ɹ i
cow	k a ʊ
cowan	k a ʊ ə n
cowbell	k a ʊ b ɛ l
cowered	k a ʊ ɚ d
cowrie	k a ʊ ɹ i
cozenage	k ʌ z ə n ɪ d͡ʒ
cpn	s i p i ɛ n
crane	k ɹ e ɪ n
crare	k ɹ ɛ ɹ
crasis	k ɹ e ɪ s ɪ s
craze	k ɹ e ɪ z
creak	k ɹ i k
creaked	k ɹ i k t
cream	k ɹ i m
creamings	k ɹ i m ɪ ŋ z
creativity	k ɹ i e ɪ t ɪ v ə t i
creator	k ɹ i e ɪ t ɚ
cred	k ɹ ɛ d
credentialism	k ɹ ə d ɛ n ʃ ə l ɪ z ə m
credibility	k ɹ ɛ d ə b ɪ ɫ ɪ t i
creepshot	k ɹ i p ʃ ɔ t
creolization	k ɹ i ə ʊ̆ l a ɪ z e ɪ ʃ ə̆ n
crestings	k ɹ ɛ s t ɪ ŋ z
cretan	k ɹ i t ə n
crewmember	k ɹ u m ɛ m b ɚ
criminalistic	k ɹ ɪ m ɪ n ə l ɪ s t ɪ k
crimp	k ɹ ɪ m p
cringed	k ɹ ɪ n d͡ʒ d
crispy	k ɹ ɪ s p i
crocodile	k ɹ ɑ k ə d a ɪ l
croft	k ɹ ɔ f t
crogglement	k ɹ ɔ ɡ ə l m ə n t
cronut	k ɹ o ʊ n ʌ t
crosne	k ɹ o ʊ n
crossed	k ɹ ɔ s t
crossfire	k ɹ ɔ s f a ɪ ɹ
crotch	k ɹ ɑ t͡ʃ
crowings	k ɹ o ʊ ɪ ŋ z
crowns	k ɹ a ʊ n z
cruise	k ɹ u z
cruisings	k ɹ u z ɪ ŋ z
crumbs	k ɹ ʌ m z
crumlin	k ɹ ʌ m l ɪ n
crustings	k ɹ ʌ s t ɪ ŋ z
cruz	k ɹ u z
crystalline	k ɹ ɪ s t ə l a ɪ n
css	s i ɛ s ɛ s
csx	s i ɛ s ɛ k s
cuds	k ʌ d z
cued	k j u d
culled	k ʌ l d
culls	k ʌ l z
cumbernauld	k ʌ m b ə ɹ n ɔ l d
cumulation	k j u m j ə l e ɪ ʃ ə n
curia	k j u ɹ i ə
curium	k j ʊ ə ɹ i ə m
curly	k ɝ l i
cusps	k ʌ s p s
cutlery	k ʌ t l ə ɹ i
cycles	s a ɪ k ə l z
cyclone	s a ɪ k l o ʊ n
cylindrical	s ɪ l ɪ n d ɹ ɪ k ə l
cynganeddion	k ə ŋ ə n ɛ ð j ə n
cypriot	s ɪ p ɹ i ə t
cyprus	s a ɪ p ɹ ə s
cytonuclear	s a ɪ t o n u k l i ɚ
daddy	d æ d i
daftness	d æ f t n ə s
dalry	d æ l ɹ a ɪ
dames	d e ɪ m z
dams	d æ m z
damsel	d æ m z ə l
dan	d æ n
danae	d æ n e ɪ i
danbo	d æ n b o ʊ
dapagliflozin	d æ p ə ɡ l ə f l o ʊ z ɪ n
darken	d ɑ ɹ k ə n
darth	d ɑ ɹ θ
darvel	d ɑ ɹ v ə l
davis	d e ɪ v ɪ s
dawk	d ɔ k
dawson	d ɔ s ə n
daylights	d e ɪ l a ɪ t s
dazy	d e ɪ z i
dead	d ɛ d
deadline	d ɛ d l a ɪ n
deans	d i n z
dearest	d ɪ ɹ ɪ s t
deaths	d ɛ θ s
debark	d i b ɑ ɹ k
debasement	d ɪ b e ɪ s m ə n t
decadent	d ɛ k ə d ə n t
decarceration	d i k ɑ ɹ s ə ɹ e ɪ ʃ ə n
deceleration	d ɪ s ɛ l ə ɹ e ɪ ʃ ə n
december	d ɪ s ɛ m b ə ɹ
decim	d ɛ s ɪ m
declan	d ɛ k l ə n
deconcatenate	d i k ə n k æ t ə n e ɪ t
dedovshchina	dʲ ɪ d ɐ f ɕː i n ə
deepest	d i p ɪ s t
defacement	d ɪ f e ɪ s m ə n t
defcon	d ɛ f k ɑ n
defined	d ɪ f a ɪ n d
deftly	d ɛ f t l i
degrees	d ɪ ɡ ɹ i z
dehiscence	d ɪ h ɪ s ə n s
dehydration	d i h a ɪ d ɹ e ɪ ʃ ə n
dehymenization	d i h a ɪ m ə n a ɪ z e ɪ ʃ ə n
deictic	d a ɪ k t ɪ k
deirdre	d ɪ ɹ d ɹ ə
delam	d i l æ m
delavirdine	d ɛ l ə v ɪ ɹ d i n
deleterious	d ɛ l ə t ɪ ɹ i ə s
delicately	d ɛ l ɪ k ə t l i
deluxe	d ə l ʌ k s
demonstratable	d ɛ m ə n s t ɹ e ɪ t ə b l
demur	d ɪ m ɝ
demurral	d ɪ m ɝ ə l
denali	d i n ɑ l i
denotes	d ɪ n o ʊ t s
denouement	d e ɪ n u m ɑ̃
dense	d ɛ n s
dentiparous	d ɛ n t ɪ p ə ɹ ə s
deontic	d i ɔ n t ɪ k
departed	d ɪ p ɑ ɹ t ɪ d
department	d ə p ɑ ɹ t m ə n t
deplatform	d i p l æ t f ɔ ɹ m
deplore	d ɪ p l ɔ ɹ
depress	d ɪ p ɹ ɛ s
depuration	d ɛ p j ʊ ɹ e ɪ ʃ ə n
derelict	d ɛ ɹ ə l ɪ k t
derf	d ɝ f
deride	d ɪ ɹ a ɪ d
dermic	d ɜ ɹ m ɪ k
dernful	d ɜ ɹ n f ə l
dese	d i z
deserve	d ɪ z ɝ v
deshler	d ɛ ʃ l ə ɹ
desiccation	d ɛ s ɪ k e ɪ ʃ ə n
desires	d ɪ z a ɪ ɹ z
desmond	d ɛ z m ə n d
despairing	d ɪ s p ɛ ɹ ɪ ŋ
despairingly	d ɪ s p ɛ ɹ ɪ ŋ l i
despot	d ɛ s p ə t
desyatin	d ɛ s j ə t i n
detection	d ə t ɛ k ʃ ə n
detraction	d ɪ t ɹ æ k ʃ ə n
devious	d i v i ə s
devote	d ɪ v o ʊ t
dewberry	d u b ɛ ɹ i
dexterity	d ɛ k s t ɛ ɹ ɪ t i
dexterous	d ɛ k s t ɹ ə s
dextrin	d ɛ k s t ɹ ɪ n
dezh	d ɛ ʒ
dialog	d a ɪ ə l ɑ ɡ
dialogical	d a ɪ ə l ɑ d͡ʒ ɪ k ə ɫ
diapie	d a ɪ p i
diastema	d a ɪ ə s t i m ə
diathetic	d a ɪ ə θ ə t ɪ k
diatom	d a ɪ ə t ɑ m
dicked	d ɪ k t
dictionary	d ɪ k ʃ ə n ɛ ɹ i
diddest	d ɪ d ɛ s t
dideoxyinosine	d a ɪ d i ɑ k s ɪ ɪ n ə s i n
dido	d a ɪ d o ʊ
didst	d ɪ d s t
diedre	d ɪ ə d r i
diener	d i n ə ɹ
dietitian	d a ɪ ə t ɪ ʃ ə n
difenoxin	d a ɪ f ə n ɑ k s ɪ n
different	d ɪ f ə ɹ ə n t
difficulties	d ɪ f ɪ k ə l t i z
digger	d ɪ ɡ ɚ
dilapidation	d ə l æ p ə d e ɪ ʃ ə n
dilogy	d ɪ l ə d͡ʒ i
diltiazem	d ɪ l t a ɪ ə z ɛ m
dimes	d a ɪ m z
dimmer	d ɪ m ə ɹ
dimp	d ɪ m p
dimplement	d ɪ m p ə l m ə n t
dims	d ɪ m z
dinning	d ɪ n ɪ ŋ
dinton	d ɪ n t ə n
diocese	d a ɪ ə s ɪ s
diomedes	d a ɪ ə m i d i z
diploe	d ɪ p l o ʊ i
diplomatic	d ɪ p l ə m æ t ɪ k
dirigent	d ɪ ɹ ɪ d͡ʒ ə n t
disadvantage	d ɪ s ə d v æ n t ɪ d͡ʒ
disaster	d ɪ z æ s t ɚ
disavow	d ɪ s ə v a ʊ
disburden	d ɪ s b ɜ ɹ d ə n
discernible	d ɪ s ɝ n ɪ b l̩
discernibly	d ɪ s ɜ ɹ n ɪ b l i
discerning	d ɪ s ɝ n i ŋ
disciple	d ɪ s a ɪ p l̩
disco	d ɪ s k o ʊ
discography	d ɪ s k ɑ ɡ ɹ ə f i
disconnection	d ɪ s k ə n ɛ k ʃ ə n
discontinue	d ɪ s k ə n t ɪ n j u
discount	d ɪ s k a ʊ n t
discretionary	d ɪ s k ɹ ɛ ʃ ə n ɛ ɹ i
discriminatory	d ɪ s k ɹ ɪ m ɪ n ə t ɔ ɹ i
disdain	d ɪ s d e ɪ n
disenfranchisement	d ɪ s ɪ n f ɹ æ n t͡ʃ a ɪ z m ə n t
disinhibit	d ɪ s ɪ n h ɪ b ɪ t
disinter	d ɪ s ɪ n t ɜ ɹ
disinvite	d ɪ s ɪ n v a ɪ t
disorientation	d ɪ s ɔ ɹ i ɪ n t e i ʃ n̩
disparadise	d ɪ s p æ ɹ ə d a ɪ s
displease	d ɪ s p l i z
disremember	d ɪ s ɹ ɪ m ɛ m b ɚ
disruptive	d ɪ s ɹ ʌ p t ɪ v
dissension	d ɪ s ɛ n ʃ ə n
dissite	d ɪ s a ɪ t
dissonate	d ɪ s o n e ɪ t
distitle	d ɪ s t a ɪ t ə l
distress	d ɪ s t ɹ ɛ s
distributing	d ɪ s t ɹ ɪ b j u t ɪ ŋ
distribution	d ɪ s t ɹ ə b j u ʃ ə n
ditchings	d ɪ t͡ʃ ɪ ŋ z
divaricated	d ʌ ɪ v æ ɹ ɪ k e ɪ t ɪ d
diver	d a ɪ̯ v ə ɹ
dixie	d ɪ k s i
djibouti	d͡ʒ ɪ b u t i
doctor	d ɑ k t ɚ
doe	d o ʊ
doggedly	d ɔ ɡ ə d l i
dogie	d o ʊ ɡ i
doily	d ɔ ɪ l i
doldrum	d ɑ l d ɹ ə m
dominance	d ɑ m ɪ n ə n s
dominic	d ɑ m ə n ɪ k
doorframe	d ɔ ɹ f ɹ e ɪ m
dormouse	d ɔ ɹ m a ʊ s
douaouda	d u a ʊ d ə
doubly	d ʌ b l i
doug	d ʌ ɡ
douth	d a ʊ θ
doves	d ʌ v z
downbent	d a ʊ n b ɛ n t
downed	d a ʊ n d
downgrade	d a ʊ n ɡ ɹ e ɪ d
doze	d o ʊ z
drapery	d ɹ e ɪ p ə ɹ i
drawbar	d ɹ ɔ b ɑ ɹ
dreaded	d ɹ ɛ d ɪ d
dreadful	d ɹ ɛ d f ʊ l
dreamed	d ɹ i m d
dreamer	d ɹ i m ɚ
dreamtime	d ɹ i m t a ɪ m
dregs	d ɹ ɛ ɡ z
drey	d ɹ e ɪ
drifting	d ɹ ɪ f t ɪ ŋ
drilling	d ɹ ɪ l ɪ ŋ
drillings	d ɹ ɪ l ɪ ŋ z
dronabinol	d ɹ o ʊ n æ b ɪ n ɔ l
droned	d ɹ o ʊ n d
drones	d ɹ o ʊ n z
droshky	d ɹ ɔ ʃ k i
drostanolone	d ɹ ɑ s t æ n ə l o ʊ n
droved	d ɹ o ʊ v d
drown	d ɹ a ʊ n
drowse	d ɹ a ʊ z
drowsing	d ɹ a ʊ z ɪ ŋ
droxicam	d ɹ ɔ k s ɪ k æ m
drupe	d ɹ u p
druthers	d ɹ ʌ ð ɚ z
dsi	d i ɛ s a ɪ
dubonnet	d j u b ə n e ɪ
duck	d ʌ k
ducky	d ʌ k i
duds	d ʌ d z
duffy	d ʌ f i
duluth	d ə l u θ
dumbwaiter	d ʌ m w e ɪ t ə ɹ
dumped	d ʌ m p t
dumpling	d ʌ m p l ɪ ŋ
dumpster	d ʌ m p s t ɚ
dundee	d ʌ n d i
dungan	d ʊ ŋ ɡ ɑ n
dunn	d ʌ n
duskish	d ʌ s k ɪ ʃ
dustin	d ʌ s t ɪ n
dweller	d w ɛ l ə ɹ
dyscrasia	d ɪ s k ɹ e ɪ z ɪ ə
dystopian	d ɪ s t o ʊ p i ə n
dystrophy	d ɪ s t ɹ ə f i
dyun	dʲ ʊ n
earnestly	ɝ n ɪ s t l i
ears	ɪ ɹ z
earwig	ɪ ə ɹ w ɪ ɡ
ease	i z
easel	i z ə l
easter	i s t ɚ
eastleigh	i s t l i
eater	i t ɚ
eats	i t s
ecchymose	ɛ k ɪ m o ʊ z
echoise	ɛ k o ʊ a ɪ z
ecmascript	i s i ɛ m e ɪ s k ɹ ɪ p t
ecosystem	i k o ʊ s ɪ s t ə m
ed	ɛ d
edgewise	ɛ d͡ʒ w e ɪ z
edgy	ɛ d͡ʒ i
edification	ɛ d ɪ f ɪ k e ɪ ʃ ə n
edifice	ɛ d ɪ f ɪ s
edified	ɛ d ɪ f a ɪ d
editings	ɛ d ɪ t ɪ ŋ z
educational	ɛ d͡ʒ ʊ k e ɪ ʃ ə n ə l
educe	ɪ d u s
ees	i z
ef	ɛ f
eff	ɛ f
effect	ə f ɛ k t
effervescent	ɛ f ɚ v ɛ s ə n t
effloresced	ɛ f l ə ɹ ɛ s t
efren	ɛ f ɹ ɛ n
eft	ɛ f t
egestion	i d͡ʒ ɛ s t͡ʃ ə n
eggar	ɛ ɡ ɚ
eggs	ɛ ɡ z
eirene	a ɪ ɹ i n i
elcic	i ɛ l s i a ɪ s i
electrolyte	i l ɛ k t ɹ ɵ l a ɪ t
eliminate	ɪ l ɪ m ə n e ɪ t
elks	ɛ l k s
ellipses	ɪ l ɪ p s i z
elsinore	ɛ l s ə n ɔ ɹ
elude	ɪ l u d
elutriate	ɪ l u t ɹ ɪ e ɪ t
elvan	ɛ l v ə n
elven	ɛ l v ə n
elver	ɛ l v ə ɹ
elytron	ɛ l ɪ t ɹ ɔ n
emancipatory	ɪ m æ n s ɪ p ə t ɔ ɹ i
embarrassing	ɪ m b æ ɹ ə s ɪ ŋ
emblematic	ɛ m b l ə m a t ɪ k
embolalia	ɛ m b ə l e ɪ l i ə
embow	ɪ m b o ʊ
embroidery	ɪ m b ɹ ɔ ɪ d ə ɹ i
emesa	ɛ m ə s ə
emicant	ɛ m ɪ k ə n t
empathic	ɛ m p æ θ ɪ k
emulate	ɛ m j ə l e ɪ t
enamored	ɪ n æ m ə ɹ d
enaunter	ɪ n ɔ n t ə ɹ
enby	ɛ n b i
enchilada	ɛ n t͡ʃ ɪ l ɑ d ə
enclose	ɪ n k l o ʊ z
enclothe	ɛ n k l o ʊ ð
endearing	i n d ɪ ɹ i ŋ
endeavouring	ɪ n d ɛ v ə ɹ ɪ ŋ
ending	ɛ n d ɪ ŋ
endlong	ɛ n d l ɔ ŋ
endymion	ɛ n d ɪ m i ə n
enfleurage	ɑ̃ f l u ɹ ɑ ʒ
engineering	ɛ n d͡ʒ ɪ n ɪ ə ɹ ɪ ŋ
englishness	ɪ ŋ ɡ l ɪ ʃ n ə s
enprostil	ɛ n p ɹ ɑ s t ɪ l
ensconce	ɛ n s k ɑ n s
ensiform	ɛ n s ə f ɔ ɹ m
ensile	ɛ n s a ɪ ə l
ensky	ɛ n s k a ɪ
enslave	ɪ n s l e ɪ v
enter	ɛ n t ɚ
enthalpy	ɛ n θ ə l p i
entrust	ɪ n t ɹ ʌ s t
entscheidungsproblem	ɛ n t͡ʃ ʌ ɪ d ʊ ŋ s p ɹ ɔ b l ə m
enyo	i n a ɪ o ʊ
epaulement	e ɪ p o ʊ l m ɑ n t
epeolatry	ɛ p i ɔ l ə t ɹ i
epicness	ɛ p ɪ k n ə s
epilation	ɛ p ɪ l e ɪ ʃ ə n
epinephrine	ɛ p ɪ n ɛ f ɹ ɪ n
episcopalian	ə p ɪ s k ə p e ɪ l i n̩
epitrachelion	ɛ p ɪ t ɹ ɑ k i l i ɔ n
eradicate	ɪ ɹ æ d ɪ k e ɪ t
erd	ɛ ɹ d
erlking	ɜ l k ɪ ŋ
ernes	ɝ n z
ervil	ɜ ɹ v ɪ l
erythrocyte	ə ɹ ɪ θ ɹ ə s a ɪ t
eschatology	ɛ s k ə t ɔ l ə d͡ʒ i
eschaton	ɛ s k ə t ɑ n
esker	ɛ s k ɚ
esoterica	ɛ s ɵ t ɛ ɹ ɪ k ə
esotropia	ɛ s o ʊ t ɹ o ʊ p i ə
essive	ɛ s ɪ v
ester	ɛ s t ɚ
estivate	ɛ s t ɪ v e ɪ t
estriol	ɛ s t ɹ a ɪ ɔ l
ethea	i θ ɪ ə
ethiopia	i θ i o ʊ p i ə
ethiopian	i θ i o ʊ p i ə n
ethnonymy	ɛ θ n ɔ n ɪ m i
etoricoxib	ɪ t ɔ ɹ ə k ɑ k s ɪ b
etymology	ɛ t ɪ m ɑ l ə d͡ʒ i
eucalyptus	j u k ə l ɪ p t ə s
eunatremic	j u n ə t ɹ i m ɪ k
eunuch	j u n ə k
euouae	j u u i
euterpe	j u t ɝ p i
evaluate	ɪ̈ v a l j ə w e ɪ t
evangelic	i v æ n d͡ʒ ɛ l ɪ k
evangelical	i v æ n d͡ʒ ɛ l ɪ k ə l
eve	i v
eventide	i v ə n t a ɪ d
everyone	ɛ v ɹ i w ʌ n
eves	i v z
evidentiality	ɛ v ɪ d ɛ n ʃ i æ l ɪ t i
evp	i v i p i
exasperate	ɪ ɡ z æ s p ə ɹ e ɪ t
excave	ɛ k s k e ɪ v
exceptional	ɪ k s ɛ p ʃ ə n ə l
excitement	ɪ k s a ɪ t m ə n t
excommune	ɛ k s k ə m j u n
excursus	ɪ k s k ɜ s ə s
execs	e k s e k s
exemestane	ɛ k s ə m ɛ s t e ɪ n
exhale	ɛ k s h e ɪ l
exhausted	ɪ ɡ z ɔ s t ɪ d
exons	ɛ k s ɔ n z
expedite	ɛ k s p ɪ d a ɪ t
explanations	ɛ k s p l ə n e ɪ ʃ ə n z
expletive	ɛ k s p l ə t ɪ v
exploitation	ɛ k s p l ɔ ɪ t e ɪ ʃ n̩
exporting	ɪ k s p ɔ ɹ t ɪ ŋ
extensive	ɛ k s t ɛ n s ɪ v
extinguish	ɪ k s t ɪ ŋ ɡ w ɪ ʃ
exuberant	ɪ ɡ z u b ə ɹ ə n t
ey	e ɪ
ezafe	ɛ z ɑ f e ɪ
facer	f e ɪ s ə r
facile	f æ s ə l
factorial	f æ k t ɔ ɹ i ə l
fain	f e ɪ n
faked	f e ɪ k t
fallow	f æ l o ʊ
falsify	f ɔ l s ɪ f a ɪ
famished	f æ m ɪ ʃ t
fane	f e ɪ n
fangle	f æ ŋ ɡ ə l
fanmag	f æ n m æ ɡ
farce	f ɑ ɹ s
fardel	f ɑ ɹ d ə l
farewell	f ɛ ɹ w ɛ l
farthest	f ɑ ɹ ð ɪ s t
fascinating	f æ s ɪ n e ɪ t ɪ ŋ
fascism	f æ ʃ ɪ z ə m
fashion	f æ ʃ ə n
faster	f æ s t ɚ
fat	f æ t
fatality	f e ɪ t æ l ɪ t i
fatberg	f æ t b ɝ ɡ
fatso	f æ t s o ʊ
fatuous	f æ t͡ʃ u ə s
faule	f ɔ l
faults	f ɔ l t s
favillous	f ə v ɪ l ə s
favors	f e ɪ v ɚ z
feal	f i l
fears	f ɪ ɹ z
fecal	f i k ə l
feck	f ɛ k
feckful	f ɛ k f ə l
federer	f ɛ d ə ɹ ɚ
feeb	f i b
feedbacking	f i d b æ k ɪ ŋ
feelings	f i l ɪ ŋ z
feigns	f e ɪ n z
feisty	f a ɪ s t i
felicity	f ə l ɪ s ɪ t i
feline	f i l a ɪ n
fellah	f ɛ l ə
fellows	f ɛ l o ʊ z
felon	f ɛ l ə n
femaleness	f i m e ɪ l n ɪ s
femra	f ɛ m ɑ ɹ e ɪ
fence	f ɛ n s
fess	f ɛ s
fettle	f ɛ t ə l
feudalist	f j u d ə l ɪ s t
fever	f i v ɚ
fibrocollagenous	f a ɪ b ɹ o ʊ k ə l æ d͡ʒ i n ə s
fickle	f ɪ k ə l
ficus	f a ɪ k ə s
fidel	f ɪ d e l
fief	f i f
fiendish	f i n d ɪ ʃ
fifties	f ɪ f t i z
filipino	f ɪ l ɪ p i n o ʊ
fill	f ɪ l
filly	f ɪ l i
films	f ɪ l m z
fimble	f ɪ m b ə l
finest	f a ɪ n ɪ s t
finishings	f ɪ n ɪ ʃ ɪ ŋ z
finnair	f ɪ n ɛ ɹ
fiqh	f i k
fir	f ɝ
firebrand	f a ɪ ɚ b ɹ æ n d
fisherman	f ɪ ʃ ɚ m ə n
fishing	f ɪ ʃ ɪ ŋ
fishy	f ɪ ʃ i
fisted	f ɪ s t ɪ d
fisting	f ɪ s t ɪ ŋ
fit	f ɪ t
fixable	f ɪ k s ə b ə l
fizz	f ɪ z
fizzle	f ɪ z ə l
flab	f l æ b
flailing	f l e ɪ l ɪ ŋ
flanders	f l æ n d ɚ z
flapjack	f l æ p d͡ʒ æ k
flary	f l ɛ ɹ i
flashbulb	f l æ ʃ b ʌ l b
flat	f l æ t
flaubertian	f l o ʊ b ɝ t i ə n
flaxen	f l æ k s ə n
flay	f l e ɪ
fleak	f l i k
fleckings	f l ɛ k ɪ ŋ z
fleming	f l ɛ m ɪ ŋ
flinty	f l ɪ n t i
flirtation	f l ɚ t e ɪ ʃ ə n
flog	f l ɑ ɡ
flogging	f l ɔ ɡ ɪ ŋ
flotilla	f l o ʊ t ɪ l ə
floyd	f l ɔ ɪ d
fluctuation	f l ʌ k t͡ʃ u e ɪ ʃ ə n
fluent	f l u ə n t
fluffings	f l ʌ f ɪ ŋ z
fluorophilic	f l ɔ ɹ ə f ɪ l ɪ k
flus	f l u z
fnaf	f ə n æ f
foci	f o ʊ s a ɪ
foils	f ɔ ɪ l z
foodful	f u d f ə l
foods	f u d z
fool	f u l
footfall	f ʊ t f ɔ l
footstool	f ʊ t s t u l
foramina	f ə ɹ æ m ɪ n ə
forbes	f ɔ ɹ b z
forder	f ɔ ɹ d ɚ
foreignness	f ɔ ɹ ə n n ə s
forensics	f ə ɹ ɛ n z ɪ k s
foresay	f ɔ ɹ s e ɪ
foresee	f ɔ ɹ s i
forever	f ə ɹ ɛ v ɚ
forfeit	f ɔ ɹ f ɪ t
forint	f ɔ ɹ ɪ n t
formal	f ɔ ɹ m ə l
formestane	f ɔ ɹ m ɛ s t e ɪ n
forming	f ɔ ɹ m ɪ ŋ
fortis	f ɔ ɹ t ɪ s
fossor	f ɔ s ə ɹ
foulard	f u l ɑ ɹ d
founded	f a ʊ n d ɪ d
founds	f a ʊ n d z
fourier	f ʊ ə r i e ɪ
foxily	f ɔ k s ɪ l i
fraise	f ɹ e ɪ z
freaking	f ɹ i k ɪ ŋ
freakings	f ɹ i k ɪ ŋ z
freck	f ɹ ɛ k
freckle	f ɹ ɛ k ə l
freddy	f ɹ ɛ d i
freeboot	f ɹ i b u t
freedive	f r i d a ɪ v
freelance	f ɹ i l æ n s
freely	f ɹ i l i
freester	f ɹ i s t ɚ
fremd	f ɹ ɛ m d
frenemy	f ɹ ɛ n ɪ m i
fresco	f ɹ ɛ s k o ʊ
fresher	f ɹ ɛ ʃ ɚ
freudian	f ɹ ɔ ɪ d i ə n
frieze	f ɹ i z
frigging	f ɹ ɪ ɡ ɪ ŋ
fritz	f ɹ ɪ t s
frizzle	f ɹ ɪ z ə l
frosh	f ɹ ɔ ʃ
frowned	f ɹ a ʊ n d
frowny	f ɹ a ʊ n i
frush	f ɹ ʌ ʃ
frustrate	f ɹ ʌ s t ɹ e ɪ t
fuckhead	f ʌ k h ɛ d
fucus	f j u k ə s
fujimycin	f u d͡ʒ ɪ m a ɪ s ɪ n
fujoshi	f u j o ʊ ʃ i
full	f ʊ l
functions	f ʌ ŋ k ʃ ə n z
funded	f ʌ n d ɪ d
fure	f j ʊ ɹ
fussbutton	f ʌ s b ʌ t n̩
fuster	f ʌ s t ɚ
future	f j u t͡ʃ ɚ
gab	ɡ æ b
gabe	ɡ e ɪ b
gabriella	ɡ æ b ɹ i ɛ l ə
gabs	ɡ æ b z
gadsbud	ɡ æ d z b ʌ d
gaffe	ɡ æ f
gaits	ɡ e ɪ t s
galimatias	ɡ æ l ə m e ɪ ʃ i ə s
gallium	ɡ æ l i ə m
gambrinus	ɡ æ m b r a ɪ n ə s
gamma	ɡ æ m ə
gandalf	ɡ æ n d ɑ l f
gangnam	ɡ ɑ ŋ n ɑ m
gaokao	ɡ a ʊ k a ʊ
gap	ɡ æ p
gasbag	ɡ æ s b æ ɡ
gases	ɡ æ s ɪ z
gast	ɡ æ s t
gastrodiplomacy	ɡ æ s t ɹ o ʊ d ɪ p l o ʊ m ə s i
gate	ɡ e ɪ t
gaur	ɡ a ʊ ə ɹ
gavel	ɡ æ v ə l
gazed	ɡ e ɪ z d
geek	ɡ i k
gemel	d͡ʒ ɛ m ə l
generosity	d͡ʒ ɛ n ə ɹ ɑ s ə t i
genet	d͡ʒ ɛ n ɪ t
genistein	d͡ʒ ə n ɪ s t i ɪ n
genizah	ɡ ɛ n i z ə
genocidaire	d͡ʒ ɛ n ə s i d ɛ ɹ
genteel	d͡ʒ ɛ n t i l
genus	d͡ʒ i n ə s
geode	d͡ʒ i o ʊ d
geodetic	d͡ʒ i ə d ɛ t ɪ k
geodetics	d͡ʒ i o ʊ d ɛ t ɪ k s
geography	d͡ʒ i ɑ ɡ ɹ ə f i
geometry	d͡ʒ i ɑ m ə t ɹ i
geophyte	d͡ʒ i o ʊ f a ɪ t
georgian	d͡ʒ ɔ ɹ d͡ʒ ə n
geospace	d͡ʒ i o ʊ s p e ɪ s
ger	ɡ ɛ ɹ
gern	ɡ ɜ ɹ n
gesso	d͡ʒ ɛ s o ʊ
gest	d͡ʒ ɛ s t
ghostology	ɡ o ʊ s t ɔ l ə d͡ʒ i
ghrelin	ɡ ɹ ɛ l ɪ n
gibberish	d͡ʒ ɪ b ə ɹ ɪ ʃ
gibnut	ɡ ɪ b n ʌ t
gideon	ɡ ɪ d i ə n
gigged	ɡ ɪ ɡ d
gilded	ɡ ɪ l d ɪ d
ginger	d͡ʒ ɪ n d͡ʒ ɚ
ginsu	ɡ ɪ n s u
girdlestead	ɡ ɜ ɹ d ə l s t ɛ d
girlfriend	ɡ ɝ l f ɹ ɛ n d
given	ɡ ɪ v ə n
glade	ɡ l e ɪ d
gladly	ɡ l æ d l i
glamorous	ɡ l a m ə ɹ ə s
glamping	ɡ l æ m p ɪ ŋ
gleaning	ɡ l i n ɪ ŋ
glebe	ɡ l i b
gliclazide	ɡ l ɪ k l ə z a ɪ d
glioma	ɡ l a ɪ o ʊ m ə
glissonian	ɡ l ɪ s o ʊ n i ə n
gloak	ɡ l o ʊ k
gloomy	ɡ l u m i
gloria	ɡ l ɔ ɹ i ə
glossolalia	ɡ l ɑ s ə l e ɪ l i ə
glued	ɡ l u d
glut	ɡ l ʌ t
glutamatergic	ɡ l u t ə m ə t ɝ d͡ʒ ɪ k
gmat	d͡ʒ i m æ t
gnaw	n ɔ
gnocchi	n j o ʊ k i
gogo	ɡ o ʊ ɡ o ʊ
goguryeo	ɡ o ʊ ɡ ʊ ə ɹ i o ʊ
goldilocks	ɡ o ʊ l d i l ɔ k s
golds	ɡ o ʊ l d z
goliath	ɡ ə l a ɪ ə θ
gombeen	ɡ ɔ m b i n
gomorrah	ɡ ə m ɔ ɹ ə
gondolier	ɡ ɑ n d ə l ɪ ɹ
goods	ɡ ʊ d z
goos	ɡ u z
gothamite	ɡ ɔ θ ə m a ɪ t
goucher	ɡ a ʊ t͡ʃ ə ɹ
goulash	ɡ u l ɑ ʃ
gout	ɡ a ʊ t
goutte	ɡ u t
gove	ɡ o ʊ v
governed	ɡ ə v ɚ n d
gowns	ɡ a ʊ n z
grabber	ɡ ɹ æ b ə ɹ
grabby	ɡ ɹ æ b i
grading	ɡ ɹ e ɪ d ɪ ŋ
gradus	ɡ ɹ e ɪ d ə s
graft	ɡ ɹ æ f t
graverobber	ɡ ɹ e ɪ v ɹ ɑ b ɚ
greek	ɡ ɹ i k
greengage	ɡ ɹ i n ɡ e ɪ d͡ʒ
greet	ɡ ɹ i t
greeting	ɡ ɹ i t ɪ ŋ
greeze	ɡ ɹ i z
grenadine	ɡ ɹ ɛ n ə d i n
gridlock	ɡ ɹ ɪ d l ɑ k
gridlocks	ɡ ɹ ɪ d l ɔ k s
grieved	ɡ ɹ i v d
grimes	ɡ ɹ a ɪ m z
grinches	ɡ ɹ ɪ n t͡ʃ ɪ z
grindings	ɡ ɹ a ɪ n d ɪ ŋ z
grinned	ɡ ɹ ɪ n d
grins	ɡ ɹ ɪ n z
grip	ɡ ɹ ɪ p
grist	ɡ ɹ ɪ s t
grit	ɡ ɹ ɪ t
groat	ɡ ɹ o ʊ t
grogram	ɡ ɹ ɑ ɡ ɹ ə m
grossly	ɡ ɹ o ʊ s l i
grotch	ɡ ɹ ɑ t͡ʃ
grouches	ɡ ɹ a ʊ t͡ʃ ɪ z
groupie	ɡ ɹ u p i
grow	ɡ ɹ o ʊ
growlf	ɡ ɹ a ʊ l f
grown	ɡ ɹ o ʊ n
growth	ɡ ɹ o ʊ θ
grr	ɡ ɝ
gruff	ɡ ɹ ʌ f
gruffish	ɡ ɹ ʌ f ɪ ʃ
guardiancy	ɡ ɑ ɹ d i ə n s i
guerdon	ɡ ɝ d ə n
guernsey	ɡ ɝ n z i
guiles	ɡ a ɪ l z
guinevere	ɡ w ɪ n ɪ v ɪ ɹ
guinguette	ɡ æ ŋ ɡ ɛ t
gulf	ɡ ʌ l f
gullah	ɡ ʌ l ə
gums	ɡ ʌ m z
gunate	ɡ u n e ɪ t
gunship	ɡ ʌ n ʃ ɪ p
gunzel	ɡ ʌ n z l̩
gushes	ɡ ʌ ʃ ɪ z
gusla	ɡ ʊ s l ə
gusto	ɡ ʌ s t o ʊ
guttle	ɡ ʌ t ə l
guzheng	ɡ u d͡ʒ ʌ ŋ
gynaecophobia	ɡ a ɪ n ɪ k ə f o ʊ b ɪ ə
gynoid	ɡ a ɪ n ɔ ɪ d
habilitation	h ə b ɪ l ɪ t e ɪ ʃ ə n
hacienda	h ɑ s i ɛ n d ə
hack	h æ k
hades	h e ɪ d i z
haggard	h æ ɡ ɚ d
haggardly	h æ ɡ ə ɹ d l i
haida	h a ɪ d ə
hailey	h e ɪ l i
haiti	h e ɪ t i
hallucination	h ə l u s ɪ n e ɪ ʃ ə n
halts	h ɑ l t s
handled	h æ n d l̩ d
hangar	h æ ŋ ɚ
hanger	h æ ŋ ɡ ɚ
hangry	h æ ŋ ɡ ɹ i
hardened	h ɑ ɹ d n̩ d
hark	h ɑ ɹ k
harmless	h ɑ ɹ m l ə s
harmonize	h ɑ ɹ m ə n a ɪ z
hart	h ɑ ɹ t
hast	h æ s t
hastily	h e ɪ s t ɪ l i
hate	h e ɪ t
hated	h e ɪ t ɪ d
hath	h æ θ
hattemer	h æ t ə m ə ɹ
haulage	h ɔ l ə d͡ʒ
haumeid	h ɑ ʊ m e ɪ ɪ d
haupt	h a ʊ p t
havoc	h æ v ə k
haw	h ɔ
hawthorn	h ɔ θ ɔ ɹ n
hazelwood	h e ɪ z ə l w ʊ d
hazy	h e ɪ z i
headbutt	h ɛ d b ʌ t
headdesk	h ɛ d d ɛ s k
headwind	h ɛ d w ɪ n d
hears	h ɪ ɹ z
heartfelt	h ɑ ɹ t f ɛ l t
heaty	h i t i
heavily	h ɛ v ɪ l i
hebdomadal	h ɛ b d ɔ m ə d ə l
hebrides	h ɛ b ɹ ə d i z
hecatomb	h ɛ k ə t o ʊ m
hecatonicosachoron	h ɛ k ə t ɔ n a ɪ k o ʊ s i k o ʊ ɹ ɔ n
heeb	h i b
heeding	h i d ɪ ŋ
heel	h i l
hegelian	h ə ɡ e ɪ l i ə n
hegemon	h ɛ d͡ʒ ɛ m ə n
heirdom	ɛ ɹ d ə m
heists	h a ɪ s t s
helena	h ɛ l ə n ə
heles	h i l z
hell	h ɛ l
hellacious	h ɛ l e ɪ ʃ ə s
helladic	h ə l æ d ɪ k
hellenicity	h ɛ l ɛ n ɪ s ə t i
helping	h ɛ l p ɪ ŋ
helpings	h ɛ l p ɪ ŋ z
hemisphere	h ɛ m ɪ s f ɪ ə ɹ
hemocytometer	h i m o ʊ s a ɪ t ɑ m ɪ ɾ ɚ
hemorrhage	h ɛ m ə ɹ ɪ d͡ʒ
hendecanol	h ɛ n d ɛ k ə n ɔ l
henderson	h ɛ n d ɚ s ə n
henotheism	h ɛ n o ʊ θ i ɪ z ə m
hep	h ɛ p
herbivore	h ɜ ɹ b ɪ v ɔ ɹ
herbivorous	h ɜ ɹ b ɪ v ə ɹ ə s
heretic	h ɛ ɹ i t ɪ k
heriot	h ɛ ɹ ɪ ə t
hersham	h ɜ ʃ ə m
hertz	h ɝ t s
hesitate	h ɛ z ɪ t e ɪ t
hesperides	h ɛ s p ɛ ɹ ɪ d i z
hess	h ɛ s
hewn	h j u n
hexane	h ɛ k s e ɪ n
hicked	h ɪ k t
hicking	h ɪ k ɪ ŋ
hickman	h ɪ k m ə n
hidden	h ɪ d ə n
hide	h a ɪ d
hierocracy	h a ɪ ə ɹ ɑ k ɹ ə s i
hieroglyphic	h a ɪ ɹ ə ɡ l ɪ f ɪ k
higham	h a ɪ ə m
highfather	h a ɪ f ɑ ð ɚ
hijackers	h a ɪ d͡ʒ æ k ə ɹ s
hike	h a ɪ k
hiked	h a ɪ k t
hilum	h a ɪ l ə m
hippic	h ɪ p ɪ k
hippyish	h ɪ p i ɪ ʃ
hired	h a ɪ ɚ d
hirono	h ɪ ɹ o ʊ n o ʊ
hirs	h ɪ ɹ z
hissed	h ɪ s t
hisses	h ɪ s ɪ z
historical	h ɪ s t ɔ ɹ ɪ k ə l
hittite	h ɪ t a ɪ t
hived	h a ɪ v d
hiya	h a ɪ j ə
hmm	h m̩
hmong	h ə m ɑ ŋ
hobbyist	h ɑ b i ɪ s t
homer	h o ʊ m ə ɹ
homey	h o ʊ m i
homiletical	h ɔ m ɪ l ɛ t ɪ k ə l
homodimer	h o ʊ m o ʊ d a ɪ m ɚ
homogene	h ɔ m ə d͡ʒ i n
honeyed	h ʌ n i d
honeysuckle	h ʌ n i s ʌ k ə l
hoodwink	h ʊ d w ɪ ŋ k
hooray	h ə ɹ e ɪ
hooscow	h u s k a ʊ
hooted	h u t ɪ d
hoover	h u v ɚ
hornbeam	h ɔ ɹ n b i m
hornbill	h ɔ ɹ n b ɪ l
hornblende	h ɔ ɹ n b l ɛ n d
horologion	ɔ ɹ ə l ɔ j ɔ n
horseback	h ɔ ɹ s b æ k
hoss	h ɔ s
hot	h ɑ t
hotspur	h ɔ t s p ɜ ɹ
hottie	h ä ɾ i
hounding	h a ʊ n d ɪ ŋ
houseboat	h a ʊ s b o ʊ t
householder	h a ʊ s h o ʊ l d ə ɹ
housel	h a ʊ z ə l
houthi	h u θ i
hov	e ɪ t͡ʃ o ʊ v i
howls	h a ʊ l z
huboon	h j u b u n
hulaed	h u l ə d
hulks	h ʌ l k s
humanize	h j u m ə n a ɪ z
humanoid	h j u m ə n ɔ ɪ d
humbert	h ʌ m b ə ɹ t
humidity	h j u m ɪ d ɪ t i
humility	h j u m ɪ l ɪ t i
humped	h ʌ m p t
hungry	h ʌ ŋ ɡ ɹ i
hunnic	h ʌ n ɪ k
hunny	h ʌ n i
husker	h ʌ s k ɚ
hutchins	h ʌ t͡ʃ ɪ n z
hutt	h ʌ t
hyacinth	h a ɪ ə s ɪ n θ
hydaspes	h a ɪ d æ s p i z
hydrargyron	h a ɪ d ɹ ɑ d͡ʒ ɪ ɹ ɔ n
hydrocodone	h a ɪ d ɹ o ʊ k o ʊ d o ʊ n
hyllus	h ɪ l ə s
hyp	h ɪ p
hyped	h a ɪ p t
hyperemotional	h a ɪ p ə ɹ i m o ʊ ʃ ə n ə l
hyperplasia	h a ɪ p ɚ p l e ɪ ʒ ə
hyperrelativism	h a ɪ p ɚ ɹ ɛ l ə t ɪ v ɪ z m
hypnotic	h ɪ p n ɔ t ɪ k
hypnotize	h ɪ p n ə t a ɪ̯ z
hypolemma	h a ɪ p o ʊ l ɛ m ə
hyrax	h a ɪ ɹ æ k s
hyssop	h ɪ s ə p
hysterical	h ɪ s t ɛ ɹ ɪ k ə l
ibisbill	a ɪ b ɪ s b ɪ l
ibotenic	i b o ʊ t ɛ n ɪ k
ice	a ɪ s
icebreaker	a ɪ s b ɹ e ɪ k ə ɹ
ichneumon	ɪ k n j u m ə n
icositetrachoron	a ɪ k o ʊ s i t ɛ t ɹ ə k o ʊ ɹ ɔ n
idioticon	ɪ d i o ʊ t ə k ə n
idolic	a ɪ d ɔ l ɪ k
ielts	a ɪ̯ ɛ l t s
iffy	ɪ f i
ignote	ɪ ɡ n o ʊ t
ikey	ʌ ɪ k i
illecebrous	ɪ l ɛ s ɪ b ɹ ə s
illegally	ɪ l i ɡ ə l i
illimitable	ɪ l ɪ m ɪ t ə b ə l
illuminated	ɪ l u m ɪ n e ɪ t ɪ d
ily	ɪ l i
imaginal	ɪ m a d͡ʒ ɪ n ə l
imbongi	ɪ m b ɔ ŋ ɡ i
imbue	ɪ m b j u
immemorial	ɪ m ə m ɔ ɹ i ə l
immerse	ɪ m ɜ ɹ s
immutably	ɪ m j u t ə b l ɪ
imogen	ɪ m ə d͡ʒ ɪ n
impair	ɪ m p ɛ
impale	ɪ m p e ɪ l
impales	ɪ m p e ɪ l z
imperfection	ɪ m p ɚ f ɛ k ʃ ə n
imperil	ɪ m p ɛ ɹ ə l
impetration	ɪ m p ɪ t ɹ e ɪ ʃ ə n
imply	ɪ m p l a ɪ
importunity	ɪ m p ɔ ɹ t u n ɪ t i
imposed	ɪ m p o ʊ z d
impost	ɪ m p o ʊ s t
impoverished	ɪ m p ɑ v ə ɹ ɪ ʃ t
impressive	ɪ m p ɹ ɛ s ɪ v
imprison	ɪ m p ɹ ɪ z ə n
impugn	ɪ m p j u n
imputation	ɪ m p j ʊ t e ɪ ʃ ə n
inability	ɪ n ə b ɪ l ɪ t i
inaccurate	ɪ n æ k j ʊ ɹ ə t
inactivate	ɪ n æ k t ɪ v e ɪ t
inactive	ɪ n æ k t ɪ v
inappropro	ɪ n ə p ɹ o ʊ p ɹ o ʊ
inchings	ɪ n t͡ʃ ɪ ŋ z
inconsequentially	ɪ n k ɔ n s ɪ k w e n ʃ ə l i
inconsiderate	ɪ n k ə n s ɪ d ə ɹ ɪ t
inconsistent	ɪ n k ə n s ɪ s t ə n t
incorrect	ɪ n k ə ɹ ɛ k t
incredulity	ɪ n k ɹ ɪ d j u l ɪ t i
inculcate	ɪ n k ʌ l k e ɪ t
incunable	ɪ n k j u n ə b ə l
indebted	ɪ n d ɛ t ɪ d
indecision	ɪ n d ɪ s ɪ ʒ ə n
indecomposable	ɪ n d i k ə m p o ʊ z ə b ə l
indeficient	ɪ n d ɪ f ɪ ʃ ə n t
independent	ɪ n d ɪ p ɛ n d ə n t
indeterminate	ɪ n d ɪ t ɜ ɹ m ɪ n ə t
indevout	ɪ n d ɪ v a ʊ t
indices	ɪ n d ɪ s i z
indomethacin	ɪ n d o ʊ m ɛ θ ə s ɪ n
indulge	ɪ n d ʌ l d͡ʒ
induration	ɪ n d j ʊ ɹ e ɪ ʃ ə n
industrial	ɪ n d ʌ s t ɹ ɪ ə l
ineffable	ɪ n ɛ f ə b ə l
inevitability	ɪ n ɛ v ɪ t ə b ɪ l ɪ t i
inexhaustible	ɪ n ɪ ɡ z ɔ s t ɪ b l̩
infangthief	ɪ n f æ ŋ θ i f
infant	ɪ n f ə n t
infernal	ɪ n f ə ɹ n ə l
infiltrationism	ɪ n f ɪ l t ɹ e ɪ ʃ ə n ɪ z m̩
inflammable	ɪ n f l æ m ə b ə l
influenced	ɪ n f l u ə n s t
inform	ɪ n f ɔ ɹ m
informant	ɪ n f ɔ ɹ m ə n t
ingemination	ɪ n d͡ʒ ɛ m ɪ n e ɪ ʃ ə n
ingram	ɪ ŋ ɡ ɹ ə m
ingredient	ɪ n ɡ ɹ i d i ə n t
inhabit	ɪ n h æ b ɪ t
inhabitant	ɪ n h æ b ɪ t ə n t
inhalation	ɪ n h ə l e ɪ ʃ ə n
inheritance	ɪ n h ɛ ɹ ə t ə n s
initial	ɪ n ɪ ʃ ə l
injector	ɪ n d͡ʒ ɛ k t ɚ
inner	ɪ n ɚ
inning	ɪ n ɪ ŋ
inoculate	ɪ n ɑ k j u l e ɪ t
inosite	ɪ n ə s a ɪ t
inquest	ɪ ŋ k w ɛ s t
inquinate	ɪ n k w ɪ n e ɪ t
inquiration	ɪ ŋ k w ɪ ɹ e ɪ ʃ ə n
insensible	ɪ n s ɛ n s ɪ b l̩
insolvable	ɪ n s ɔ l v ə b ə l
instantiate	ɪ n s t æ n ʃ i e ɪ t
insteep	ɪ n s t i p
insulting	ɪ n s ʌ l t ɪ ŋ
insure	ɪ n ʃ ʊ ɚ
intend	ɪ n t ɛ n d
intensate	ɪ n t ɛ n s e ɪ t
intentions	ɪ n t ɛ n ʃ ə n z
intently	ɪ n t ɛ n t l i
intermezzo	ɪ n t ɚ m ɛ t s o ʊ
intermittent	ɪ n t ɚ m ɪ t n̩ t
interosseus	ɪ n t ə ɹ ɔ s i ə s
interpret	ɪ n t ɝ p ɹ ɪ t
interpreted	ɪ n t ɝ p ɹ ɪ t ɪ d
interpreter	ɪ n t ɝ p ɹ ɪ t ɚ
interspecific	ɪ n t ɚ s p ə s ɪ f ɪ k
interstice	ɪ n t ɚ s t ɪ s
intervallum	ɪ n t ə ɹ v æ l ə m
interventive	ɪ n t ɚ v ɛ n t ə v
interview	ɪ n t ɚ v j u
intimation	ɪ n t ə m e ɪ ʃ ə n
intrahepatic	ɪ n t ɹ ə h ə p æ t ɪ k
intraresidue	ɪ n t ɹ ə ɹ ɛ z ɪ d u
intrepid	ɪ n t ɹ ɛ p ɪ d
intriguing	ɪ n t ɹ i ɡ ɪ ŋ
intro	ɪ n t ɹ o ʊ
introduce	ɪ n t ɹ ə d u s
inutterable	ɪ n ʌ t ə ɹ ə b l̩
invariably	ɪ n v ɛ ɹ i ə b l i
investigation	ɪ n v ɛ s t ə ɡ e ɪ ʃ ə n
iotize	a ɪ ə t a ɪ z
iphone	a ɪ f o ʊ̯ n
irp	ɜ ɹ p
irredeemable	ɪ ɹ ə d i m ə b ə l
irreparable	ɪ ɹ ɛ p ə ɹ ə b ə l
irresponsibly	ɪ ɹ ɪ s p ɑ n s ə b l i
irrigation	ɪ ɹ ə ɡ e ɪ ʃ ə n
irruent	ɪ ɹ ɪ ʊ ə n t
irvin	ɝ v ɪ n
isauria	a ɪ s ɔ ɹ i ə
isethionate	a ɪ s ɪ θ a ɪ ə n e ɪ t
isil	a ɪ s ə l
isolated	a ɪ s ə l e ɪ t ɪ d
isolationism	a ɪ s ə l e ɪ ʃ ə n ɪ z ə m
isotonic	ɑ ɪ s ə t ɑ n ɪ k
isotropy	a ɪ s ɔ t ɹ ə p i
isthmus	ɪ s m ə s
italianization	ɪ t æ l j ə n ə z e ɪ ʃ ə n
italy	ɪ t ə l i
iwan	i w ɑ n
jabiru	d͡ʒ æ b ɪ ɹ u
jacal	h ə k ɑ l
jace	d͡ʒ e ɪ s
jackpudding	d͡ʒ æ k p ʊ d ɪ ŋ
jadoo	d͡ʒ ɑ d u
jainism	d͡ʒ e ɪ n ɪ z m̩
jakun	d͡ʒ ʌ k u n
janissary	d͡ʒ æ n ə z e ɹ i
jap	d͡ʒ æ p
japanese	d͡ʒ æ p ə n i z
japanophilia	d͡ʒ ə p æ n ə f ɪ l i ə
jared	d͡ʒ æ ɹ ə d
javertian	ʒ ə v ɛ ɹ ʃ ə n
jayla	d͡ʒ e ɪ l ə
jenkin	d͡ʒ ɛ ŋ k ɪ n
jester	d͡ʒ ɛ s t ɚ
jestings	d͡ʒ ɛ s t ɪ ŋ z
jettison	d͡ʒ ɛ ɾ ɪ s n̩
jig	d͡ʒ ɪ ɡ
jim	d͡ʒ ɪ m
jinn	d͡ʒ ɪ n
jint	d͡ʒ a ɪ n t
jodhpurs	d͡ʒ ɑ d p ɚ z
johnnycake	d͡ʒ ɑ n i k e ɪ k
joins	d͡ʒ ɔ ɪ n z
joint	d͡ʒ ɔ ɪ n t
joke	d͡ʒ o ʊ k
jonathan	d͡ʒ ɑ n ə θ ə n
journal	d͡ʒ ɝ n ə l
jpegged	d͡ʒ e ɪ p ɛ ɡ d
judas	d͡ʒ u d ə s
judder	d͡ʒ ʌ d ɚ
judeophilia	d͡ʒ u d i o ʊ f ɪ l ɪ ə
juicer	d͡ʒ u s ɚ
jumble	d͡ʒ ʌ m b ə l
jumpy	d͡ʒ ʌ m p i
jungle	d͡ʒ ʌ ŋ ɡ ə l
justify	d͡ʒ ʌ s t ɪ f a ɪ
kabuki	k ə b u k i
kaddish	k ɑ d ɪ ʃ
kamees	k ə m i z
kangxi	k ɑ ŋ ʃ i
kanigget	k ə n ɪ ɡ ə t
kansas	k æ n z ə s
kashmiri	k æ ʃ m ɪ ɹ i
katana	k ə t ɑ n ə
kayfabe	k e ɪ f e ɪ b
kazakhstan	k ɑ z ə k s t æ n
keaton	k i t ə n
keble	k i b ə l
kellia	k ɛ l i ə
kelsey	k ɛ l s i
kenning	k ɛ n ɪ ŋ
kerflooey	k ə ɹ f l u i
keynsham	k e ɪ n ʃ ə m
keypad	k i p æ d
khazar	k ə z ɑ ɹ
kickback	k ɪ k b æ k
kickshaw	k ɪ k ʃ ɔ
kiki	k i k i
kikoi	k i k ɔ i
kilogram	k ɪ l ə ɡ ɹ æ m
kinara	k ɪ n ɑ ɹ ə
kindergartner	k ɪ n d ɚ ɡ ɑ r t n ɚ
kindle	k ɪ n d l
kinds	k a ɪ n d z
kingcup	k ɪ ŋ k ʌ p
kipfel	k ɪ p f ə l
kirghiz	k ɪ ɹ ɡ i z
kishke	k ɪ ʃ k ə
kithe	k ʌ ɪ ð
klein	k l a ɪ n
klepto	k l ɛ p t o ʊ
klutz	k l ʌ t s
kniffles	n ɪ f l i z
knightings	n a ɪ t ɪ ŋ z
knit	n ɪ t
knob	n ɑ b
knocking	n ɑ k ɪ ŋ
knowable	n o ʊ ə b l̩
knucklehead	n ʌ k l̩ h ɛ d
knurly	n ɜ ɹ l i
kob	k ɔ b
koha	k o ʊ h ə
koi	k ɔ ɪ
kokborok	k o ʊ k v o ʊ ɹ o ʊ k
kriol	k ɹ i o ʊ l
kuiperoid	k a ɪ p ə ɹ o ɪ d
kulak	k u l æ k
kurgan	k ʊ ə ɡ ɑ n
kwanzaa	k w ɑ n z ə
kwok	k w ɔ k
kylix	k a ɪ l ɪ k s
kylixes	k a ɪ l ɪ k s ə z
kyphotone	k a ɪ f ə t o ʊ n
kyrgyz	k ɪ ɹ ɡ ɪ z
labiodental	l e ɪ b i o ʊ d e n t ə l
labor	l e ɪ b ɚ
lacerated	l æ s ə ɹ e ɪ t ɪ d
lachrymose	l æ k ɹ ɪ m o ʊ s
laciniate	l ə s ɪ n i ə t
lack	l æ k
lacrimogenous	l æ k ɹ ɪ m ɑ d͡ʒ ə n ə s
lactic	l æ k t ɪ k
ladakh	l ə d ɑ k
ladderize	l a d ə ɹ a ɪ z
laden	l e ɪ d ə n
lady	l e ɪ d i
lageniform	l ə d͡ʒ ɛ n ə f ɔ ɹ m
lager	l ɑ ɡ ɚ
lamps	l æ m p s
landing	l æ n d ɪ ŋ
landon	l æ n d ə n
landover	l æ n d o ʊ v ə ɹ
languet	l æ ŋ ɡ w ɪ t
languid	l æ ŋ ɡ w ɪ d
langur	l ʌ ŋ ɡ ʊ ə ɹ
lantibiotic	l æ n t i b a ɪ ɔ t ɪ k
lapidation	l æ p ɪ d e ɪ ʃ ə n
lapis	l æ p ɪ s
lapses	l æ p s ɪ z
lapsus	l æ p s ə s
lariat	l æ ɹ ɪ ə t
larval	l ɑ ɹ v ə l
lase	l e ɪ z
latecomer	l e ɪ t k ʌ m ɚ
laters	l e ɪ t ɚ z
latest	l e ɪ t ɪ s t
latigo	l æ t ɪ ɡ o ʊ
latria	l ə t ɹ a ɪ ə
lattice	l æ t ɪ s
latus	l e ɪ t ə s
launch	l ɔ n t͡ʃ
launderette	l ɔ n d ə ɹ ɛ t
laurussia	l ɔ ɹ ʌ ʃ ə
laves	l e ɪ v z
layman	l e ɪ m ə n
lays	l e ɪ z
lazed	l e ɪ z d
leafings	l i f ɪ ŋ z
leaks	l i k s
lean	l i n
leapfrog	l i p f ɹ ɑ ɡ
lectures	l ɛ k t͡ʃ ɚ z
legato	l ə ɡ ɑ t o ʊ
legislate	l ɛ d͡ʒ ɪ s l e ɪ t
legislative	l ɛ d͡ʒ ɪ s l e ɪ t ɪ v
lehua	l ɛ h u ə
lemur	l i m ə ɹ
leninite	l ɛ n ɪ n a ɪ t
leo	l i o ʊ
lepak	l ə p ɑ k
leprosy	l ɛ p ɹ ə s i
lesdar	l ɛ z d ɑ ɹ
lesson	l ɛ s n̩
lethargy	l ɛ θ ɚ d͡ʒ i
leucotome	l u k ə t o ʊ m
levitous	l ɛ v ɪ t ə s
levodopa	l ɛ v ə d o ʊ p ə
lewdness	l u d n ə s
lezzer	l ɛ z ɚ
li	l i
lias	l i ə s
libby	l ɪ b i
libertine	l ɪ b ɚ t i n
librarian	l a ɪ b ɹ ɛ ɹ i ə n
libretto	l ɪ b ɹ ɛ t o ʊ
lice	l a ɪ s
licensee	l a ɪ s ə n s i
lifetime	l a ɪ f t a ɪ m
lifting	l ɪ f t ɪ ŋ
lignify	l ɪ ɡ n ɪ f a ɪ
likelihood	l a ɪ k l i h ʊ d
liken	l a ɪ k ə n
likin	l i k ɪ n
lil	l ɪ l
lilliputian	l ɪ l ɪ p j u ʃ ə n
lily	l ɪ l i
limavady	l ɪ m ə v æ d i
limelight	l a ɪ m l a ɪ t
limits	l ɪ m ɪ t s
limn	l ɪ m
limner	l ɪ m n ɚ
linalool	l ɪ n æ l o ʊ ə l
lines	l a ɪ n z
linezolid	l ɪ n ɛ z ə l ɪ d
linguister	l ɪ ŋ ɡ w ɪ s t ə ɹ
lining	l a ɪ n ɪ ŋ
lipline	l ɪ p l a ɪ n
lippy	l ɪ p i
lipstick	l ɪ p s t ɪ k
listened	l ɪ s n̩ d
listicle	l ɪ s t ə k l̩
listing	l ɪ s t ɪ ŋ
literatus	l ɪ t ə ɹ ɑ t ə s
litharge	l ɪ θ ɑ ɹ d͡ʒ
lithen	l a ɪ ð ə n
litterateur	l ɪ t ə ɹ ə t ʊ ɚ
livery	l ɪ v ə ɹ i
livorno	l ə v ɔ ɹ n o ʊ
loaf	l o ʊ f
loam	l o ʊ m
loan	l o ʊ n
lobsterman	l ɔ b s t ə ɹ m ə n
lodgment	l ɑ d͡ʒ m ə n t
loggat	l ɔ ɡ ə t
logological	l ɑ ɡ o ʊ l ɑ d͡ʒ i k ə l
logorrhea	l ɔ ɡ ə ɹ i ə
logrolling	l ɑ ɡ ɹ o ʊ l ɪ ŋ
logy	l o ʊ ɡ i
loki	l o ʊ k i
londraville	l ɑ n d ɹ ə v ɪ l
long	l ɔ ŋ
longed	l ɔ ŋ d
longeval	l ɔ n d͡ʒ i v ə l
longhope	l ɔ ŋ h o ʊ p
looked	l ʊ k t
loong	l ʊ ŋ
loopy	l u p i
loose	l u s
lost	l ɔ s t
lote	l o ʊ t
lots	l ɑ t s
lottery	l ɑ t ɚ i
lou	l u
louder	l a ʊ d ɚ
loudspeaker	l a ʊ d s p i k ɚ
loxbridge	l ɑ k s b ɹ ɪ d͡ʒ
loyal	l ɔ ɪ ə l
lozenge	l ɑ z ɪ n d͡ʒ
lrrp	l ɝ p
lucid	l j u s ɪ d
ludomusicology	l u d o ʊ m j u z ɪ k ɑ l ə d͡ʒ i
luigino	l u i d͡ʒ i n o ʊ
lumber	l ʌ m b ɚ
lunching	l ʌ n t͡ʃ ɪ ŋ
lupanar	l u p e ɪ n ɑ
lusk	l ʌ s k
lusophilia	l u s ə f ɪ l ɪ ə
lymphopoietic	l ɪ m f o ʊ p ɔ ɪ ɛ t ɪ k
macaulay	m ə k ɔ l i
macchia	m æ k ɪ a
macdonald	m ə k d ɑ n ə l d
machaon	m ə k e ɪ ə n
macher	m ɑ x ɛ ɹ
machinist	m ə ʃ i n ɪ s t
macky	m æ k i
macomb	m ə k o ʊ m
macspaunday	m ə k s p ɔ n d e ɪ
macy	m e ɪ s i
madeira	m ə d ɪ ə ɹ ə
maenad	m i n æ d
maggie	m æ ɡ i
magnesia	m æ ɡ n i ʒ ə
magnificent	m æ ɡ n ɪ f ə s ə n t
maidan	m a ɪ d ɑ n
maim	m e ɪ m
mainline	m e ɪ n l a ɪ n
malachite	m æ l ə k a ɪ t
malady	m æ l ə d i
malamute	m æ l ə m j u t
malarkey	m ə l ɑ ɹ k i
malaxable	m ə l æ k s ə b ə l
malcontent	m æ l k ə n t ɛ n t
malevolent	m ə l ɛ v ə l ə n t
malinger	m ə l ɪ ŋ ɡ ɚ
malodorous	m æ l o ʊ d ə ɹ ə s
mammal	m æ m ə l
mammary	m æ m ə ɹ i
manapouri	m a n ɑ p ɔ ɹ i
manchuria	m æ n t͡ʃ ʊ ə ɹ i ə
mandalay	m æ n d ə l e ɪ
mandarin	m æ n d ə ɹ ɪ n
mandom	m æ n d ə m
manhattan	m æ n h æ t ə n
manhood	m æ n h ʊ d
maniocs	m æ n i ɑ k s
manipulative	m ə n ɪ p j ə l ə t ɪ v
manks	m æ ŋ k s
manly	m æ n l i
manpack	m æ n p æ k
manque	m ɔ ŋ k e ɪ
mansplaining	m æ n s p l e ɪ n ɪ ŋ
mansuetude	m æ n s u ə t j u d
mantilla	m æ n t i j ə
map	m æ p
marble	m ɑ ɹ b ə l
marginally	m ɑ ɹ d͡ʒ ɪ n ə l i
mariah	m ə ɹ a ɪ ə
marine	m ə ɹ i n
marmot	m ɑ ɹ m ə t
marocain	m ɑ ɹ ə k e ɪ n
marquee	m ɑ ɹ k i
marshy	m ɑ ɹ ʃ i
martyrium	m ɑ ɹ t ɪ ɹ i ə m
masked	m æ s k t
masonry	m e ɪ s ə n ɹ i
massachusetts	m æ s ə t͡ʃ u s ɪ t s
massingbird	m æ s ɪ ŋ b ɜ ɹ d
massymore	m æ s ɪ m ɔ
masterdom	m æ s t ɚ d ə m
masticatory	m æ s t ɪ k ə t ɔ r i
matching	m æ t͡ʃ ɪ ŋ
matthews	m æ θ j u z
maulstick	m ɔ l s t ɪ k
mausoleum	m ɔ s ə l i ə m
mawn	m ɔ n
max	m æ k s
maxwell	m æ k s w ɛ l
maynooth	m ə n u θ
mckean	m ə k i n
meal	m i l
mean	m i n
meant	m ɛ n t
measuring	m ɛ ʒ ɚ ɪ ŋ
mechanistic	m ɛ k ə n ɪ s t ɪ k
meclozine	m ɛ k l ə z i n
mediant	m i d i ə n t
mediately	m i d i ə t l i
mediator	m i d i e ɪ t ɚ
medina	m ə d i n ə
meed	m i d
meerkitten	m i ə k ɪ t ə n
melanoma	m ɛ l ə n o ʊ m ə
membraneous	m ɛ m b ɹ e ɪ n i ə s
men	m ɛ n
mendaciously	m ɛ n d e ɪ ʃ ə s l i
mendelevium	m ɛ n d ə l i v i ə m
menhir	m ɛ n h ɪ ə ɹ
mental	m ɛ n t ə l
mentally	m ɛ n t ə l i
merch	m ɝ t͡ʃ
mercy	m ɝ s i
merde	m ɛ d
merenchyma	m ɛ ɹ ɪ ŋ k a ɪ m ə
merengue	m ə ɹ ɛ ŋ ɡ e ɪ
meritocracy	m ɛ ɹ ə t ɑ k ɹ ə s i
merkel	m e ɹ k ə l
mesmerize	m ɛ z m ə ɹ a ɪ z
mesna	m ɛ z n ə
mesopotamian	m ɛ s ə p ə t e ɪ m ɪ ə n
message	m ɛ s ɪ d͡ʒ
messages	m ɛ s ɪ d͡ʒ ɪ z
messias	m ə s a ɪ ə s
messrs	m ɛ s ɚ z
met	m ɛ t
metacercaria	m ɛ t ə s ɜ ɹ k ɛ ɹ ɪ ə
metal	m ɛ t ə l
metaller	m ɛ t ə l ə
metamorphosis	m ɛ ɾ ə m ɔ ɹ f ə s ɪ s
metaphyte	m ɛ d ə f a ɪ t
metastatic	m ɛ t ə s t æ t ɪ k
metatheoretical	m ɛ t ə θ i ə ɹ ɛ t ɪ k l̩
mete	m i t
meth	m ɛ θ
metharbital	m ə θ ɑ ɹ b ə t ɔ l
methotrexate	m ɛ θ ə t ɹ ɛ k s e ɪ t
metic	m ɛ t ə k
metronidazole	m ɛ t ɹ ə n a ɪ d ə z o ʊ l
mexiletine	m ɛ k s ɪ l ə t i n
microzyma	m a ɪ k ɹ o ʊ z a ɪ m ə
midazolam	m ɪ d æ z ə l æ m
middle	m ɪ d ə l
middlemarch	m ɪ d ə l m ɑ t͡ʃ
midst	m ɪ d s t
mielie	m i l i
miletus	m a ɪ l i t ə s
mill	m ɪ l
millipede	m ɪ l ə p i d
millisor	m ɪ l a ɪ z ɚ
milnacipran	m ɪ l n æ s ə p ɹ æ n
milquetoast	m ɪ l k t o ʊ s t
milt	m ɪ l t
mimantean	m ɪ m æ n t i ə n
mime	m a ɪ m
mince	m ɪ n s
mind	m a ɪ n d
minds	m a ɪ n d z
minerogenetic	m ɪ n ə ɹ o ʊ d͡ʒ ə n ɛ t ɪ k
ministerial	m ɪ n ə s t ɪ ɹ i ə l
minnesotan	m ɪ n ə s o ʊ t ə n
minnie	m ɪ n i
minocycline	m ɪ n o ʊ s a ɪ k l i n
minto	m ɪ n t o ʊ
minyans	m ɪ n a ɪ ə n z
misbeliever	m ɪ s b ɪ l i v ɚ
miscellaneous	m ɪ s ə l e ɪ n ɪ ə s
miscreate	m ɪ s k ɹ ɪ e ɪ t
miserabilist	m ɪ z ə ɹ ə b ə l ɪ s t
miserabler	m ɪ z ɹ ə b ə l ə ɹ
miserly	m a ɪ z ə ɹ l i
mislead	m ɪ s l i d
misogynist	m ɪ s ɑ d͡ʒ ə n ɪ s t
misoprostol	m a ɪ s o ʊ p ɹ ɑ s t ɔ l
missionaries	m ɪ ʃ ə n ɛ ɹ i z
missive	m ɪ s ɪ v
missouran	m ə z ɝ ə n
mistress	m ɪ s t ɹ ɪ s
mithraeum	m ɪ θ ɹ i ə m
mitrailleuse	m i t ɹ ə j ɜ z
mitral	m a ɪ t ɹ ə l
mitre	m a ɪ t ə ɹ
mixture	m ɪ k s t͡ʃ ɚ
mizo	m ɪ z o ʊ
mnemotechnical	n ɛ m o ʊ t ɛ k n ɪ k ə l
moan	m o ʊ n
moany	m o ʊ n i
mockery	m ɑ k ə ɹ i
model	m ɑ d l̩
modernize	m ɑ d ɚ n a ɪ z
modulo	m ɔ d͡ʒ ə l o ʊ
modus	m o ʊ d ə s
mofetil	m o ʊ f ə t ɪ l
mogwai	m ɔ ɡ w a ɪ
moil	m ɔ ɪ l
molestation	m o ʊ l ɪ s t e ɪ ʃ ə n
monaco	m ɑ n ə k o ʊ
monadnock	m ə n æ d n ɔ k
monk	m ʌ ŋ k
monoclonal	m ɑ n ə k l o ʊ n ə l
montpellier	m ɔ n p ɛ l i e ɪ
montseny	m ɔ n t s e ɪ n
monuments	m ɑ n j ə m ə n t s
moonwalk	m u n w ɔ k
moos	m u z
moqui	m o ʊ k i
morass	m ə ɹ æ s
morgue	m ɔ ɹ ɡ
morisco	m ə r ɪ s k o ʊ
mormon	m ɔ ɹ m ə n
mosey	m o ʊ z i
motel	m o ʊ t ɛ l
motherfreaking	m ʌ ð ə ɹ f ɹ i k ɪ ŋ
motherfucking	m ʌ ð ə ɹ f ʌ k ɪ ŋ
motherland	m ʌ ð ɚ l æ n d
motorola	m o ʊ t ɚ ɹ o ʊ l ə
moved	m u v d
mowed	m o ʊ d
much	m ʌ t͡ʃ
mud	m ʌ d
muddle	m ʌ d ə l
muggins	m ʌ ɡ ɪ n z
muh	m ə
mullein	m ʌ l ɪ n
mundialization	m ɑ n d i ə l ə z e ɪ ʃ ə n
munificence	m j u n ɪ f ɪ s ə n s
munshi	m u n ʃ i
muskrat	m ʌ s k ɹ æ t
mussolini	m ʊ s ə l i n i
mussurana	m ʊ s ʊ ɹ ɑ n ə
mustang	m ʌ s t æ ŋ
mutable	m j u t ə b l̩
mutter	m ʌ t ɚ
myeloid	m a ɪ ə l ɔ ɪ d
myob	ɛ m w a ɪ o ʊ b i
myoglobinemia	m a ɪ o ʊ ɡ l o ʊ b ɪ n i m i ə
myriagon	m ɪ ɹ i ə ɡ ɑ n
mystic	m ɪ s t ɪ k
myvyrian	m i v ɪ ɹ i ə n
nabal	n e ɪ b ə l
nagual	n ə ɡ w ɑ l
naltrexone	n æ l t ɹ ɛ k s o ʊ n
names	n e ɪ m z
naming	n e ɪ m ɪ ŋ
nandrolone	n æ n d ɹ ə l o ʊ n
nanson	n æ n s ə n
nanterre	n ɑ n t ɛ ɹ
naris	n ɛ ɹ ɪ s
narrowly	n ɛ ɹ o ʊ l i
nasty	n æ s t i
natation	n æ t e ɪ ʃ ə n
nate	n e ɪ t
nationalize	n æ ʃ ə n ə l a ɪ z
nazareth	n æ z ə ɹ ə θ
ncaa	ɛ n s i e ɪ e ɪ
neat	n i t
neb	n ɛ b
nebulously	n ɛ b j ʊ l ə s l i
nectar	n ɛ k t ə ɹ
need	n i d
needful	n i d f ə l
needs	n i d z
nefandous	n ə f æ n d ə s
nefertem	n ɛ f ə ɹ t ɛ m
nefopam	n ɛ f ə p æ m
neglection	n ə ɡ l ɛ k ʃ ə n
negus	n i ɡ ə s
neil	n i l
nekropolises	n ɛ k ɹ ɔ p ɔ l ɪ s ɪ z
neolithic	n i o ʊ l ɪ θ ɪ k
neonism	n i ə n ɪ z ə m
nephite	n i f a ɪ t
nepotic	n ə p ɔ t ɪ k
nepoticide	n ə p ɑ t ə s a ɪ d
nerd	n ɝ d
neroli	n ɛ ɹ ə l i
nervy	n ɝ v i
netball	n ɛ t b ɔ l
netter	n ɛ t ə ɹ
network	n ɛ t w ɝ k
neutral	n u t ɹ ə l
neverendum	n ɛ v ɚ ɛ n d ə m
nevertheless	n ɛ v ɚ ð ə l ɛ s
neville	n ɛ v ə l
newcastle	n j u k æ s l̩
newman	n u m ə n
nicene	n a ɪ s i n
nift	n ɪ f t
nifurtimox	n a ɪ f ɝ t ɪ m ɑ k s
niggery	n ɪ ɡ ə ɹ i
nighness	n a ɪ n ə s
nighthawk	n a ɪ t h ɑ k
nightmare	n a ɪ t m ɛ ɹ
nilutamide	n a ɪ l u t ə m a ɪ d
niner	n a ɪ n ə ɹ
nintendo	n ɪ n t ɛ n d o ʊ
niobium	n a ɪ o ʊ b i ə m
nitency	n a ɪ t ə n s i
nithing	n a ɪ ð ɪ ŋ
nitpick	n ɪ t p ɪ k
nitrate	n a ɪ t ɹ e ɪ t
nitro	n a ɪ t ɹ o ʊ
nob	n ɑ b
nobility	n o ʊ b ɪ l ɪ t i
nog	n ɔ ɡ
nogai	n o ʊ ɡ a ɪ
nominal	n ɑ m ɪ n l̩
nominalize	n ɑ m ə n ə l a ɪ z
nor	n ɔ ɹ
norethisterone	n ɔ ɹ ə θ ɪ s t ə ɹ o ʊ n
normothermic	n ɔ ɹ m o ʊ θ ɝ m ɪ k
northern	n ɔ ɹ ð ɚ n
noscapine	n ɑ s k ə p i n
nosebleed	n o ʊ z b l i d
noticeable	n o ʊ t ɪ s ə b l̩
nougat	n u ɡ ə t
noughth	n ɔ t θ
noughties	n ɔ t i z
novels	n ɑ v l̩ z
november	n o ʊ v ɛ m b ə ɹ
novembers	n o ʊ v ɛ m b ɚ z
npd	ɛ n p i d i
nth	ɛ n θ
nuclide	n j u k l a ɪ d
nulled	n ʌ l d
nulls	n ʌ l z
numinous	n j u m ə n ə s
numismatist	n j u m ɪ z m ə t ɪ s t
nuptial	n ʌ p ʃ ə l
nyah	n j æ
nyquist	n a ɪ k w ɪ s t
obediential	o ʊ b i d i ɛ n ʃ ə l
obex	o ʊ b ɛ k s
oblast	ɔ b l ə s t
obligate	ɑ b l ɪ ɡ e ɪ t
obliviality	ə b l ɪ v i æ l ɪ t i
obsecratory	ɑ b s ɛ k ɹ ə t ɔ ɚ ɹ i
obsequious	ə b s i k w i ə s
obstinacy	ɑ b s t ɪ n ə s i
obviation	ɔ b v i e ɪ ʃ ə n
obviative	ɔ b v i ə t ɪ v
occupied	ɑ k j ə p a ɪ d
occupy	ɑ k j ə p a ɪ
occurred	ə k ɝ d
ochronosis	o ʊ k ɹ ə n o ʊ s ɪ s
octad	ɑ k t æ d
octet	ɔ k t ɛ t
octobers	ɑ k t o ʊ b ɚ z
octosyllabic	ɑ k t o ʊ s ɪ l æ b ɪ k
octyne	ɔ k t a ɪ n
odder	ɑ d ɚ
oesophagus	ɪ s ɑ f ə ɡ ə s
oestrus	i s t ɹ ə s
offend	ə f ɛ n d
officials	ə f ɪ ʃ ə l z
oiler	ɔ ɪ l ɚ
ok	o ʊ k e ɪ
oligomer	ə l ɪ ɡ ə m ə ɹ
oligophrenia	ɔ l ɪ ɡ o ʊ f ɹ i n ɪ ə
olio	o ʊ l j o ʊ
olson	o ʊ l s ə n
omnific	ɔ m n ɪ f ɪ k
omohyoid	o ʊ m o ʊ h a ɪ ɔ ɪ d
onchocerciasis	ɔ ŋ k ə s ɜ k a ɪ ə s ɪ s
oneirocritic	o ʊ n a ɪ ɹ ə k ɹ ɪ t ɪ k
oneironautics	o ʊ n a ɪ ɹ o ʊ n ɔ t ɪ k s
onymous	ɑ n ɪ m ə s
oov	u v
opacate	o ʊ p ə k e ɪ t
opened	o ʊ p ə n d
openly	o ʊ p ə n l i
ophidian	o ʊ f ɪ d i ə n
optimation	ɔ p t ɪ m e ɪ ʃ ə n
optimum	ɑ p t ɪ m ə m
opusculum	o ʊ p ʌ s k j u l ə m
orangeat	ɔ ɹ æ n ʒ æ t
orbit	ɔ ɹ b ɪ t
orcus	ɔ r k ə s
orfe	ɔ f
organelle	ɔ ɹ ɡ ə n ɛ l
organum	ɔ ɹ ɡ ə n ə m
oroide	o ʊ ɹ ə w a ɪ d
orotundity	ɔ ɹ ə t ʌ n d ɪ t i
orr	ɔ ɹ
osprey	ɑ s p ɹ i
ossify	ɑ s ə f a ɪ
ossining	ɔ s i n ɪ ŋ
ostensibly	ɑ s t ɛ n s ə b l i
ostentation	ɔ s t ə n t e ɪ ʃ ə n
ostrichism	ɑ s t ɹ i t͡ʃ ɪ z ə m
otira	o ʊ t ɪ ɹ ɑ
otomycosis	o ʊ t o ʊ m ɪ k o ʊ s ɪ s
ouagadougou	w ɑ ɡ ə d u ɡ u
ouguiya	u ɡ i j ə
outbid	a ʊ t b ɪ d
outwind	a ʊ t w a ɪ n d
ovation	o ʊ v e ɪ ʃ ə n
overact	o ʊ v ə ɹ æ k t
overawe	o ʊ v ɚ ɔ
overdraft	o ʊ v ɚ d ɹ æ f t
overemotional	o ʊ v ə ɹ i m o ʊ ʃ ə n ə l
overlive	o ʊ v ə ɹ l ɪ v
overlook	o ʊ v ɚ l ʊ k
overnourished	o ʊ v ɚ n ʌ ɹ ɪ ʃ t
overnutrition	o ʊ v ə ɹ n j u t ɹ ɪ ʃ ə n
overproof	o ʊ v ɚ p ɹ u f
oversaw	o ʊ v ɚ s ɔ
oversee	o ʊ v ə ɹ s i
overshadow	o ʊ v ɚ ʃ æ d o ʊ
oversolicitous	o ʊ v ɚ s ə l ɪ s ɪ ɾ ə s
overspan	o ʊ v ɚ s p æ n
overspecialization	o ʊ v ɚ s p ɛ ʃ ə l ɪ z e ɪ ʃ n̩
overspecialize	o ʊ v ɚ s p ɛ ʃ ə l a ɪ z
overstuffed	o ʊ v ɚ s t ʌ f t
overtaken	o v ə ɹ t e ɪ k ə n
overtone	o ʊ v ɚ t o ʊ n
overview	o ʊ v ə ɹ v j u
overwait	o ʊ v ɚ w e ɪ t
overwhelmed	o ʊ v ɚ w ɛ l m d
overzealous	ə͡ʊ v ə z ɛ l ə s
ovipositor	o ʊ v ɪ p ɑ z ɪ t ɚ
owling	a ʊ l ɪ ŋ
owner	o ʊ n ɚ
ownership	o ʊ n ɚ ʃ ɪ p
owns	o ʊ n z
oxen	ɑ k s ə n
oxfendazole	ɔ k s f ɛ n d ə z o ʊ l
oxyamphetamine	ɔ k s i æ m f ɛ t ə m ɪ n
oxycodone	ɑ k s ɪ k o ʊ d o ʊ n
oxymetazoline	ɑ k s ɪ m ə t æ z ə l i n
oxymethazoline	ɑ k s ɪ m ə θ æ z ə l i n
paan	p ɑ n
paca	p æ k ə
packet	p æ k ɪ t
pact	p æ k t
padding	p æ d ɪ ŋ
page	p e ɪ d͡ʒ
paginate	p æ d͡ʒ ə n e ɪ t
pagination	p æ d͡ʒ ə n e ɪ ʃ ə n
paint	p e ɪ n t
painting	p e ɪ n t ɪ ŋ
paladin	p æ l ə d ɪ n
palau	p ə l a ʊ
panendeistic	p æ n ɛ n d i ɪ s t ɪ k
panes	p e ɪ n z
panphilia	p æ n f ɪ l ɪ ə
pansentience	p æ n s ɛ n ʃ ə n s
pantheists	p æ n t h i ĭ s t s
pantries	p æ n t ɹ i z
paracetamol	p ɛ ɹ ə s i t ə m ɔ l
parading	p ə ɹ e ɪ d ɪ ŋ
paraenesis	p ə ɹ i n ɪ s ɪ s
paramour	p æ ɹ ə m ɔ ɹ
parasiticide	p æ ɹ ə s ɪ t ɪ s a ɪ d
paraxonic	p æ ɹ ə k s ɔ n ɪ k
parchment	p ɑ ɹ t͡ʃ m ə n t
paresthesis	p ə ɹ i s θ ɪ s ɪ s
parfilage	p ɑ ɹ f ɪ l ɑ ʒ
parity	p æ ɹ ɪ t i
paroxetine	p ə ɹ ɑ k s ə t i n
participation	p ɑ ɹ t ɪ s ɪ p e ɪ ʃ ə n
particularly	p ə t ɪ k j ə l ɚ l i
parting	p ɑ ɹ t ɪ ŋ
pash	p æ ʃ
pasithea	p ə s ɪ θ ɪ ə
passacaglia	p ɑ s ə k ɑ l j ə
passata	p ə s ɑ t ə
passed	p æ s t
passively	p æ s ɪ v l i
pastings	p e ɪ s t ɪ ŋ z
pasture	p æ s t͡ʃ ɚ
patched	p æ t͡ʃ t
pater	p e ɪ t ɚ
patientive	p e ɪ ʃ ə n t ɪ v
patroon	p ə t ɹ u n
patting	p æ t ɪ ŋ
patz	p e ɪ t s
paving	p e ɪ v ɪ ŋ
payer	p e ɪ ɚ
paytriot	p e ɪ t ɹ i ə t
peach	p i t͡ʃ
peacocking	p i k ɑ k ɪ ŋ
peaks	p i k s
peasants	p ɛ z ə n t s
peashooter	p i ʃ u t ə ɹ
pebbles	p ɛ b ə l z
peck	p ɛ k
pedagogic	p ɛ d ə ɡ ɑ d͡ʒ ɪ k
peddle	p ɛ d ə l
pedetentous	p ɛ d ɪ t ɛ n t ə s
pedomorphic	p ɛ d ə m ɔ ɹ f ɪ k
pee	p i
peeves	p i v z
peggy	p ɛ ɡ i
pembrokeshire	p ɛ m b ɹ ʊ k ʃ ə ɹ
penang	p ə n ɑ ŋ
penetralium	p ɛ n ɪ t ɹ e ɪ l i ə m
pennon	p ɛ n ə n
penzance	p ɛ n z æ n s
pep	p ɛ p
peploe	p ɛ p l o ʊ
pepsins	p ɛ p s ɪ n z
peptics	p ɛ p t ɪ k s
percept	p ɝ s ɛ p t
perceptive	p ɚ s ɛ p t ɪ v
percolator	p ɝ k ə l e ɪ t ɚ
perfidious	p ɚ f ɪ d i ə s
perfunctorily	p ə ɹ f ʌ ŋ k t ə ɹ ɪ l i
periegesis	p ɛ ɹ i ə d͡ʒ i s ɪ s
periegete	p ɛ ɹ i ə d͡ʒ i t
perigee	p ɛ ɹ ə d͡ʒ i
peril	p ɛ ɹ ɪ l
perils	p ɛ ɹ ɪ l z
periodical	p ɪ ɹ i ɑ d ɪ k l̩
periphrastically	p ɛ ɹ ɪ f ɹ æ s t ɪ k l i
perlection	p ə l ɛ k ʃ ə n
permanence	p ɜ ɹ m ə n ə n s
pernicious	p ɚ n ɪ ʃ ə s
perpetual	p ɚ p ɛ t͡ʃ u ə l
perpetually	p ɚ p ɛ t͡ʃ u ə l i
perseverate	p ɚ s ɛ v ə ɹ e ɪ t
personae	p ɜ ɹ s o ʊ n i
personator	p ɜ ɹ s ə n e ɪ t ə ɹ
pert	p ɝ t
perth	p ɝ θ
peruse	p ə ɹ u z
perverter	p ə ɹ v ɜ ɹ t ə ɹ
pestled	p ɛ s ə l d
petalous	p ɛ t ə l ə s
pethidine	p ɛ θ ɪ d i n
petrifactive	p ɛ t ɹ ɪ f æ k t ɪ v
petty	p ɛ t i
pettywhin	p ɛ t i w ɪ n
pfaffian	f æ f ɪ ə n
phallus	f æ l ə s
pharisaic	f ɛ ɹ ɪ s e ɪ j ɪ k
phasing	f e ɪ z ɪ ŋ
phencyclidine	f ɛ n s a ɪ k l ɪ d i n
phillip	f ɪ l ɪ p
philopolemical	f ɪ l o ʊ p ə l ɛ m ɪ k ə l
phinary	f a ɪ n ə ɹ i
phlebitis	f l ɪ b a ɪ t ɪ s
phonologisation	f ə n ɔ l ə d͡ʒ a ɪ z e ɪ ʃ ə n
phosphomonoesterase	f ɑ s f o ʊ m ɑ n o ʊ ɛ s t ə ɹ e ɪ s
phosphorus	f ɑ s f ɚ ə s
photography	f ə t ɑ ɡ ɹ ə f i
phrenitis	f ɹ ə n a ɪ d ə s
phrygian	f ɹ ɪ d͡ʒ ɪ ə n
physics	f ɪ z ɪ k s
pica	p a ɪ k ə
picene	p a ɪ s i n
picnics	p ɪ k n ɪ k s
piggott	p ɪ ɡ ə t
pight	p a ɪ t
pilate	p a ɪ l ə t
piles	p a ɪ l z
piling	p a ɪ l ɪ ŋ
pilled	p ɪ l d
pima	p i m ə
pincer	p ɪ n s ə ɹ
pinner	p ɪ n ə ɹ
pinnings	p ɪ n ɪ ŋ z
pinscher	p ɪ n ʃ ə ɹ
pipeline	p a ɪ p l a ɪ n
piquing	p i k ɪ ŋ
piscivore	p ɪ s ɪ v ɔ ɹ
pishogue	p ɪ ʃ o ʊ ɡ
pissed	p ɪ s t
pisstake	p ɪ s t e ɪ k
pituitary	p ɪ t u ɪ t ɛ ɹ i
pixie	p ɪ k s i
pizzazz	p ɪ z æ z
placed	p l e ɪ s t
placenta	p l ə s ɛ n t ə
plag	p l æ d͡ʒ
plagiarist	p l e ɪ d͡ʒ ə ɹ ɪ s t
plainings	p l e ɪ n ɪ ŋ z
plaintive	p l e ɪ n t ɪ v
planchette	p l æ n ʃ ɛ t
plane	p l e ɪ n
planning	p l æ n ɪ ŋ
plasmid	p l æ z m ɪ d
plasterwork	p l æ s t ɚ w ɝ k
platykurtic	p l æ d i k ə ɹ d ɪ k
platypusary	p l æ t ɪ p ʊ s ə ɹ i
pleasing	p l i z ɪ ŋ
pleat	p l i t
plectrum	p l ɛ k t ɹ ə m
plesionym	p l i z ɪ ə n ɪ m
plethora	p l ɛ θ ə ɹ ə
plogging	p l ɔ ɡ ɪ ŋ
ploy	p l ɔ ɪ
pluck	p l ʌ k
plugging	p l ʌ ɡ ɪ ŋ
pluralization	p l ʊ ə ɹ ə l a ɪ z e ɪ ʃ ə n
pluranimous	p l ʊ ɹ æ n ɪ m ə s
pluvious	p l u v i ə s
pneumologist	n j ʊ m ɔ l ə d͡ʒ ɪ s t
pococurantism	p o ʊ k o ʊ k j ʊ ɹ æ n t ɪ z ə m
poitiers	p w a t j e
pokey	p o ʊ k i
poler	p o ʊ l ə ɹ
polymorphic	p ɑ l i m ɔ ɹ f ɪ k
polysemic	p ɔ l ɪ s i m ɪ k
polyzoa	p ɔ l i z o ʊ ə
polyzoon	p ɔ l i z o ʊ ɔ n
ponder	p ɑ n d ɚ
ponk	p ɔ ŋ k
pooled	p u l d
pooped	p u p t
pope	p o ʊ p
populace	p ɑ p j ə l ə s
porfimer	p ɔ ɹ f ɪ m ə ɹ
pork	p ɔ ɹ k
porphyria	p ɔ ɹ f ɪ ɹ ɪ ə
portentously	p ɔ t e n t ə s l i
porterage	p ɔ ɹ t ə ɹ ɪ d͡ʒ
portland	p ɔ ɹ t l ə n d
portrayal	p ɔ ɹ t ɹ e ɪ ə l
pose	p o ʊ z
poseidon	p ə s a ɪ d n̩
poseur	p o ʊ z ʊ ə ɹ
positivism	p ɑ z ɪ t ɪ v ɪ z m
posology	p ə z ɑ l ə d͡ʒ i
possessions	p ə z ɛ ʃ ə n z
possibility	p ɑ s ɪ b ɪ l i t i
postdict	p o ʊ s t d ɪ k t
postdoc	p o ʊ s t d ɔ k
postpone	p o ʊ s t p o ʊ n
posts	p o ʊ s t s
postscript	p o ʊ s t s k ɹ ɪ p t
potatoes	p ə t e ɪ t o ʊ z
potiphar	p ɑ t ə f ɚ
poulterer	p o ʊ l t ə ɹ ɚ
povitica	p o ʊ v ə t i t s ə
powertrain	p a ʊ ɚ t ɹ e ɪ n
practically	p ɹ æ k t ɪ k l i
practisant	p ɹ æ k t ɪ z ə n t
prairial	p ɹ ɛ ɹ j ɑ l
praisings	p ɹ e ɪ z ɪ ŋ z
prang	p ɹ æ ŋ
praseodymium	p ɹ e ɪ z i o ʊ d ɪ m i ə m
prate	p ɹ e ɪ t
pratt	p ɹ æ t
prebendary	p ɹ ɛ b ə n d ə ɹ i
precancerous	p ɹ i k æ n s ə ɹ ə s
precedentially	p ɹ ɛ s ə d ɛ n ʃ ə l i
preconsonantal	p ɹ i k ɔ n s ə n æ n t ə l
predicament	p ɹ ɪ d ɪ k ə m ə n t
predilection	p ɹ ɛ d ə l ɛ k ʃ n̩
preengage	p r i ɪ n ɡ e ɪ d͡ʒ
prefect	p ɹ i f e k t
prefer	p ɹ ɪ f ɝ
preke	p ɹ i k
prelect	p ɹ ɪ l ɛ k t
prenup	p ɹ i n ʌ p
preoccupy	p ɹ i ɑ k j u p a ɪ
prepaid	p ɹ i p e ɪ d
prepared	p ɹ ɪ p ɛ ɹ d
presbytery	p ɹ ɛ z b ɪ t ɛ ɹ i
prescriptive	p ɹ ɪ s k ɹ ɪ p t ɪ v
presented	p ɹ ɪ z ɛ n t ɪ d
presuit	p ɹ ɪ s j u t
preventing	p ɹ ɪ v ɛ n t ɪ ŋ
prevention	p ɹ ɪ v ɛ n ʃ ə n
previously	p ɹ i v i ə s l i
primipilar	p ɹ a ɪ m ɪ p a ɪ l ə ɹ
primitive	p ɹ ɪ m ɪ t ɪ v
primrose	p ɹ ɪ m ɹ o ʊ z
prised	p ɹ a ɪ z d
prisoned	p ɹ ɪ z ə n d
privileged	p ɹ ɪ v ɪ l ɪ d͡ʒ d
probability	p ɹ ɑ b ə b ɪ l ɪ ɾ i
procedures	p ɹ ə s i d͡ʒ ɚ s
proceeded	p ɹ ə s i d ɪ d
proceeds	p ɹ o ʊ s i d z
proclaimed	p ɹ o ʊ k l e ɪ m d
procraltruism	p ɹ o ʊ k ɹ ɑ l t ɹ u ɪ s ɪ z ə m̩
prodigy	p ɹ ɑ d ɪ d͡ʒ i
producorial	p ɹ ɔ d j ʊ s ɔ ɹ ɪ ə l
profile	p ɹ o ʊ f a ɪ l
profitable	p ɹ ɑ f ɪ t ə b l̩
profuseness	p ɹ o ʊ f j u s n ə s
prog	p ɹ ɔ ɡ
progesterone	p ɹ o ʊ d͡ʒ ɛ s t ə ɹ o ʊ n
prognosis	p ɹ ɑ ɡ n o ʊ s ɪ s
program	p ɹ o ʊ ɡ ɹ æ m
programmatically	p ɹ o ʊ ɡ ɹ ə m æ t ɪ k ə l i
prolix	p ɹ o ʊ l ɪ k s
promontory	p ɹ ɑ m ə n t ɔ ɹ i
proosian	p ɹ u ʃ ə n
propane	p ɹ o ʊ p e ɪ n
proposed	p ɹ ə p o ʊ z d
proposition	p ɹ ɑ p ə z ɪ ʃ ə n
prosaic	p ɹ o ʊ z e ɪ ɪ k
prosaism	p ɹ o ʊ z e ɪ ɪ z ə m
prosewise	p ɹ o ʊ z w a ɪ z
prosopagnosia	p ɹ ɑ s o ʊ p æ ɡ n o ʊ ʒ ə
prosperous	p ɹ ɑ s p ə ɹ ə s
protect	p ɹ ə t ɛ k t
protophyte	p ɹ o ʊ d ə f a ɪ t
protuberance	p ɹ o ʊ t u b ə ɹ ə n s
provide	p ɹ ə v a ɪ d
provisional	p ɹ ə v ɪ ʒ ə n ə l
prowl	p ɹ a ʊ l
prowled	p ɹ a ʊ l d
prowler	p r a ʊ l ə r
proximity	p ɹ ɑ k s ɪ m ɪ t i
prude	p ɹ u d
psaki	s ɑ k i
pseudonym	s u d o ʊ n ɪ m
pseudostratified	s u d o ʊ s t ɹ æ t̬ ə f ɑ ɪ d
psych	s a ɪ k
ptolemaic	t ɑ l ə m e ɪ ɪ k
publican	p ʌ b l ɪ k ə n
publication	p ʌ b l ɪ k e ɪ ʃ ə n
pudibund	p j u d ɪ b ʌ n d
puffy	p ʌ f i
pug	p ʌ ɡ
puke	p j u k
pule	p j u l
pulleys	p ʊ l i z
pullulate	p ʌ l j ʊ l e ɪ t
pulsate	p ʌ l s e ɪ t
pulverulent	p ʌ l v ɛ ɹ j ə l ə n t
pumpking	p ʌ m p k ɪ ŋ
pumps	p ʌ m p s
punishings	p ʌ n ɪ ʃ ɪ ŋ z
punts	p ʌ n t s
puritanical	p j ɚ ɪ t æ n ɪ k l̩
purlieu	p ɝ l j u
pursuing	p ɚ s u ɪ ŋ
putative	p j u t ə t ɪ v
putrefacient	p j u t ɹ ə f e ɪ ʃ ə n t
puzzled	p ʌ z l̩ d
pyatigorsk	p j æ t ɪ ɡ ɔ ɹ s k
pygian	p ɪ d͡ʒ i ə n
pyramid	p ɪ ɹ ə m ɪ d
pyramidal	p ɪ ɹ æ m ɪ d l̩
pyro	p a ɪ ɹ o ʊ
pyrophyte	p a ɪ ɹ ə f a ɪ t
qam	k j u e ɪ ɛ m
qed	k j u i d i
qing	t͡ʃ ɪ ŋ
qinpu	t͡ʃ ɪ n p u
qiqihar	t͡ʃ i t͡ʃ i h ɑ
quacks	k w æ k s
quadriplegia	k w ɑ d ɹ ɪ p l i d͡ʒ ə
quails	k w e ɪ l z
quaintly	k w e ɪ n t l i
quarantine	k w ɔ ɹ ə n t i n
quarl	k w ɔ ɹ l
quarry	k w ɔ ɹ i
que	k j u
queef	k w i f
queerdar	k w ɪ ɹ d ɑ ɹ
quesadilla	k e ɪ̯ s ə d i j ə
quicksilver	k w ɪ k s ɪ l v ɚ
quidnunc	k w ɪ d n ʌ ŋ k
quieten	k w a ɪ ə t ə n
quietus	k w a ɪ i t ə s
quinkan	k w ɪ ŋ k ə n
quinn	k w ɪ n
quintillionth	k w ɪ n t ɪ l i ə n θ
quip	k w ɪ p
quirn	k w ɜ ɹ n
quit	k w ɪ t
quob	k w ɑ b
rabeprazole	ɹ ə b ɛ p ɹ ə z o ʊ l
rach	ɹ e ɪ t͡ʃ
racing	ɹ e ɪ s ɪ ŋ
rackle	ɹ æ k ə l
radial	ɹ e ɪ d i ə l
radiance	ɹ e ɪ d i ə n s
radish	ɹ æ d ɪ ʃ
radius	ɹ e ɪ d i ə s
radon	ɹ e ɪ d ɔ n
rafter	ɹ æ f t ə ɹ
rags	ɹ æ ɡ z
railgun	ɹ e ɪ l ɡ ʌ n
raining	ɹ e ɪ n ɪ ŋ
rains	ɹ e ɪ n z
ralphie	ɹ ɑ ɹ f i
rant	ɹ æ n t
rapid	ɹ æ p ɪ d
rapturous	ɹ æ p t͡ʃ ə ɹ ə s
rapunzel	ɹ ə p ʌ n z ə l
raspy	ɹ æ s p i
rated	ɹ e ɪ t ɪ d
rats	ɹ æ t s
rattail	ɹ æ t t e ɪ l
ravage	ɹ æ v ɪ d͡ʒ
ravel	ɹ æ v ə l
ravening	ɹ æ v ə n ɪ ŋ
rawboned	ɹ ɔ b o ʊ n d
rawdon	ɹ ɔ d ə n
react	ɹ i æ k t
reaction	ɹ i æ k ʃ ə n
reaganomics	r e ɪ ɡ ə n ɑ m ɪ k s
realised	ɹ i ə l a ɪ z d
realized	ɹ i ə l a ɪ z d
reamer	ɹ i m ə ɹ
reap	ɹ i p
rearward	ɹ ɪ ɹ w ɝ d
reason	ɹ i z ə n
reave	ɹ i v
rebellion	ɹ ɪ b ɛ l i ə n
rebutter	ɹ ɪ b ʌ t ɚ
recalcitrance	ɹ ɪ k æ l s ɪ t ɹ ə n s
recallism	ɹ i k ɔ l ɪ z ə m
receivability	ɹ ə s i v ɑ b ɪ l ɪ t i
recommend	ɹ ɛ k ə m ɛ n d
reconduct	ɹ i k ə n d ʌ k t
recreant	ɹ ɛ k ɹ i ə n t
recriminate	ɹ ɪ k ɹ ɪ m ɪ n e ɪ t
recrimination	ɹ i k ɹ ɪ m ə n e ɪ ʃ ə n
recto	ɹ ɛ k t o ʊ
redact	ɹ ɪ d æ k t
redebug	ɹ i d i b ʌ ɡ
redig	ɹ i d ɪ ɡ
redistributing	ɹ ɪ d ɪ s t ɹ ɪ b j u t ɪ ŋ
redline	ɹ ɛ d l a ɪ n
redruth	ɹ ə d ɹ u θ
reduce	ɹ ɪ d u s
reduction	ɹ ɪ d ʌ k ʃ ə n
reese	ɹ i s
regal	ɹ i ɡ ə l
regalement	ɹ ɪ ɡ e ɪ l m ə n t
regarding	ɹ ɪ ɡ ɑ ɹ d ɪ ŋ
reggae	ɹ ɛ ɡ e ɪ
regift	ɹ i ɡ ɪ f t
regorge	ɹ ɪ ɡ ɔ ɹ d͡ʒ
regulating	ɹ ɛ ɡ j ə l e ɪ t ɪ ŋ
regulator	ɹ ɛ ɡ j u l e ɪ t ə
regurgitate	ɹ ɪ ɡ ɝ d͡ʒ ə t e ɪ t
rehab	ɹ i h æ b
rehal	ɹ e ɪ h ə l
reining	ɹ e ɪ n ɪ ŋ
relais	ɹ ə l e ɪ
related	ɹ ɪ l e ɪ t ɪ d
relation	ɹ ɪ l e ɪ ʃ ə n
relayed	ɹ i l e ɪ d
relexify	ɹ i l ɛ k s ə f a ɪ
relife	ɹ i l a ɪ̯ f
religiosity	ɹ ɪ l ɪ d͡ʒ ɪ ɑ s ə t i
relove	ɹ i l ʌ v
remainder	ɹ ə m e ɪ n d ɚ
remediless	ɹ ɛ m ə d i l ɪ s
remission	ɹ ə m ɪ ʃ ə n
remove	ɹ ɪ m u v
remover	ɹ ɪ m u v ɚ
remunerative	ɹ ɪ m j u n ə ɹ ə t ɪ v
rendered	ɹ ɛ n d ɚ d
renverse	ɹ ɪ n v ɜ ɹ s
rep	ɹ ɛ p
repellent	ɹ ə p ɛ l ə n t
reported	ɹ ɪ p ɔ ɹ t ɪ d
representing	ɹ ɛ p ɹ ɪ z ɛ n t ɪ ŋ
reprieve	ɹ ɪ p ɹ i v
repro	ɹ i p ɹ o ʊ
repug	ɹ ə p ə ɡ
reputation	ɹ ɛ p j ʊ t e ɪ ʃ ə n
reran	ɹ ɪ ɹ æ n
resentment	ɹ ɪ z ɛ n t m ə n t
resident	ɹ ɛ z ɪ d ə n t
resistlessly	ɹ ə z ɪ s t l ə s l i
resolute	ɹ ɛ z ə l j u t
resoundingly	ɹ ɪ z a ʊ n d ɪ ŋ l i
respects	ɹ ɪ s p ɛ k t s
restricted	ɹ ɪ s t ɹ ɪ k t ɪ d
results	ɹ ɪ z ʌ l t s
resurge	r ɪ s ɜ d͡ʒ
retent	ɹ ɪ t ɛ n t
retort	ɹ ɪ t ɔ ɹ t
retractor	ɹ ɪ t ɹ æ k t ɚ
retroject	ɹ ɛ t ɹ o ʊ d͡ʒ ɛ k t
reune	ɹ i j u n
revealed	ɹ ə v i l d
revel	ɹ ɛ v ə l
reverencer	ɹ ɛ v ə ɹ ɛ n s ɝ
reverent	ɹ ɛ v ɹ ə n t
revive	ɹ ɪ v a ɪ v
revolt	ɹ ɪ v o ʊ l t
revolution	ɹ ɛ v ə l j u ʃ ə n
rhapsody	ɹ a p s ə d i
rhebok	ɹ i b ɑ k
rhodium	ɹ o ʊ d i ə m
rhodomel	ɹ o ʊ d ə m ɛ l
rhoten	ɹ o ʊ t n̩
rich	ɹ ɪ t͡ʃ
ridotto	ɹ ə d o ʊ t o ʊ
rif	ɹ ɪ f
rightly	ɹ a ɪ t l i
rimbey	ɹ ɪ m b i
ringed	ɹ ɪ ŋ d
rituximab	ɹ ɪ t ʌ k s ɪ m æ b
rivulet	ɹ ɪ v j ə l ə t
roasted	ɹ o ʊ s t ɪ d
roentgen	ɹ ɜ n t ɡ ə n
roger	ɹ ɑ d͡ʒ ɚ
roll	ɹ o ʊ l
romania	ɹ o ʊ m e ɪ n i ə
romanichal	ɹ ɑ m ɪ n i t͡ʃ æ l
romans	ɹ o ʊ m ə n z
romantic	ɹ o ʊ m æ n t ɪ k
ront	ɹ ɔ n t
roost	ɹ u s t
rotation	ɹ o ʊ t e ɪ ʃ ə n
rotunda	ɹ o ʊ t ʌ n d ə
roughly	ɹ ʌ f l i
round	ɹ a ʊ n d
rowcliffe	ɹ o ʊ k l ɪ f
rub	ɹ ʌ b
rubato	r ə b ɑ t o ʊ
ruched	ɹ u ʃ t
rudy	ɹ u d i
ruffly	ɹ ʌ f ə l i
ruft	ɹ ʌ f t
ruism	ɹ u ɪ z ə m
rundlet	ɹ ʌ n d l ə t
rung	ɹ ʌ ŋ
running	ɹ ʌ n ɪ ŋ
runway	ɹ ʌ n w e ɪ
rupert	ɹ u p ɚ t
ruption	ɹ ʌ p ʃ ə n
ruritanian	ɹ ʊ ɹ ɪ t e ɪ n i ə n
russet	ɹ ʌ s ɪ t
rye	ɹ a ɪ
sabbath	s æ b ə θ
sabulous	s æ b j ʊ l ə s
sacless	s æ k l ə s
sacrament	s æ k ɹ ə m ə n t
sacrifices	s æ k ɹ ɪ f a ɪ s ɪ z
sacrosanct	s æ k ɹ o ʊ s æ ŋ k t
sadhu	s ɑ d h u
sadistic	s ə d ɪ s t ɪ k
safe	s e ɪ f
sagacious	s ə ɡ e ɪ ʃ ə s
saginaw	s æ ɡ ɪ n ɔ
sailboat	s e ɪ l b o ʊ t
sailor	s e ɪ l ɚ
sain	s e ɪ n
saipan	s a ɪ p æ n
sakhalin	s æ k ə l i n
sales	s e ɪ l z
saliniform	s ə l ɪ n i f ɔ ɹ m
salinity	s e ɪ l ɪ n ə t i
salivarium	s æ l i v ɛ ɹ i ə m
sallies	s æ l i z
salmeterol	s æ l m ɛ t ə ɹ ɔ l
salmon	s æ m ə n
salmonella	s æ l m ə n ɛ l ə
salsify	s æ l s ɪ f i
saltimbanco	s æ l t ɪ m b æ ŋ k o ʊ
salute	s ə l u t
sambadrome	s æ m b ə d ɹ o ʊ m
sanatory	s æ n ə t ɔ ɹ i
sancerre	s ɔ̃ n s ɛ ɹ
sandpiper	s æ n d p a ɪ p ɚ
sandy	s æ n d i
sappho	s æ f o ʊ
saqqaq	s ɑ k ə k
sarcophagus	s ɑ ɹ k ɔ f ə ɡ ə s
sardinia	s ɑ ɹ d ɪ n i ə
sardonyx	s ɑ ɹ d ɔ n ɪ k s
satcoms	s a t k ɑ m z
sative	s e ɪ t ɪ v
sault	s u
saunter	s ɔ n t ɚ
savages	s æ v ɪ d͡ʒ ɪ z
savanna	s ə v æ n ə
savannah	s ə v æ n ə
saved	s e ɪ v d
savings	s e ɪ v ɪ ŋ z
savoy	s ə v ɔ ɪ
sawdust	s ɔ d ʌ s t
sawney	s ɔ n i
say	s e ɪ
scab	s k æ b
scale	s k e ɪ l
scandal	s k æ n d ə l
scanty	s k æ n t i
scarp	s k ɑ ɹ p
schismatic	s k ɪ z m æ t ɪ k
schizo	s k ɪ t s o ʊ
schlepps	ʃ l ɛ p s
schmooze	ʃ m u z
scholarship	s k ɑ l ə ɹ ʃ ɪ p
schuyler	s k a ɪ l ɚ
scientist	s a ɪ ə n t ɪ s t
sclerotic	s k l ɪ ɹ ɔ t ɪ k
scoff	s k ɔ f
scorn	s k ɔ ɹ n
scorpio	s k ɔ ɹ p ɪ o ʊ
scorpion	s k ɔ ɹ p i ə n
scramble	s k ɹ æ m b l̩
screenplay	s k ɹ i n p l e ɪ
scrimmage	s k ɹ ɪ m ə d͡ʒ
scriptings	s k ɹ ɪ p t ɪ ŋ s
scrofula	s k ɹ ɔ f j ə l ə
scrotum	s k ɹ o ʊ t ə m
scrubber	s k ɹ ʌ b ɚ
scruff	s k ɹ ʌ f
scrutiny	s k ɹ u t ɪ n i
seal	s i l
sealant	s i l ə n t
seals	s i l z
searches	s ɝ t͡ʃ ɪ z
seasoned	s i z ə n d
seasteading	s i s t ɛ d ɪ ŋ
seater	s i t ɚ
secretly	s i k ɹ ə t l i
sedate	s ə d e ɪ t
sedge	s ɛ d͡ʒ
sediment	s ɛ d ɪ m ə n t
seed	s i d
seemer	s i m ə ɹ
seemly	s i m l i
seems	s i m z
seether	s i ð ə ɹ
selectable	s ə l ɛ k t ə b l̩
selfish	s ɛ l f ɪ ʃ
selkirk	s ɛ l k ɪ ɹ k
selling	s ɛ l ɪ ŋ
semipermeable	s ɛ m i p ɜ ɹ m i ə b ə l
semla	s ɛ m l ə
sensitive	s ɛ n s ɪ t ɪ v
sensorial	s ɛ n s ɔ ɹ i ə l
sentence	s ɛ n t ə n s
separated	s ɛ p ə ɹ e ɪ t ɪ d
sephirah	s ə f ɪ ɹ ə
sept	s ɛ p t
septendecillion	s ɛ p t ə n d ə s ɪ l i ə n
sequela	s ɪ k w i l ə
seraphic	s ə ɹ æ f ɪ k
serf	s ɝ f
seriema	s ɛ ɹ ɪ i m ə
serious	s ɪ ə ɹ i ə s
serves	s ɝ v z
serviced	s ɝ v ɪ s t
servitude	s ɝ v ɪ t u d
sesquipedalianism	s ɛ s k w ə p ə d e ɪ l i ə n ɪ z m̩
setiform	s i t ə f ɔ ɹ m
settee	s ɛ t i
severally	s ɛ v ə ɹ ə l i
sextant	s ɛ k s t ə n t
sexual	s ɛ k ʃ u ə l
shaggy	ʃ æ ɡ i
shamed	ʃ e ɪ m d
shameful	ʃ e ɪ m f ə l
shamefully	ʃ e ɪ m f ə l i
shampoo	ʃ æ m p u
shandy	ʃ æ n d i
share	ʃ ɛ ɹ
sharply	ʃ ɑ ɹ p l i
shash	ʃ æ ʃ
sheathe	ʃ i ð
shed	ʃ ɛ d
sheela	ʃ i l ə
sheen	ʃ i n
shellac	ʃ ə l æ k
shells	ʃ ɛ l z
shergottite	ʃ ɚ ɡ ə t a ɪ t
sherman	ʃ ɜ ɹ m ə n
sherut	ʃ e ɪ ɹ u t
sheugh	ʃ ʌ x
shiksa	ʃ ɪ k s ə
shillelagh	ʃ ə l e ɪ l i
shimerian	ʃ ɪ m ɛ ɹ i ə n
shipshape	ʃ ɪ p ʃ e ɪ p
shirshasana	ʃ ə ɹ ʃ ɑ s ɑ n ɑ
shirty	ʃ ɝ t i
shitness	ʃ ɪ t n ə s
shits	ʃ ɪ t s
shittle	ʃ ɪ t l̩
shock	ʃ ɑ k
shorn	ʃ ɔ ɹ n
shortfetched	ʃ ɔ ɹ t f ɛ t͡ʃ t
shorty	ʃ ɔ ɹ t i
shot	ʃ ɑ t
shout	ʃ a ʊ t
shouts	ʃ a ʊ t s
showing	ʃ o ʊ ɪ ŋ
showroom	ʃ o ʊ ɹ u m
shrift	ʃ ɹ ɪ f t
shrubby	ʃ ɹ ʌ b i
shrugged	ʃ ɹ ʌ ɡ d
shrugging	ʃ ɹ ʌ ɡ ɪ ŋ
shtetl	ʃ t ɛ t ə l
sibilancy	s ɪ b ɪ l ə n s i
sibred	s ɪ b ɹ ə d
sibsey	s ɪ b z i
sickness	s ɪ k n ɪ s
sideways	s a ɪ d w e ɪ z
sidney	s ɪ d n i
sieve	s ɪ v
sifter	s ɪ f t ɚ
sig	s ɪ ɡ
sightable	s a ɪ t ə b ə l
signary	s ɪ ɡ n ə ɹ i
significance	s ɪ ɡ n ɪ f ɪ k ə n s
signify	s ɪ ɡ n ɪ f a ɪ
sild	s ɪ l d
silent	s a ɪ l ə n t
silenus	s a ɪ l i n ə s
silflay	s ɪ l f l e ɪ
silts	s ɪ l t s
singaporize	s ɪ ŋ ə p ɔ ɹ a ɪ z
singing	s ɪ ŋ ɪ ŋ
singularity	s ɪ ŋ ɡ j ə l æ ɹ ə t ɪ
sinuous	s ɪ n j u ə s
sirocco	s ɪ ɹ ɔ k o ʊ
sissify	s ɪ s ɪ f a ɪ
sisters	s ɪ s t ɚ z
sixtieth	s ɪ k s t i ə θ
sjambok	ʃ æ m b ɔ k
skamania	s k ə m e ɪ n i ə
skeevy	s k i v i
skeg	s k ɛ ɡ
sketchy	s k ɛ t͡ʃ i
skidding	s k ɪ d ɪ ŋ
skiddy	s k ɪ d i
skilled	s k ɪ l d
skillet	s k ɪ l ɪ t
skimpy	s k ɪ m p i
skirl	s k ɜ l
skittish	s k ɪ t ɪ ʃ
skivvy	s k ɪ v i
skullcap	s k ʌ l k æ p
skum	s k ʌ m
skunk	s k ʌ ŋ k
skysill	s k a ɪ s ɪ l
slack	s l æ k
slapdash	s l æ p d æ ʃ
slashy	s l æ ʃ i
slate	s l e ɪ t
slc	ɛ s ɛ l s i
sleeping	s l i p ɪ ŋ
sleepish	s l i p ɪ ʃ
sleiveen	s l i v i n
slidey	s l a ɪ d i
slogan	s l o ʊ ɡ ə n
slouch	s l a ʊ t͡ʃ
slowworm	s l o ʊ w ɜ ɹ m
sluff	s l ʌ f
slushy	s l ʌ ʃ i
smallfolk	s m ɔ l f o ʊ k
smatchet	s m æ t͡ʃ ɪ t
smicker	s m ɪ k ə ɹ
smokehouse	s m o ʊ k h a ʊ s
smollett	s m ɑ l ə t
smoodge	s m u d͡ʒ
smorc	s m ɔ ɹ k
smote	s m o ʊ t
smudge	s m ʌ d͡ʒ
snacker	s n æ k ə ɹ
snacky	s n æ k i
snapdragon	s n æ p d ɹ æ ɡ ə n
snapin	s n æ p ɪ n
snatch	s n æ t͡ʃ
sneak	s n i k
sneer	s n ɪ ə̯ ɹ
snelly	s n ɛ l i
snide	s n a ɪ d
snipe	s n a ɪ p
snippety	s n ɪ p ɪ t i
snooze	s n u z
socking	s ɑ k ɪ ŋ
socle	s o ʊ k ə l
soil	s ɔ ɪ l
soiree	s w ɑ ɹ e ɪ
solitude	s ɑ l ɪ t u d
solutrean	s ə l u t ɹ i ə n
somalia	s ə m ɑ l i ə
somnifacient	s ɑ m n ə f e ɪ ʃ ə n t
sonero	s ə n ɛ ɹ o ʊ
sophoi	s o f ɔ ɪ
soprano	s ə p ɹ æ n o ʊ
sorbet	s ɔ ɹ b e ɪ
sound	s a ʊ n d
sown	s o ʊ n
spac	s p æ k
spacefaring	s p e ɪ s f æ ɹ ɪ ŋ
spadea	s p e ɪ d ɪ ə
spankee	s p æ ŋ k i
sparkle	s p ɑ ɹ k ə l
spasmodic	s p æ z m ɑ d ɪ k
spathe	s p e ɪ ð
spawl	s p ɔ l
spean	s p i n
specifier	s p ɛ s ə f a ɪ ɚ
specter	s p ɛ k t ɚ
speculation	s p ɛ k j ə l e ɪ ʃ ə n
speedboat	s p i d b o ʊ t
spell	s p ɛ l
spelunks	s p ɪ l ʌ ŋ k s
spending	s p ɛ n d ɪ ŋ
sperge	s p ɜ ɹ d͡ʒ
sperm	s p ɜ ɹ m
sphenoid	s f i n ɔ ɪ d
spial	s p a ɪ ə l
spidey	s p a ɪ d i
spilt	s p ɪ l t
spim	s p ɪ m
spinner	s p ɪ n ɚ
spiral	s p a ɪ ɹ ə l
splatter	s p l æ t ɚ
spline	s p l a ɪ n
splinter	s p l ɪ n t ɚ
splunk	s p l ʌ ŋ k
splutter	s p l ʌ t ɚ
spoonerism	s p u n ə ɹ ɪ z ə m
spoony	s p u n i
sporty	s p ɔ ɹ t i
sprayed	s p ɹ e ɪ d
spread	s p ɹ ɛ d
springy	s p ɹ ɪ ŋ i
sputcheon	s p ʌ t͡ʃ ə n
sql	ɛ s k j u ɛ l
squarely	s k w ɛ ɹ l i
squdgy	s k w ʌ d͡ʒ i
squeamish	s k w i m ɪ ʃ
squishiness	s k w ɪ ʃ i n ə s
sstrange	s ə s t ɹ e ɪ n d͡ʒ
stabbing	s t æ b ɪ ŋ
staffless	s t æ f l ə s
stained	s t e ɪ n d
stan	s t æ n
stane	s t e ɪ n
stang	s t æ ŋ
starbucks	s t ɑ ɹ b ʌ k s
stared	s t ɛ ɹ d
starting	s t ɑ ɹ t ɪ ŋ
statewide	s t e ɪ t w a ɪ d
stationed	s t ɛ ɪ ʃ ə n d
statoid	s t e ɪ t ɔ ɪ d
stave	s t e ɪ v
steal	s t i l
steals	s t i l z
stef	s t ɛ f
stella	s t ɛ l ə
stellar	s t ɛ l ɚ
stenoses	s t ɛ n o ʊ s i z
stephanie	s t ɛ f ə n i
stepson	s t ɛ p s ʌ n
sterns	s t ɜ ɹ n z
stethoscope	s t ɛ θ ə s k o ʊ p
stheno	s θ ɛ n o ʊ
stichomythia	s t ɪ k ə m ɪ θ ɪ ə
stiff	s t ɪ f
stiletto	s t ə l ɛ t o ʊ
stinnett	s t ɪ n ɛ t
stirred	s t ɝ d
stithy	s t ɪ ð i
stockpile	s t ɔ k p a ɪ l
stooge	s t u d͡ʒ
stook	s t ʊ k
store	s t ɔ ɹ
storiation	s t ɔ ɹ ɪ e ɪ ʃ ə n
stork	s t ɔ ɹ k
strain	s t ɹ e ɪ̯ n
strained	s t ɹ e ɪ̯ n d
straitly	s t ɹ e ɪ t l i
strake	s t ɹ e ɪ k
strandflat	s t ɹ æ n d f l æ t
strathspey	s t ɹ æ θ s p e ɪ
strewth	s t ɹ u θ
stria	s t ɹ a ɪ ə
stridden	s t ɹ ɪ d ə n
strigate	s t ɹ ɪ ɡ ə t
strived	s t ɹ a ɪ v d
strommel	s t ɹ ɔ m ə l
stroud	s t ɹ a ʊ d
stroy	s t ɹ ɔ ɪ
strumpet	s t ɹ ʌ m p ɪ t
struthonian	s t ɹ u θ o ʊ n ɪ ə n
studies	s t ʌ d i z
stum	s t ʌ m
stun	s t ʌ n
stutter	s t ʌ ɾ ɚ
stylize	s t a ɪ l a ɪ z
su	s u
subdivide	s ʌ b d ɪ v a ɪ d
subjunctive	s ə b d͡ʒ ʌ ŋ k t ɪ v
subscribe	s ə b s k ɹ a ɪ b
subsist	s ə b s ɪ s t
succame	s ə k e ɪ m
succedaneum	s ʌ k s ɪ d e ɪ n ɪ ə m
succeeding	s ə k s i d ɪ ŋ
successive	s ə k s ɛ s ɪ v
sucky	s ʌ k i
suds	s ʌ d z
sufentanil	s u f ɛ n t ə n ɪ l
suffer	s ʌ f ɚ
suffragette	s ʌ f ɹ ə d͡ʒ ɛ t
suffraginous	s ə f ɹ æ d͡ʒ ɪ n ə s
suifenhe	s w e ɪ f ʌ n h ʌ
sulfamethoxazole	s ʌ l f ə m ɛ θ ɑ k s ə z o ʊ l
sulfite	s ʌ l f a ɪ t
summary	s ʌ m ə ɹ i
summon	s ʌ m ə n
summons	s ʌ m ə n z
sunfish	s ʌ n f ɪ ʃ
sung	s ʌ ŋ
sunspot	s ʌ n s p ɑ t
superannuate	s u p ə ɹ æ n j u e ɪ t
superficial	s u p ɚ f ɪ ʃ ə l
superflux	s u p ə ɹ f l ʌ k s
superhero	s j u p ə ɹ h ɪ ɹ o ʊ
supervisor	s u p ɚ v a ɪ z ɚ
supes	s u p s
supplace	s ə p l e ɪ s
suprasternal	s u p ɹ ə s t ɜ n ə l
surcingle	s ə ɹ s ɪ ŋ ɡ ɫ̩
surrender	s ə ɹ ɛ n d ə ɹ
surround	s ə ɹ a ʊ n d
suspectless	s ʌ s p ɛ k t l ə s
suss	s ʌ s
sustenance	s ʌ s t ə n ə n s
suxamethonium	s ʌ k s ə m ə θ o ʊ n i ə m
swadesh	s w ɑ d ɛ ʃ
swam	s w æ m
sward	s w ɔ ɹ d
swartzite	s w ɔ ɹ t s a ɪ t
swazzle	s w ɔ z ə l
sweats	s w ɛ t s
sweet	s w i t
swell	s w ɛ l
swene	s w e ɪ n
sweven	s w ɛ v ə n
swigs	s w ɪ ɡ z
swill	s w ɪ l
switchable	s w ɪ t͡ʃ ə b ə l
switches	s w ɪ t͡ʃ ɪ z
syncretistic	s ɪ ŋ k ɹ ə t ɪ s t ɪ k
synechia	s ɪ n ɛ k i ə
synomone	s ɪ n ə m o ʊ n
syrphian	s ə ɹ f i ə n
systematize	s ɪ s t ə m ə t a ɪ z
systems	s ɪ s t ə m z
tablature	t æ b l ə t͡ʃ ɜ
tableau	t æ b l o ʊ
tablet	t æ b l ə t
tabloid	t æ b l ɔ ɪ d
tache	t æ ʃ
tachycardia	t æ k ɪ k ɑ ɹ d i ə
tacky	t æ k i
taco	t ɑ k o ʊ
tad	t æ d
tail	t e ɪ l
tailbud	t e ɪ l b ʌ d
tailcoat	t e ɪ l k o ʊ t
tainted	t e ɪ n t ɪ d
taizhou	t a ɪ d͡ʒ o ʊ
takes	t e ɪ k s
talarozole	t ə l æ ɹ ə z o ʊ l
talents	t æ l ə n t s
tamarind	t æ m ə ɹ ɪ n d
tammy	t æ m i
tamp	t æ m p
tamworth	t æ m w ə ɹ θ
tangelo	t æ n d͡ʒ ə l o ʊ
tango	t æ ŋ ɡ o ʊ
tankard	t æ ŋ k ɚ d
tantrum	t æ n t ɹ ə m
tapa	t ɑ p ə
tape	t e ɪ̯ p
taproot	t æ p ɹ u t
tariff	t ɛ ɹ ɪ f
tarnation	t ɑ ɹ n e ɪ ʃ ə n
tases	t e ɪ z ɪ z
tasmania	t æ z m e ɪ n i ə
tass	t æ s
tasted	t e ɪ s t ɪ d
taupe	t o ʊ p
tayside	t e ɪ s a ɪ d
te	t i
teachers	t i t͡ʃ ɚ z
teardrop	t ɪ ə d ɽ ɔ p
teas	t i z
teetotal	t i t o ʊ t ə l
teetotaling	t i t o ʊ t ə l ɪ ŋ
teflon	t ɛ f l ɔ n
tegmen	t ɛ ɡ m ə n
teh	t ɛ
tejolote	t e ɪ h ə l o ʊ t e ɪ
telekong	t ə l ə k o ŋ
telekung	t ə l ə k u ŋ
teleophyte	t ɛ l i o ʊ f a ɪ t
telepathetic	t ɛ l ə p ə t h ɛ t ɪ k
telepathetically	t ɛ l ə p ə θ ɛ t ɪ k l i
telmisartan	t ɛ l m ɪ s ɑ ɹ t ə n
tempted	t ɛ m p t ɪ d
tenacle	t ɛ n ə k ə l
tendril	t ɛ n d ɹ ə l
tenebrosity	t ɛ n ɪ b ɹ ɑ s ə d i
tenecteplase	t ə n ɛ k t ə p l e ɪ s
tenent	t ɛ n ɛ n t
tennessee	t ɛ n ə s i
tennessine	t ɛ n ə s i n
tense	t ɛ n s
tenuity	t ə n j u ɪ t i
tenure	t ɛ n j ɚ
terbinafine	t ɚ b ɪ n ə f i n
term	t ɝ m
termagant	t ɚ m ə ɡ ə n t
terminate	t ɝ m ɪ n e ɪ t
terrorist	t ɛ ɹ ə ɹ ɪ s t
tess	t ɛ s
testings	t ɛ s t ɪ ŋ z
tetralogy	t ɛ t ɹ æ l ə d͡ʒ i
tetraoxanes	t ɛ t ɹ ə ɔ k s e ɪ n z
tetratheist	t ɛ t ɹ ə θ i ɪ s t
tetration	t ɛ t ɹ e ɪ ʃ ə n
textspeak	t ɛ k s t s p i k
thad	θ æ d
thai	t a ɪ
thalia	θ ə l a ɪ ə
tham	t ʌ m
thanatology	θ æ n ə t ɑ l ə d͡ʒ i
thane	θ e ɪ n
thankful	θ æ ŋ k f ə l
thatch	θ æ t͡ʃ
thatcherite	θ æ t͡ʃ ə ɹ a ɪ t
thaumaturgy	θ ɔ m ə t ɜ ɹ d͡ʒ i
thebacon	θ i b ə k ɔ n
theft	θ ɛ f t
thematise	θ i m ə t a ɪ z
theme	θ i m
theocentric	θ i o ʊ s ɛ n t ɹ ɪ k
theosophic	θ i ə s ɑ f ɪ k
thereto	ð ɛ ɚ t u
thermologist	θ ə ɹ m ɔ l ə d͡ʒ ɪ s t
theseus	θ i s i ə s
thiamazole	θ a ɪ æ m ə z o ʊ l
thiazide	θ a ɪ ə z a ɪ d
thiol	θ a ɪ ɔ l
thiourea	θ a ɪ o ʊ j ʊ ɹ i ə
thirkill	θ ɜ ɹ k ɪ l
thlipsis	θ l ɪ p s ɪ s
thong	θ ɔ ŋ
thought	θ ɔ t
thrace	θ ɹ e ɪ s
thralldom	θ ɹ ɔ l d ə m
threadbare	θ ɹ ɛ d b ɛ ɹ
threatened	θ ɹ ɛ t n̩ d
threatening	θ ɹ ɛ t n̩ ɪ ŋ
thrombocythemia	θ ɹ ɔ m b o ʊ s a ɪ θ i m ɪ ə
thrombospondin	θ ɹ ɑ m b o ʊ s p ɑ n d ɪ n
thrusts	θ ɹ ʌ s t s
thwack	θ w æ k
thyrocalcitonin	θ a ɪ ɹ o ʊ k æ l s ɪ t o ʊ n ɪ n
tiber	t a ɪ b ə ɹ
ticking	t ɪ k ɪ ŋ
tie	t a ɪ
tiff	t ɪ f
tigris	t a ɪ ɡ ɹ ɪ s
tilly	t ɪ l i
timaru	t ɪ m ə ɹ u
timber	t ɪ m b ɚ
timbrel	t ɪ m b ɹ ə l
timorous	t ɪ m ə ɹ ə s
tinaja	t ɪ n ɑ h ə
tinct	t ɪ ŋ k t
tint	t ɪ n t
tiple	t i p l e ɪ
titan	t a ɪ t ə n
titer	t a ɪ t ɚ
titman	t ɪ t m ə n
tko	t i k e ɪ o ʊ
tlaloc	t l ə l o ʊ k
toadstool	t o ʊ d s t u ə l
todd	t ɑ d
tolazamide	t ə l æ z ə m a ɪ d
toloache	t ɔ l w æ t͡ʃ i
tolvaptan	t ɑ l v æ p t ə n
tongs	t ɔ ŋ z
tonicity	t ə n ɪ s ɪ t i
tooele	t u ɛ l ə
tooter	t u t ə r
toothpick	t u θ p ɪ k
toothy	t u θ i
topee	t o ʊ p i
topeka	t ə p i k ə
topology	t ə p ɑ l ə d͡ʒ i
toque	t o ʊ k
torah	t ɔ ɹ ɑ
torch	t ɔ ɹ t͡ʃ
torcher	t ɔ ɹ t͡ʃ ɚ
tornado	t ɔ ɹ n e ɪ d o ʊ
torrefaction	t ɔ ɹ ɪ f æ k ʃ ə n
tother	t ʌ ð ə ɹ
touchdown	t ʌ t͡ʃ d a ʊ n
tourmaline	t ʊ ə ɹ m ə l i n
tovarishch	t ɔ v ɑ ɹ ɪ ʃ t͡ʃ
toxicology	t ɔ k s ɪ k ɔ l ə d͡ʒ i
toys	t ɔ ɪ z
trachea	t ɹ e ɪ k i ə
trademark	t ɹ e ɪ d m ɑ ɹ k
tragic	t ɹ æ d͡ʒ ɪ k
traitor	t ɹ e ɪ t ɚ
transcendence	t ɹ æ n t s ɛ n d ə n s
transcendental	t ɹ æ n s ɛ n d ɛ n t ə l
transship	t ɹ æ n z ʃ ɪ p
transwell	t ɹ æ n z w ɛ l
tray	t ɹ e ɪ
tregear	t ɹ ə ɡ ɪ ə ɹ
tren	t ɹ ɛ n
trendy	t ɹ ɛ n d i
trepidation	t ɹ ɛ p ɪ d e ɪ ʃ ə n
triacetyloleandomycin	t ɹ a ɪ ə s i t a ɪ l o ʊ l i æ n d o ʊ m a ɪ s ɪ n
triamterene	t ɹ a ɪ æ m t ə ɹ i n
triathlon	t ɹ a ɪ æ θ l ɔ n
trichrome	t ɹ a ɪ k ɹ o ʊ m
trifecta	t ɹ a ɪ f ɛ k t ə
trig	t ɹ ɪ ɡ
trillion	t ɹ ɪ l j ə n
trinketry	t ɹ ɪ ŋ k ɪ t ɹ i
triptote	t ɹ ɪ p t o ʊ t
tripus	t ɹ a ɪ p ə s
trisector	t ɹ a ɪ s ɛ k t ɚ
tritone	t͡ʃ ɹ a ɪ t o ʊ n
triumvirate	t ɹ a ɪ ʌ m v ə ɹ ɪ t
triviality	t ɹ ɪ v i æ l ə t i
trochlea	t ɹ ɔ k l ɪ ə
trombonist	t ɹ ɑ m b o ʊ n ɪ s t
trounce	t ɹ a ʊ n s
trousers	t ɹ a ʊ z ɚ z
trowel	t ɹ a ʊ ə l
truculent	t ɹ ʌ k j ʊ l ə n t
trufan	t ɹ u f æ n
truffle	t ɹ ʌ f l
trump	t ɹ ʌ m p
try	t ɹ a ɪ
tryna	t͡ʃ ɹ a ɪ n ə
tsipouro	t s ɪ p ʊ ɹ o ʊ
tteok	t ʌ k
tuatapere	t u ɑ t a p ə ɹ i
tugboat	t ʌ ɡ b o ʊ t
tumbrel	t ʌ m b ɹ ə l
tumpline	t ʌ m p l a ɪ n
tundra	t ʌ n d ɹ ə
tunes	t j ʉː n s
tunis	t u n ə s
turbid	t ɜ ɹ b ɪ d
turkestan	t ɜ ɹ k ɪ s t æ n
turkman	t ɜ ɹ k m ə n
turntable	t ɝ n t e ɪ b ə l
tuva	t u v ə
twain	t w e ɪ n
tweeter	t w i t ɚ
twiddle	t w ɪ d ə l
twins	t w ɪ n z
twite	t w a ɪ t
tying	t a ɪ ɪ ŋ
tylenol	t a ɪ l ə n ɑ l
tympanic	t ɪ m p æ n ɪ k
typing	t a ɪ p ɪ ŋ
tyrannic	t ɪ ɹ æ n ɪ k
tyres	t a ɪ ə ɹ z
ubiquitous	j u b ɪ k w ɪ t ə s
uefa	j u e ɪ f ə
uggo	ʌ ɡ o ʊ
ugli	ʌ ɡ l i
ukraine	j u k ɹ e ɪ n
ulp	ʌ l p
ultramarine	ʌ l t ɹ ə m ə ɹ i n
umber	ʌ m b ɚ
umgang	ʌ m ɡ a ŋ
umich	j u m ɪ ʃ
unarm	ʌ n ɑ ɹ m
unbeknownst	ʌ n b ɪ n o ʊ n s t
unbend	ʌ n b ɛ n d
uncaged	ʌ n k e ɪ d͡ʒ d
unchain	ʌ n t͡ʃ e ɪ n
unconditional	ʌ n k ə n d ɪ ʃ ə n ə l
unconstancy	ʌ n k ɔ n s t ə n s i
undemonstrative	ʌ n d ə m ɔ n s t ɹ ə t ɪ v
underarm	ʌ n d ɚ ɑ ɹ m
underreactor	ʌ n d ə ɹ ɹ i æ k t ɚ
underwrite	ʌ n d ə ɹ a ɪ t
undevil	ʌ n d ɛ v ɪ l
undivided	ʌ n d ɪ v a ɪ d ɪ d
undone	ʌ n d ʌ n
unenabled	ʌ n ə n e ɪ b ə l d
unesco	j u n ɛ s k o ʊ
unexpectedly	ʌ n ɪ k s p ɛ k t ɪ d l i
unfettered	ʌ n f ɛ t ɚ d
unfortunate	ʌ n f ɔ ɹ t͡ʃ ə n ɪ t
unfriendly	ʌ n f ɹ ɛ n d l i
unfurl	ʌ n f ɝ l
ungainly	ʌ n ɡ e ɪ n l i
ungrab	ʌ n ɡ ɹ æ b
unhinge	ʌ n h ɪ n d͡ʒ
uniformize	j u n ɪ f ɔ ɹ m a ɪ z
uninformed	ʌ n ɪ n f ɔ ɹ m d
university	j u n ɪ v ɝ s ə t i
unknot	ʌ n n ɔ t
unlock	ʌ n l ɔ k
unpinked	ʌ n p ɪ ŋ k t
unplug	ʌ n p l ʌ ɡ
unpretentious	ʌ n p ɹ ə t ɛ n ʃ ə s
unredressable	ʌ n ɹ ɪ d ɹ ɛ s ə b ə l
unseam	ʌ n s i m
unvitiated	ʌ n v ɪ ʃ i e ɪ t ɪ d
unwittingly	ʌ n w ɪ t ɪ ŋ l i
upbind	ʌ p b a ɪ n d
upcycling	ʌ p s a ɪ k l ɪ ŋ
uphold	ʌ p h o l d
upper	ʌ p ɚ
uppity	ʌ p ə t i
upside	ʌ p s a ɪ d
upsoar	ʌ p s ɔ ɹ
uptalking	ə p t ɔ k ɪ ŋ
upton	ʌ p t ə n
upwards	ʌ p w ɚ d z
urdu	ʊ ə ɹ d u
urethra	j ʊ ɹ i θ ɹ ə
urus	j ʊ ə ɹ ə s
usabilities	j u z ə b ɪ l ɪ t i z
usable	j u z ə b ə l
usie	ʌ s i
using	j u z ɪ ŋ
usufruction	j u z ə f ɹ ʌ k ʃ ə n
uterus	j u t ə ɹ ə s
uxoricide	ʌ k s ɔ ɹ ɪ s a ɪ d
vacay	v e ɪ k e ɪ
vade	v e ɪ d
vali	v ɑ l ɪ
valiant	v æ l j ə n t
validate	v æ l ə d e ɪ t
validation	v æ l ə d e ɪ ʃ ə n
valleys	v æ l i z
values	v æ l j u z
vancomycin	v æ ŋ k ə m a ɪ s ɪ n
vandal	v æ n d ə l
vanes	v e ɪ n z
vanish	v æ n ɪ ʃ
vat	v æ t
vaticination	v ə t ɪ s ɪ n e ɪ ʃ ə n
veep	v i p
vega	v e ɪ ɡ ə
vegeburger	v ɛ d͡ʒ i b ɜ ɹ ɡ ə ɹ
vegetal	v ɛ d͡ʒ ɪ̈ t l̩
vellum	v ɛ l ə m
venda	v ɛ n d ə
venomous	v ɛ n ə m ə s
verdure	v ɜ d͡ʒ ɚ
veridical	v ə ɹ ɪ d ɪ k ə l
vermiparous	v ɜ ɹ m ɪ p ə ɹ ə s
vernacularize	v ə n æ k j ʊ l ə ɹ a ɪ z
verse	v ɝ s
vertiginous	v ɜ ɹ t ɪ d͡ʒ ɪ n ə s
vertigo	v ɝ t ɪ ɡ o ʊ
vetter	v ɛ t ɚ
veurne	v ɜ ɹ n ə
vexillology	v ɛ k s ə l ɑ l ə d͡ʒ i
vibrissa	v ɪ b ɹ ɪ s ə
vicegerency	v a ɪ s d͡ʒ ɪ ə ɹ ə n t s i
viceroy	v a ɪ s ɹ ɔ ɪ
vick	v ɪ k
victories	v ɪ k t ə ɹ i z
victuals	v ɪ t l̩ z
vig	v ɪ ɡ
vigil	v ɪ d͡ʒ ə l
vigneron	v i n j ə ɹ ɔ̃
vignette	v ɪ n j ɛ t
vila	v i l ə
villa	v ɪ l ə
villages	v ɪ l ɪ d͡ʒ ɪ z
vindication	v ɪ n d ɪ k e ɪ ʃ ə n
vinetree	v a ɪ n t ɹ i
violoncello	v a ɪ ə l ə n t͡ʃ ɛ l o ʊ
virginia	v ɚ d͡ʒ ɪ n j ə
virginian	v ɚ d͡ʒ ɪ n j ə n
virology	v ʌ ɪ ɹ ɔ l ə d͡ʒ i
virtuous	v ɝ t͡ʃ u ə s
vishnu	v ɪ ʃ n u
vivian	v ɪ v i ə n
vivid	v ɪ v ɪ d
vivifying	v ɪ v ɪ f ʌ ɪ ŋ
vocal	v o ʊ k ə l
vociferation	v o ʊ s ɪ f ə ɹ e ɪ ʃ ə n
vogt	v o ʊ ɡ t
vogue	v o ʊ ɡ
volition	v o ʊ l ɪ ʃ ə n
volley	v ɔ l i
voltaic	v ɔ l t e ɪ ɪ k
volumes	v ɑ l j u m z
voluntary	v ɑ l ə n t ɛ ɹ i
vorozole	v ɔ ɹ ə z o ʊ l
vulpine	v ʌ l p a ɪ n
vulva	v ʌ l v ə
wabash	w ɑ b æ ʃ
wack	w æ k
wagon	w æ ɡ ə n
waistband	w e ɪ s t b æ n d
waiver	w e ɪ v ɚ
waking	w e ɪ k ɪ ŋ
wallaby	w ɑ l ə b i
wallonia	w ə l o ʊ n ɪ ə
wanton	w ɑ n t ə n
war	w ɔ ɹ
warning	w ɔ ɹ n ɪ ŋ
wasp	w ɑ s p
watercress	w ɔ t ə ɹ k ɹ ɛ s
wattle	w ɔ t ə l
waving	w e ɪ v ɪ ŋ
waxing	w æ k s ɪ ŋ
waxy	w æ k s i
weaken	w i k ə n
weapon	w ɛ p ə n
weaponize	w ɛ p ə n a ɪ z
wee	w i
weel	w i l
weely	w i l i
weevil	w i v ɪ l
wellington	w ɛ l ɪ ŋ t ə n
welly	w ɛ l i
weltanschauung	v ɛ l t ɑ n ʃ a ʊ ʊ ŋ
welwyn	w ɛ l ɪ n
wesleyanism	w ɛ z l ɪ ə n ɪ z ə m
westside	w ɛ s t s a ɪ d
wet	w ɛ t
whaling	w e ɪ l ɪ ŋ
whallah	w ɑ l ɑ
whammo	w æ m o ʊ
wharfage	w ɔ ɹ f ɪ d͡ʒ
wheat	w i t
wheelchair	w i l t͡ʃ ɛ ɹ
whiffle	w ɪ f l̩
wholly	h o ʊ l i
whoo	w u
whooshy	w u ʃ i
whyja	w a ɪ d͡ʒ ə
wicky	w ɪ k i
wide	w a ɪ d
wilde	w a ɪ l d
willing	w ɪ l ɪ ŋ
wilton	w ɪ l t ə n
winchcombe	w ɪ n t͡ʃ k ə m
windage	w ɪ n d ɪ d͡ʒ
windowsill	w ɪ n d o ʊ s ɪ l
windpipe	w ɪ n d p a ɪ p
windstorm	w ɪ n d s t ɔ ɹ m
winemaker	w a ɪ n m e ɪ k ɚ
winkers	w ɪ ŋ k ɚ z
winner	w ɪ n ɚ
wiper	w a ɪ p ɚ
wiry	w a ɪ ə ɹ i
wispy	w ɪ s p i
wistful	w ɪ s t f ə l
withers	w ɪ ð ɚ z
witherward	w ɪ ð ə ɹ w ə ɹ d
wlan	d ʌ b ə l j u l æ n
woken	w o ʊ k ə n
woman	w ʊ m ə n
womanhood	w ʊ m ə n h ʊ d
wonder	w ʌ n d ɚ
woodchuck	w ʊ d t͡ʃ ʌ k
woolfian	w ʊ l f i ə n
woonsocket	w ʊ n s ɔ k ɪ t
working	w ɝ k ɪ ŋ
woundable	w u n d ə b ə l
wounds	w u n d z
wow	w a ʊ̯
wrath	ɹ æ θ
wrawl	ɹ ɔ l
wreck	ɹ ɛ k
wrenched	ɹ ɛ n t͡ʃ t
wrength	ɹ ɛ ŋ θ
wrexham	ɹ ɛ k s ə m
wrinkle	ɹ ɪ ŋ k l̩
writhle	ɹ ɪ ð ə l
wrizzled	ɹ ɪ z ə l d
wronged	ɹ ɔ ŋ d
wurly	w ɝ l i
wushu	w u ʃ u
wuss	w ʊ s
wuvz	w ʌ v z
xanthe	z æ n θ i
xenobacteriology	z ɛ n ə b æ k t ɪ ə ɹ ɪ ɔ l ə d͡ʒ i
xining	ʃ i n ɪ ŋ
xizang	ʃ i z ɑ ŋ
yabber	j æ b ə ɹ
yahtzee	j ɑ t s i
yahweh	j ɑ w e ɪ
yak	j æ k
yaldhurst	j ɔ l d h ə s t
yank	j æ ŋ k
yaodong	j a ʊ d ʊ ŋ
yare	j ɛ ɹ
yearningly	j ɝ n ɪ ŋ l i
yeasayer	j e ɪ s e ɪ ɚ
yeovil	j o ʊ v ɪ l
yerevanian	j e ɹ ə v ɑ n i ə n
yerk	j ɜ ɹ k
yes	j ɛ s
yesses	j ɛ s ɪ z
yeung	j ʌ ŋ
yex	j ɛ k s
yiwu	j i w u
yoicks	j ɔ ɪ k s
yonic	j o ʊ n ɪ k
youtube	j u t u b
zachary	z æ k ə ɹ i
zambuck	z æ m b ʌ k
zap	z æ p
zed	z ɛ d
zelensky	z ɪ l ɛ n s k i
zenith	z i n ɪ θ
zerbert	z ɜ ɹ b ə ɹ t
zerk	z ɝ k
zetetic	z ə t ɛ t ɪ k
zillionths	z ɪ l j ə n θ s
zine	z i n
zinefan	z i n f æ n
zipper	z ɪ p ɚ
ziti	z i t i
zoologist	z o ʊ ɑ l ə d͡ʒ ɪ s t
zoomy	z u m i
zowie	z a ʊ ɪ
zymophyte	z a ɪ m o ʊ f a ɪ t
zythology	z a ɪ θ ɔ l ə d͡ʒ i
