abatai	ɐ b aː t ɐ ɪ̯ˑ
abato	ɐ b aː t oː
abatuose	ɐ b aː t u ə sʲ ɛ
abejingu	ɐ bʲ ɛ j ɪ n ɡ ʊ
agresija	ɐ ɡʲ rʲ ɛ sʲ ɪ j ɛ
airijoje	ɐ j rʲ ɪ j o j ɛ
airiško	ɐ j rʲ ɪ ʃ k o
airiškos	ɐ j rʲ ɪ ʃ k o s
akis	ɐ kʲ ɪ s
aklais	ɐ k l ɐ j s
aklajai	aː k l ɐ j ɛ j
aklas	aː k l ɐ s
akloje	ɐ k l o j ɛ
aklu	ɐ k l ʊ
akluose	ɐ k l ʊ o sʲ ɛ
albaniškasis	ɐ l b aː nʲ ɪ ʃ k ɐ sʲ ɪ s
albaniško	ɐ l b aː nʲ ɪ ʃ k o
albaniškoje	ɐ l b aː nʲ ɪ ʃ k o j ɛ
alus	ɐ l ʊ s
angelais	ɐ n ɡʲ ɛ l ɑ j s
angelus	ɑ n ɡʲ ɛ l ʊ s
anomalija	ɐ n ɔ m aː l ɪ j ɛ
antklodė	ɐ n t k l ɔ dʲ eː
apgalėti	ɐ p ɡ ɐ lʲ eː tʲ ɪ
apkalbėti	ɐ p k ɐ lʲ bʲ eː tʲ ɪ
apkeliauti	ɐ pʲ kʲ ɛ lʲ æ ʊ tʲ ɪ
aptarimo	ɐ p t ɐ ɾʲ ɪ m o
arabiją	ɐ r aː bʲ ɪ j æː
arabiškai	ɐ r aː bʲ ɪ ʃ k ɐ j
arabiškais	ɐ r aː bʲ ɪ ʃ k ɐ j s
arabiškas	ɐ r aː bʲ ɪ ʃ k ɐ s
arabiškos	ɐ r aː bʲ ɪ ʃ k o s
arabišką	ɐ r aː bʲ ɪ ʃ k aː
archyvams	ɐ rʲ xʲ iː ʋ ɐ m s
archyvus	ɐ rʲ xʲ iː ʋ ʊ s
armėniškai	ɐ rʲ mʲ eː nʲ ɪ ʃ k ɐ j
asmeninei	ɐ sʲ mʲ ɛ nʲ ɪ nʲ ɛ j
asmeniniams	ɐ sʲ mʲ ɛ nʲ ɪ nʲ ɛ m s
asmeninio	ɐ sʲ mʲ ɛ nʲ ɪ nʲ o
asmeninė	ɐ sʲ mʲ ɛ nʲ ɪ nʲ eː
atiduodanti	ɐ tʲ ɪ d u ɔ d ɐ nʲ tʲ ɪ
atiduosiantis	ɐ tʲ ɪ d u ɔ sʲ ɛ nʲ tʲ ɪ s
atiduosiančiuoju	ɐ tʲ ɪ d u ɔ sʲ ɛ nʲ tʲ ʃʲ ʊ o j ʊ
audinė	ɐ ʊ dʲ ɪ nʲ eː
auksą	a u k s a
aukštaites	ɐ ʊ k ʃ t ɐ j tʲ ɛ s
aukštaičiui	ɐ ʊ k ʃ t ɐ j tʲ ʃʲ ʊ ɪ
ačiū	aː t ʃʲ uː
baigti	b ɐ j ɡʲ tʲ ɪ
balso	b ɐ l s o
balsu	b ɐ l s ʊ
balsus	b ɐ l s ʊ s
baltojoje	b ɐ l t oː j o j ɛ
baltuosius	b ɐ l t u ɔ sʲ ʊ s
baltąja	b ɐ l t aː j ɛ
be	bʲ ɛ
bedieviškai	bʲ ɛ dʲ j ɛ ʋʲ ɪ ʃ k ɐ j
bedieviškesnė	bʲ ɛ dʲ j ɛ ʋʲ ɪ ʃʲ kʲ ɛ sʲ nʲ eː
bedieviški	bʲ ɛ dʲ j ɛ ʋʲ ɪ ʃʲ kʲ ɪ
bedieviškiausi	bʲ ɛ dʲ j ɛ ʋʲ ɪ ʃʲ kʲ æː ʊ sʲ ɪ
bedieviškumas	bʲ ɛ dʲ j ɛ ʋʲ ɪ ʃ k ʊ m ɐ s
bedieviškuose	bʲ ɛ dʲ j ɛ ʋʲ ɪ ʃ k ʊ o sʲ ɛ
bedugnis	bʲ ɛ d ʊ ɡʲ nʲ ɪ s
bendras	bʲ ɛ n d r ɐ s
blizgantį	bʲ lʲ ɪ z ɡ ɐ nʲ tʲ iː
blizgančius	bʲ lʲ ɪ z ɡ ɐ nʲ tʲ ʃʲ ʊ s
blogai	b l oː ɡ ɐ j
blogame	b l o ɡ ɐ mʲ ɛ
blogesnes	b l o ɡʲ ɛ sʲ nʲ ɛ s
blogesniais	b l o ɡʲ ɛ sʲ nʲ ɛ j s
blogiausiais	b l o ɡʲ æː ʊ sʲ ɛ j s
blogiausiomis	b l o ɡʲ æː ʊ sʲ o mʲ ɪ s
blogosiomis	b l o ɡ oː sʲ o mʲ ɪ s
blogus	b l o ɡ ʊ s
blogąsias	b l o ɡ aː sʲ ɛ s
brazilija	b r ɐ zʲ ɪ lʲ ɪ j ɛ
broli	b ɾ oː lʲ ɪ
broliui	b ɾ oː lʲ ʊ ɪ
bruks	b r ʊ k s̪
bulgarija	b ʊ l ɡ aː rʲ ɪ j ɛ
bulgariškai	b ʊ l ɡ aː rʲ ɪ ʃ k ɐ j
bulgariškų	b ʊ l ɡ aː rʲ ɪ ʃ k uː
buvusi	b ʊ ʋ ʊ sʲ ɪ
buvusiais	b ʊ ʋ ʊ sʲ ɛ j s
buvusieji	b ʊ ʋ ʊ sʲ j ɛ j ɪ
buvusioji	b ʊ ʋ ʊ sʲ o j ɪ
buvusiomis	b ʊ ʋ ʊ sʲ o mʲ ɪ s
buvusiosios	b ʊ ʋ ʊ sʲ o sʲ o s
buvusiuose	b ʊ ʋ ʊ sʲ ʊ o sʲ ɛ
buvusiųjų	b ʊ ʋ ʊ sʲ u j u
buvusį	b ʊ ʋ ʊ sʲ i
bučiuojančio	b ʊ tʲ ʃʲ u ɔ j ɛ nʲ tʲ ʃʲ o
bučiuoją	b ʊ tʲ ʃʲ u ɔ j æː
bučiuosiančią	b ʊ tʲ ʃʲ u ɔ sʲ ɛ nʲ tʲ ʃʲ æː
bučiuoti	b ʊ tʲ ʃʲ u ɔ tʲ ɪ
bėgančiuosius	bʲ eː ɡ ɐ nʲ tʲ ʃʲ ʊ o sʲ ʊ s
bėgusia	bʲ eː ɡ ʊ sʲ ɛ
būsiančia	b u sʲ ɛ nʲ tʲ ʃʲ ɛ
būsią	b u sʲ æː
dainuojančiam	d ɐ j n u ɔ j ɛ nʲ tʲ ʃʲ ɛ m
dainuojančio	d ɐ j n u ɔ j ɛ nʲ tʲ ʃʲ o
dainuojančios	d ɐ j n u ɔ j ɛ nʲ tʲ ʃʲ o s
dainuojančiuose	d ɐ j n u ɔ j ɛ nʲ tʲ ʃʲ ʊ o sʲ ɛ
dainuojančiąja	d ɐ j n u ɔ j ɛ nʲ tʲ ʃʲ æː j ɛ
dainuoti	d ɐ j n u ɔ tʲ ɪ
daryti	d ɐ ɾʲ iː tʲ ɪ
davusi	d aː ʋ ʊ sʲ ɪ
davusiems	d aː ʋ ʊ sʲ j ɛ m s
davėjas	d ɐ ʋʲ eː j ɛ s
davėjus	d ɐ ʋʲ eː j ʊ s
degi	dʲ ɛ ɡʲ ɪ
dieviškojo	dʲ j ɛ ʋʲ ɪ ʃ k o j o
dieviškosios	dʲ j ɛ ʋʲ ɪ ʃ k o sʲ o s
dieviškumu	dʲ j ɛ ʋʲ ɪ ʃ k ʊ m ʊ
dieviškųjų	dʲ j ɛ ʋʲ ɪ ʃ k uː j uː
diržas	dʲ ɪ r ʒ ɐ s̪
duokite	d u ɔ k ɪ t ɛ
duosi	d u ɔ sʲ ɪ
duosiančiojo	d u ɔ sʲ ɛ nʲ tʲ ʃʲ o j o
duosiančiomis	d u ɔ sʲ ɛ nʲ tʲ ʃʲ o mʲ ɪ s
duočiau	d u ɔ t ʃ ɐ u
dėmes	dʲ eː mʲ ɛ s
džiaugsmingas	d͡ʒ ɛ ʊ ɡʲ sʲ mʲ ɪ n ɡ ɐ s
ejakuliuodavusiajai	ɛ j ɛ k ʊ lʲ u o d ɐ ʋ ʊ sʲ ɛ j ɛ j
ejakuliuodavusios	ɛ j ɛ k ʊ lʲ u o d ɐ ʋ ʊ sʲ o s
ejakuliuojančiais	ɛ j ɛ k ʊ lʲ u o j ɛ nʲ tʲ ʃʲ ɛ j s
ejakuliuosiant	ɛ j ɛ k ʊ lʲ u o sʲ ɛ n t
ejakuliuosiančiais	ɛ j ɛ k ʊ lʲ u o sʲ ɛ nʲ tʲ ʃʲ ɛ j s
ejakuliuosiančiaisiais	ɛ j ɛ k ʊ lʲ u o sʲ ɛ nʲ tʲ ʃʲ ɛ j sʲ ɛ j s
epicentrais	ɛ pʲ ɪ tʲ sʲ ɛ n t r ɐ j s
epicentras	ɛ pʲ ɪ tʲ sʲ ɛ n t r ɐ s
ereliai	ɛ ɾʲ æː lʲ ɐ j
erkei	æː ɾʲ kʲ ɛ j
erotiniai	ɛ ɾ o tʲ ɪ nʲ ɛ j
erotiniu	ɛ ɾ o tʲ ɪ nʲ ʊ
erotinius	ɛ ɾ o tʲ ɪ nʲ ʊ s
erotiškesnėje	ɛ ɾ o tʲ ɪ ʃʲ kʲ ɛ sʲ nʲ eː j ɛ
erotiškiausiuoju	ɛ ɾ o tʲ ɪ ʃʲ kʲ æː ʊ sʲ ʊ o j ʊ
erotiškiausiuose	ɛ ɾ o tʲ ɪ ʃʲ kʲ æː ʊ sʲ ʊ o sʲ ɛ
esantiems	ɛ s ɐ nʲ tʲ j ɛ m s
esančia	ɛ s ɐ nʲ tʲ ʃʲ ɛ
esančių	ɛ s ɐ nʲ tʲ ʃʲ u
esančiųjų	ɛ s ɐ nʲ tʲ ʃʲ u j u
esate	æ s ɐ tʲ ɛ
esi	ɛ sʲ ɪ
estiškai	ɛ sʲ tʲ ɪ ʃ k ɐ j
estiškas	ɛ sʲ tʲ ɪ ʃ k ɐ s
esu	ɛ s ʊ
esąs	ɛ s aː s
ežerų	ɛ ʒʲ ɛ ɾ uː
gabalas	ɡ ä̌ː b ɐ ɫ ɐ s̪
galininkas	ɡ ɐ lʲ ɪ nʲ ɪ ŋ k ɐ s
galintis	ɡ aː lʲ ɪ nʲ tʲ ɪ s
galintys	ɡ aː lʲ ɪ nʲ tʲ iː s
galintį	ɡ aː lʲ ɪ nʲ tʲ iː
galinčiomis	ɡ aː lʲ ɪ nʲ tʲ ʃʲ o mʲ ɪ s
galėdami	ɡ ɐ lʲ eː d ɐ mʲ ɪ
galįs	ɡ aː lʲ iː s
gatvių	ɡ aː tʲ ʋʲ uː
gatvėmis	ɡ aː tʲ ʋʲ eː mʲ ɪ s
geisti	ɡʲ ɛ j sʲ tʲ ɪ
geografija	ɡʲ ɛ o ɡ ɾ aː f ɪ j ɐ
gerti	ɡʲ ɛ rʲ tʲ ɪ
getuose	ɡʲ ɛ t ʊ o sʲ ɛ
getus	ɡʲ ɛ t ʊ s
getų	ɡʲ ɛ t uː
gilesniam	ɡʲ ɪ lʲ ɛ sʲ nʲ æː m
gilesnio	ɡʲ ɪ lʲ ɛ sʲ nʲ o
gilesniuose	ɡʲ ɪ lʲ ɛ sʲ nʲ ʊ o sʲ ɛ
gilesnius	ɡʲ ɪ lʲ ɛ sʲ nʲ ʊ s
gilesnės	ɡʲ ɪ lʲ ɛ sʲ nʲ eː s
gilesnėse	ɡʲ ɪ lʲ ɛ sʲ nʲ eː sʲ ɛ
giliais	ɡʲ ɪ lʲ ɛ j s
giliausio	ɡʲ ɪ lʲ æː ʊ sʲ o
giliausioje	ɡʲ ɪ lʲ æː ʊ sʲ o j ɛ
giliausiojoje	ɡʲ ɪ lʲ æː ʊ sʲ o j o j ɛ
giliausius	ɡʲ ɪ lʲ æː ʊ sʲ ʊ s
gilieji	ɡʲ ɪ lʲ j ɛ j ɪ
giliuoju	ɡʲ ɪ lʲ u ɔ j ʊ
giliuose	ɡʲ ɪ lʲ ʊ o sʲ ɛ
gilius	ɡʲ ɪ lʲ ʊ s
graikiškai	ɡ r ɐ j kʲ ɪ ʃ k ɐ j
graikiškosios	ɡ r ɐ j kʲ ɪ ʃ k o sʲ o s
graikiškosiose	ɡ r ɐ j kʲ ɪ ʃ k o sʲ o sʲ ɛ
gražaus	ɡ ɾ ɐ ʒ ɐ u s
gražesne	ɡ ɾ ɐ ʒʲ ɛ sʲ nʲ ɛ
gražiame	ɡ ɾ ɐ ʒʲ ɛ mʲ ɛ
gražiau	ɡ ɾ ɐ ʒʲ ɛ u
gražiausio	ɡ ɾ ɐ ʒʲ æː ʊ sʲ o
gražiausioms	ɡ ɾ ɐ ʒʲ æː ʊ sʲ o m s
gražiausiu	ɡ ɾ ɐ ʒʲ æː ʊ sʲ ʊ
gražioje	ɡ ɾ ɐ ʒʲ o j ɛ
gražioji	ɡ ɾ ɐ ʒʲ oː j ɪ
gražiomis	ɡ ɾ ɐ ʒʲ o mʲ ɪ s
gražiu	ɡ ɾ ɐ ʒʲ ʊ
gražiuoju	ɡ ɾ ɐ ʒʲ u ɔ j ʊ
gražųjį	ɡ ɾ aː ʒ uː j iː
greitajam	ɡ ɾ ɛ j t aː j ɛ m
greitasis	ɡ ɾ ɛ j t ɐ sʲ ɪ s
greitieji	ɡ ɾ ɛ j tʲ j ɛ j ɪ
greito	ɡ ɾ ɛ j t o
greitoje	ɡ ɾ ɛ j t o j ɛ
greitojo	ɡ ɾ ɛ j t o j o
greitu	ɡ ɾ ɛ j t ʊ
greituoju	ɡ ɾ ɛ j t u ɔ j ʊ
greituose	ɡ ɾ ɛ j t ʊ o sʲ ɛ
greitąsias	ɡ ɾ ɛ j t aː sʲ ɛ s
grybas	ɡʲ ɾʲ iː b ɐ s
gudrus	ɡ ʊ d̪ r ʊ s̪
gulbe	ɡ ʊ lʲ bʲ ɛ
gulbėms	ɡ ʊ lʲ bʲ eː m s
gyvūnams	ɡʲ iː ʋ uː n ɐ m s
gyvūno	ɡʲ iː ʋ uː n o
gyvūnui	ɡʲ iː ʋ uː n ʊ ɪ
gėlėmis	ɡʲ eː lʲ eː mʲ ɪ s
gęsta	ɡʲ æ̌ː s̪ t̪ ɐ
haliucinacija	h ɐ lʲ ʊ tʲ sʲ ɪ n aː tʲ sʲ ɪ j ɛ
haliucinuodavusiąją	h ɐ lʲ ʊ tʲ sʲ ɪ n u o d ɐ ʋ ʊ sʲ æː j æː
haliucinuojantį	h ɐ lʲ ʊ tʲ sʲ ɪ n u o j ɛ nʲ tʲ iː
haliucinuojančiosiomis	h ɐ lʲ ʊ tʲ sʲ ɪ n u o j ɛ nʲ tʲ ʃʲ o sʲ o mʲ ɪ s
haliucinuosiantįjį	h ɐ lʲ ʊ tʲ sʲ ɪ n u o sʲ ɛ nʲ tʲ iː j iː
haliucinuosiančiam	h ɐ lʲ ʊ tʲ sʲ ɪ n u o sʲ ɛ nʲ tʲ ʃʲ ɛ m
haliucinuosite	h ɐ lʲ ʊ tʲ sʲ ɪ n u o sʲ ɪ tʲ ɛ
homoseksualumas	h ɔ m ɔ sʲ ɛ k s ʊ ɐ l ʊ m ɐ s
impotencija	ɪ m p o t ɛ n t s ɪ j ɐ
instrukcija	ɪ n s t r ʊ k t s ɪ j ɐ
instrukcijai	ɪ n s t r ʊ k t sʲ ɪ j ɐ j
instrukcijomis	ɪ n s t r ʊ k t sʲ ɪ j ɔ mʲ ɪ s
ispaniškais	ɪ s p aː nʲ ɪ ʃ k ɐ j s
ispaniško	ɪ s p aː nʲ ɪ ʃ k o
ispanišką	ɪ s p aː nʲ ɪ ʃ k aː
italiją	ɪ t aː lʲ ɪ j æː
itališkaisiais	ɪ t aː lʲ ɪ ʃ k ɐ j sʲ ɛ j s
izotopais	ɪ z o t o p ɐ j s
izotopas	ɪ z o t o p ɐ s
išbučiuosiantį	ɪ ʃ b ʊ tʲ ʃʲ u ɔ sʲ ɛ nʲ tʲ iː
išdaigiąją	ɪ ʃ d ɐ j ɡʲ æː j æː
išdaigų	ɪ ʃ d ɐ j ɡ uː
išdaigųjį	ɪ ʃ d ɐ j ɡ uː j iː
išdavėjui	ɪ ʃ d ɐ ʋʲ eː j ʊ ɪ
iškeliaujančiąsias	ɪ ʃʲ kʲ ɛ lʲ æ ʊ j ɛ nʲ tʲ ʃʲ æː sʲ ɛ s
iškeliauti	ɪ ʃʲ kʲ ɛ lʲ æ ʊ tʲ ɪ
išnaudotojau	ɪ ʃ n ɐ ʊ d oː t o j ɛ ʊ
išsiveržimai	ɪ ʃʲ sʲ ɪ ʋʲ ɛ rʲ ʒʲ ɪ m ɐ j
išsiveržti	ɪ sʲ vʲ ɛ rʲ ʃʲ tʲ ɪ
išsiūti	ɪ ʃʲ sʲ uː tʲ ɪ
ištarimas	ɪ ʃ t ɐ ɾʲ ɪ m ɐ s
ištatuiravusi	ɪ ʃ t ɐ t ʊ ɪ r aː ʋ ʊ sʲ ɪ
ištatuiruosiu	ɪ ʃ t ɐ t ʊ ɪ ɾ u o sʲ ʊ
ištatuiruoti	ɪ ʃ t ɐ t ʊ ɪ ɾ u ɔ tʲ ɪ
išvalyti	ɪ ʃ ʋ ɐ lʲ iː tʲ ɪ
iššūkis	ɪ ʃ uː k ɪ s
jonvabalis	j oː n ʋ ɐ b ɐ lʲ ɪ s
jonvabalių	j oː n ʋ ɐ b ɐ lʲ uː
judinti	j ʊ dʲ ɪ n tʲ ɪ
jungti	j ʊ ŋʲ kʲ tʲ ɪ
kadagys	k ɐ d̪ ɐ ɡʲ ǐː s̪
kaklas	k ä̌ː k l ɐ s̪
kalbantysis	k ɐ l b ɐ nʲ tʲ i sʲ ɪ s
kalbančias	k ɐ l b ɐ nʲ tʲ ʃʲ ɛ s
kalbančiu	k ɐ l b ɐ nʲ tʲ ʃʲ ʊ
kalbančių	k ɐ l b ɐ nʲ tʲ ʃʲ u
kalbančiųjų	k ɐ l b ɐ nʲ tʲ ʃʲ u j u
kalnagūbriai	k ɐ l n aː ɡ uː bʲ rʲ ɛ j
kalnagūbrį	k ɐ l n aː ɡ uː bʲ rʲ iː
kalnais	k ɐ l n ɐ j s
kalnas	k a͡l n ɐ s
kalnynų	k ɐ lʲ nʲ iː n uː
kapšelio	k ɐ pʲ ʃʲ æː lʲ o
kartoti	k ɐ ɾ t oː t ɪ
katė	k ɐ tʲ eː
katėse	k ɐ tʲ eː sʲ ɛ
keliaujantieji	kʲ ɛ lʲ æ ʊ j ɛ nʲ tʲ j ɛ j ɪ
keliaujančiųjų	kʲ ɛ lʲ æ ʊ j ɛ nʲ tʲ ʃʲ uː j uː
keturi	kʲ ɛ t̪ ʊ rʲ ɪ
kiaulė	kʲ ɛ ʊ̯ˑ lʲ eː
kiniškuoju	kʲ ɪ nʲ ɪ ʃ k ʊ o j ʊ
kiniškų	kʲ ɪ nʲ ɪ ʃ k uː
klaidingiausiąją	k l ɐ j dʲ ɪ nʲ ɡʲ æː ʊ sʲ æː j æː
klaidinguose	k l ɐ j dʲ ɪ n ɡ ʊ o sʲ ɛ
klaidingą	k l ɐ j dʲ ɪ n ɡ aː
knygomis	kʲ nʲ iː ɡ o mʲ ɪ s
knygos	kʲ nʲ iː ɡ o s
kompiuteri	k o mʲ pʲ ʊ tʲ ɛ rʲ ɪ
kompiuteriai	k o mʲ pʲ ʊ tʲ ɛ rʲ ɛ j
kompiuteryje	k o mʲ pʲ ʊ tʲ ɛ rʲ iː j ɛ
kompiuterį	k o mʲ pʲ ʊ tʲ ɛ rʲ iː
kopėčios	k ôː pʲ eː t͡ʃʲ oː s̪
korėjietiškos	k o rʲ eː j ɛː tʲ ɪ ʃ k o s
krėslas	kʲ rʲ êː s̪ l ɐ s̪
krūtinėje	k ɾ uː tʲ ɪ nʲ eː j ɛ
krūtinėse	k ɾ uː tʲ ɪ nʲ eː sʲ ɛ
kukurūzas	k u k u r ǔː z̪ ɐ s̪
kur	k ʊ r
kūnai	k uː n ɐ j
kūnams	k uː n ɐ m s
kūnas	k uː n ɐ s
latviški	l aː tʲ ʋʲ ɪ ʃʲ kʲ ɪ
lelija	lʲ ɛ lʲ ɪ j ɐ
lenkiškomis	lʲ æː nʲ kʲ ɪ ʃ k o mʲ ɪ s
lenkiškos	lʲ æː nʲ kʲ ɪ ʃ k o s
lenkiškuose	lʲ æː nʲ kʲ ɪ ʃ k ʊ o sʲ ɛ
lenkiškų	lʲ æː nʲ kʲ ɪ ʃ k uː
lentelė	lʲ ɛ nʲ tʲ æː lʲ eː
lietuviški	lʲ j ɛ t ʊ ʋʲ ɪ ʃʲ kʲ ɪ
lietuviškoji	lʲ j ɛ t ʊ ʋʲ ɪ ʃ k o j ɪ
lietuviškoms	lʲ j ɛ t ʊ ʋʲ ɪ ʃ k o m s
lietuviškos	lʲ j ɛ t ʊ ʋʲ ɪ ʃ k o s
lietuviškose	lʲ j ɛ t ʊ ʋʲ ɪ ʃ k o sʲ ɛ
lijo	lʲ ɪ j o
linas	lʲ ɪ n̪ ɐ s̪
link	l i ŋ k
lis	lʲ ɪ s̪
luomas	ɫ û ə m ɐ s̪
maltietiškieji	m ɐ lʲ tʲ j ɛ tʲ ɪ ʃʲ kʲ j ɛ j ɪ
malūnas	m ɐ ɫ ǔː n̪ ɐ s̪
marios	m ä̌ː rʲ oː s̪
matanti	m aː t ɐ nʲ tʲ ɪ
matantis	m aː t ɐ nʲ tʲ ɪ s
matančia	m aː t ɐ nʲ tʲ ʃʲ ɛ
matančiosiomis	m aː t ɐ nʲ tʲ ʃʲ o sʲ o mʲ ɪ s
mato	m aː t ɔ
mažais	m ɐ ʒ ɐ j s
mažajam	m ɐ ʒ aː j ɛ m
mažam	m ɐ ʒ aː m
mažas	m aː ʒ ɐ s
mažesne	m ɐ ʒʲ ɛ sʲ nʲ ɛ
mažesniam	m ɐ ʒʲ ɛ sʲ nʲ æː m
mažesniesiems	m ɐ ʒʲ ɛ sʲ nʲ j ɛ sʲ j e m s
mažesnis	m ɐ ʒʲ ɛ sʲ nʲ ɪ s
mažesniuose	m ɐ ʒʲ ɛ sʲ nʲ ʊ o sʲ ɛ
mažesniąją	m ɐ ʒʲ ɛ sʲ nʲ æː j æː
mažesnė	m ɐ ʒʲ ɛ sʲ nʲ eː
maži	m ɐ ʒʲ ɪ
mažiausias	m ɐ ʒʲ æː ʊ sʲ ɛ s
mažiausieji	m ɐ ʒʲ æː ʊ sʲ j ɛ j ɪ
mažiausiems	m ɐ ʒʲ æː ʊ sʲ j ɛ m s
mažiausioje	m ɐ ʒʲ æː ʊ sʲ o j ɛ
mažiausius	m ɐ ʒʲ æː ʊ sʲ ʊ s
mažu	m ɐ ʒ ʊ
mažuosiuose	m ɐ ʒ ʊ oː sʲ ʊ o sʲ ɛ
mažą	m aː ʒ aː
mažąjį	m aː ʒ aː j iː
mažų	m ɐ ʒ uː
medį	m æː d iː
medžiai	mʲ æː dʲ ʒʲ ɛ j
medžiojančiomis	mʲ ɛ dʲ ʒʲ oː j ɛ nʲ tʲ ʃʲ o mʲ ɪ s
medžius	m ɛ d ʒ ʊ s
meile	mʲ æː j lʲ ɛ
meilių	mʲ æː j lʲ uː
meniškaisiais	mʲ æː nʲ ɪ ʃ k ɐ j sʲ ɛ j s
meniškesnis	mʲ ɛ nʲ ɪ ʃʲ kʲ ɛ sʲ nʲ ɪ s
meniškesnėms	mʲ ɛ nʲ ɪ ʃʲ kʲ ɛ sʲ nʲ eː m s
meniškiausiojo	mʲ ɛ nʲ ɪ ʃʲ kʲ æː ʊ sʲ o j o
meniškus	mʲ æː nʲ ɪ ʃ k ʊ s
mesti	mʲ ɛ sʲ tʲ ɪ
mirti	mʲ ɪ rʲ tʲ ɪ
mokyklas	m o kʲ iː k l ɐ s
mokyklines	m o kʲ iː kʲ lʲ ɪ nʲ ɛ s
mokykliniais	m o kʲ iː kʲ lʲ ɪ nʲ ɛ j s
mokyklinis	m o kʲ iː kʲ lʲ ɪ nʲ ɪ s
mokyklinių	m o kʲ iː kʲ lʲ ɪ nʲ uː
mokyklinėmis	m o kʲ iː kʲ lʲ ɪ nʲ eː mʲ ɪ s
mokyklinėse	m o kʲ iː kʲ lʲ ɪ nʲ eː sʲ ɛ
mokyklinį	m o kʲ iː kʲ lʲ ɪ nʲ iː
mokyklų	m o kʲ iː k l uː
mokyti	m ôː kʲ iː t̪ʲ ɪ
moteriškai	m oː tʲ ɛ ɾʲ ɪ ʃ k ɐ j
moteriškesnį	m o tʲ ɛ ɾʲ ɪ ʃʲ kʲ ɛ sʲ nʲ iː
moteriškiausiajam	m o tʲ ɛ ɾʲ ɪ ʃʲ kʲ æː ʊ sʲ ɛ j ɛ m
moteriškiausioms	m o tʲ ɛ ɾʲ ɪ ʃ kʲ æː ʊ sʲ o m s
moteriškoji	m oː tʲ ɛ ɾʲ ɪ ʃ k o j ɪ
moterišką	m oː tʲ ɛ ɾʲ ɪ ʃ k aː
mumyse	m ʊ m i s ɛ
muzika	m ʊ zʲ ɪ k ɐ
muša	m ʊ ʃ ɐ
mylintiems	mʲ iː lʲ ɪ nʲ tʲ j ɛ m s
mylinčiai	mʲ iː lʲ ɪ nʲ tʲ ʃʲ ɛ j
mylinčiojo	mʲ iː lʲ ɪ nʲ tʲ ʃʲ o j o
mylinčiuose	mʲ iː lʲ ɪ nʲ tʲ ʃʲ ʊ o sʲ ɛ
mylėsiančia	mʲ iː lʲ eː sʲ ɛ nʲ tʲ ʃʲ ɛ
mėnuo	mʲ êː n̪ u ə
mįslingesniuosius	mʲ iː sʲ lʲ ɪ nʲ ɡʲ ɛ sʲ nʲ u ɔ sʲ ʊ s
mįslingesnysis	mʲ iː sʲ lʲ ɪ nʲ ɡʲ ɛ sʲ nʲ iː sʲ ɪ s
mįslingiausiais	mʲ iː sʲ lʲ ɪ nʲ ɡʲ æː ʊ sʲ ɛ j s
mįslingos	mʲ iː sʲ lʲ ɪ n ɡ o s
mįslingą	mʲ iː sʲ lʲ ɪ n ɡ aː
narkotikų	n ɐ ɾ k o tʲ ɪ k uː
nebeprisikiškiakopūsteliaudavusiais	nʲ ɛ bʲ ɛ pʲ rʲ ɪ sʲ ɪ kʲ ɪ ʃʲ kʲ ɛ k o p uː sʲ tʲ ɛ lʲ æ ʊ d ɐ ʋ ʊ sʲ ɛ j s
nebeprisikiškiakopūsteliaujančiaisiais	nʲ ɛ bʲ ɛ pʲ rʲ ɪ sʲ ɪ kʲ ɪ ʃʲ kʲ ɛ k o p uː sʲ tʲ ɛ lʲ æ ʊ j ɛ nʲ tʲ ʃʲ ɛ j sʲ ɛ j s
nebeprisikiškiakopūsteliavusioje	nʲ ɛ bʲ ɛ pʲ rʲ ɪ sʲ ɪ kʲ ɪ ʃʲ kʲ ɛ k o p uː sʲ tʲ ɛ lʲ æ ʋ ʊ sʲ o j ɛ
nekrologų	nʲ ɛ k r o l o ɡ uː
nepadorus	nʲ ɛ p ɐ d ɔ r ʊ s
netvarkingesniajam	nʲ ɛ t ʋ ɐ ɾʲ kʲ ɪ nʲ ɡʲ ɛ sʲ nʲ æː j ɛ m
netvarkingesnieji	nʲ ɛ t ʋ ɐ ɾʲ kʲ ɪ nʲ ɡʲ ɛ sʲ nʲ j ɛ j ɪ
netvarkingi	nʲ ɛ t ʋ ɐ ɾʲ kʲ ɪ nʲ ɡʲ ɪ
netvarkingo	nʲ ɛ t ʋ ɐ ɾʲ kʲ ɪ n ɡ o
netvarkingos	nʲ ɛ t ʋ ɐ ɾʲ kʲ ɪ n ɡ o s
norvegiška	n o r ʋʲ ɛ ɡʲ ɪ ʃ k ɐ
norvegiški	n o r ʋʲ ɛ ɡʲ ɪ ʃʲ kʲ ɪ
norvegiškiems	n o r ʋʲ ɛ ɡʲ ɪ ʃʲ kʲ j ɛ m s
norvegiško	n o r ʋʲ ɛ ɡʲ ɪ ʃ k o
norvegišką	n o r ʋʲ ɛ ɡʲ ɪ ʃ k aː
nukeliaujantys	n ʊ kʲ ɛ lʲ æ ʊ j ɛ nʲ tʲ iː s
nuodingame	n u ɔ dʲ ɪ n ɡ ɐ mʲ ɛ
nuodingesne	n u ɔ dʲ ɪ nʲ ɡʲ ɛ sʲ nʲ ɛ
nuodingesni	n u ɔ dʲ ɪ nʲ ɡʲ ɛ sʲ nʲ ɪ
nuodingesniems	n u ɔ dʲ ɪ nʲ ɡʲ ɛ sʲ nʲ j ɛ m s
nuodingiausias	n u ɔ dʲ ɪ nʲ ɡʲ æː ʊ sʲ ɛ s
nuodingojo	n u ɔ dʲ ɪ n ɡ o j o
nuodingu	n u ɔ dʲ ɪ n ɡ ʊ
nuodingą	n u ɔ dʲ ɪ n ɡ aː
nuogas	n u ɔ ɡ ɐ s
nuomonė	n u ɔ m o nʲ eː
nuosmukius	n u ɔ s m ʊ kʲ ʊ s
nuosmukių	n u ɔ s m ʊ kʲ uː
nutarime	n ʊ t ɐ ɾʲ ɪ mʲ ɛ
nutarimuose	n ʊ t ɐ ɾʲ ɪ m ʊ o sʲ ɛ
olandiškais	o l aː nʲ dʲ ɪ ʃ k ɐ j s
orgija	o rʲ ɡʲ ɪ j ɛ
orgiškiausia	o rʲ ɡʲ ɪ ʃʲ kʲ æː ʊ sʲ ɛ
orgiškiausiam	o rʲ ɡʲ ɪ ʃʲ kʲ æː ʊ sʲ ɛ m
orgiškiausiųjų	o rʲ ɡʲ ɪ ʃʲ kʲ æː ʊ sʲ uː j uː
ožys	ɔ ʒʲ iː s
pagonybė	p ɐ ɡ o nʲ iː bʲ eː
palaukti	p ɐ l a ʊ kʲ tʲ ɪ
paramai	p aː ɾ ɐ m ɐ j
paramą	p aː ɾ ɐ m aː
paramų	p ɐ ɾ ɐ m uː
pardavėju	p ɐ ɾ d ɐ ʋʲ eː j ʊ
pardavėjų	p ɐ ɾ d ɐ ʋʲ eː j uː
parduoti	p ɐ ɾ d u ɔ tʲ ɪ
parkeliaujančią	p ɐ rʲ kʲ ɛ lʲ æ ʊ j ɛ nʲ tʲ ʃʲ æː
pasauli	p ɐ s a ʊ lʲ ɪ
paslaptinga	p ɐ s l ɐ p tʲ ɪ n ɡ ɐ
paslaptingai	p ɐ s l ɐ p tʲ ɪ n ɡ ɐ j
paslaptingajam	p ɐ s l ɐ p tʲ ɪ n ɡ ɐ j ɛ m
paslaptingame	p ɐ s l ɐ p tʲ ɪ n ɡ ɐ mʲ ɛ
paslaptingesniojo	p ɐ s l ɐ p tʲ ɪ nʲ ɡʲ ɛ sʲ nʲ o j o
paslaptingiausiojoje	p ɐ s l ɐ p tʲ ɪ nʲ ɡʲ æː ʊ sʲ o j o j ɛ
paslaptingiausių	p ɐ s l ɐ p tʲ ɪ nʲ ɡʲ æː ʊ sʲ uː
paslaptingos	p ɐ s l ɐ p tʲ ɪ n ɡ o s
paslaptinguosiuose	p ɐ s l ɐ p tʲ ɪ n ɡ ʊ o sʲ ʊ o sʲ ɛ
paslaptingą	p ɐ s l ɐ p tʲ ɪ n ɡ aː
patarimu	p ɐ t ɐ ɾʲ ɪ m ʊ
patarimuose	p ɐ t ɐ ɾʲ ɪ m ʊ o sʲ ɛ
patarimų	p ɐ t ɐ ɾʲ ɪ m uː
patikti	p ɐ tʲ ɪ kʲ tʲ ɪ
paupines	p ɐ ʊ pʲ ɪ nʲ ɛ s
paupiniais	p ɐ ʊ pʲ ɪ nʲ ɛ j s
peilis	pʲ ɛ ɪ̯ˑ lʲ ɪ s̪
pelkė	pʲ æː lʲ kʲ eː
pelėdoms	pʲ ɛ lʲ eː d o m s
pelėsis	pʲ ɛ lʲ ěː s̪ʲ ɪ s̪
pieštukui	pʲ i ɛ ʃ t ʊ k ʊ ɪ
piktas	pʲ ɪ k t̪ ɐ s̪
pilkas	pʲ ɪ l k ɐ s
pilnatis	pʲ ɪ l n ɐ tʲ ɪ s
pingvinas	pʲ ɪ nʲ ɡʲ ʋʲ ɪ n ɐ s
pingvinus	pʲ ɪ nʲ ɡʲ ʋʲ ɪ n ʊ s
pjaustau	pʲ j æ u s t ɐ ʊ
pjaustome	pʲ j æ u s t o mʲ ɛ
pjaustymui	pʲ j æ uː sʲ tʲ iː m ʊ ɪ
pjaustyti	pʲ j æ u sʲ tʲ i tʲ ɪ
pjaustytum	pʲ j æ u sʲ tʲ i t ʊ m
pornografinį	p o ɾ n o ɡ ɾ aː fʲ ɪ nʲ iː
pornografiškesniosioms	p o r n o ɡ r ɐ fʲ ɪ ʃʲ kʲ ɛ sʲ nʲ oː sʲ o m s
pornografiškiausiesiems	p o r n o ɡ r ɐ fʲ ɪ ʃʲ kʲ æː ʊ sʲ j ɛ sʲ j ɛ m s
prakeliaujančiose	p r ɐ kʲ ɛ lʲ æ ʊ j ɛ nʲ tʲ ʃʲ o sʲ ɛ
prancūziško	p r ɐ n t s uː zʲ ɪ ʃ k o
prancūziškosios	p r ɐ n t s uː zʲ ɪ ʃ k o sʲ o s
prancūzišku	p r ɐ n t s uː zʲ ɪ ʃ k ʊ
prancūziškuoju	p r ɐ n t s uː zʲ ɪ ʃ k ʊ o j ʊ
prancūzišką	p r ɐ n t s uː zʲ ɪ ʃ k aː
prancūziškų	p r ɐ n t s uː zʲ ɪ ʃ k uː
prielipus	pʲ rʲ i ɛ lʲ ɪ p ʊ s
pritarimu	pʲ ɾʲ ɪ t ɐ ɾʲ ɪ m ʊ
pritarimui	pʲ ɾʲ ɪ t ɐ ɾʲ ɪ m ʊ ɪ
profesiją	p r o fʲ ɛ sʲ ɪ j æː
proga	p r ôː ɡ ɐ
proporcijos	p r ɔ p ɔ r t̪͡s̪ ɪ j oː s
pudelis	p ʊ dʲ ɛ lʲ ɪ s
pudelių	p ʊ dʲ ɛ lʲ uː
pusakliai	p ʊ s ɐ kʲ lʲ ɛ j
pusbroliais	p ʊ s b r o lʲ ɛ j s
puslapiams	p ʊ s l ɐ pʲ ɛ m s
puslapis	p ʊ s l ɐ pʲ ɪ s
puslapiu	p ʊ s l ɐ pʲ ʊ
pusseserėse	p ʊ sʲ ɛ sʲ ɛ rʲ eː sʲ ɛ
pušis	p ʊ ʃʲ ɪ s̪
ramus	r ɐ m ʊ s̪
rankas	ɾ ɐ ŋ k ɐ s
rankomis	ɾ ɐ ŋ k oː mʲ ɪ s
raudoti	r ɐ ʊ̯ˑ d̪ ôː t̪ʲ ɪ
reikia	rʲ ɛ j kʲ ɛ
respublika	ɾʲ ɛ s p ʊ bʲ lʲ ɪ k ɐ
respublikas	ɾʲ ɛ s p ʊ bʲ lʲ ɪ k ɐ s
respublikomis	ɾʲ ɛ s p ʊ bʲ lʲ ɪ k o mʲ ɪ s
respubliką	ɾʲ ɛ s p ʊ bʲ lʲ ɪ k a
rezultatams	ɾʲ ɛ z ʊ l t aː t ɐ m s
rezultatas	ɾʲ ɛ z ʊ l t aː t ɐ s
rezultatą	ɾʲ ɛ z ʊ l t aː t aː
rezultatų	ɾʲ ɛ z ʊ l t aː t uː
riebalai	rʲ ɪ ə b ɐ l ɐ ɪ̯ˑ
rusiškosios	r ʊ sʲ ɪ ʃ k o sʲ o s
rusiškuoju	r ʊ sʲ ɪ ʃ k ʊ o j ʊ
sabalo	s aː b ɐ l o
sabalu	s a b ɐ l ʊ
sakančiais	s aː k ɐ nʲ tʲ ʃʲ ɛ j s
sapno	s aː p n ɔ
sapnuodavusiam	s ɐ p n u ɔ d ɐ ʋ ʊ sʲ ɛ m
saugesniais	s ɐ ʊ ɡʲ ɛ sʲ nʲ ɛ j s
saugesniems	s ɐ ʊ ɡʲ ɛ sʲ nʲ j ɛ m s
saugesnio	s ɐ ʊ ɡʲ ɛ sʲ nʲ o
saugesniosiomis	s ɐ ʊ ɡʲ ɛ sʲ nʲ oː sʲ o mʲ ɪ s
saugesnis	s ɐ ʊ ɡʲ ɛ sʲ nʲ ɪ s
saugesniuosius	s ɐ ʊ ɡʲ ɛ sʲ nʲ u ɔ sʲ ʊ s
saugesniąsias	s ɐ ʊ ɡʲ ɛ sʲ nʲ æː sʲ ɛ s
saugesnėmis	s ɐ ʊ ɡʲ ɛ sʲ nʲ eː mʲ ɪ s
saugesnės	s ɐ ʊ ɡʲ ɛ sʲ nʲ eː s
saugiais	s ɐ ʊ ɡʲ ɛ j s
saugiausia	s ɐ ʊ ɡʲ æː ʊ sʲ ɛ
saugiausiojoje	s ɐ ʊ ɡʲ æː ʊ sʲ o j o j ɛ
saugiu	s ɐ ʊ ɡʲ ʊ
saugių	s ɐ ʊ ɡʲ uː
seksas	s ɛ k s ɐ s
senasis	sʲ ɛ n ɐ sʲ ɪ s
senesnieji	sʲ ɛ nʲ ɛ sʲ nʲ j ɛ j ɪ
senesnioji	sʲ ɛ nʲ ɛ sʲ nʲ oː j ɪ
seniausiųjų	sʲ ɛ nʲ æː ʊ sʲ uː j uː
senojoje	sʲ ɛ n oː j o j ɛ
senosiomis	sʲ ɛ n oː sʲ o mʲ ɪ s
senąją	sʲ æː n aː j æː
sistematinis	sʲ ɪ sʲ tʲ ɛ m aː tʲ ɪ nʲ ɪ s
siuvanti	sʲ ʊ ʋ ɐ nʲ tʲ ɪ
siūlės	sʲ uː lʲ eː s
siūlę	sʲ uː lʲ æː
skaudėti	s̪ k ɐ ʊ̯ˑ dʲ êː tʲ ɪ
skirtumo	sʲ kʲ ɪ ɾ t ʊ m o
skristi	sʲ kʲ ɾʲ ɪ sʲ tʲ ɪ
skylei	sʲ kʲ iː lʲ ɛ j
skyles	sʲ kʲ iː lʲ ɛ s
slovakiškuosius	s l o ʋ aː kʲ ɪ ʃ k ʊ o sʲ ʊ s
slovėniškai	s l o ʋʲ eː nʲ ɪ ʃ k ɐ j
smulkmeniško	s m ʊ lʲ kʲ mʲ ɛ nʲ ɪ ʃ k o
smulkmeniškumas	s m ʊ lʲ kʲ mʲ ɛ nʲ ɪ ʃ k ʊ m ɐ s
smulkmeniškus	s m ʊ lʲ kʲ mʲ ɛ nʲ ɪ ʃ k ʊ s
smulkmenos	s m ʊ lʲ kʲ mʲ ɛ n o s
smulkmenų	s m ʊ lʲ kʲ mʲ ɛ n u
snukis	s n ʊ kʲ ɪ s
spermų	sʲ pʲ ɛ ɾ m u
spyglys	sʲ pʲ iː ɡʲ lʲ ǐː s̪
sraigtas	s̪ r ä̂ˑ ɪ̯ k t̪ ɐ s̪
srautais	s r ɐ u t ɐ j s
stebi	sʲ tʲ æː bʲ ɪ
stebinčių	sʲ tʲ æː bʲ ɪ nʲ tʲ ʃʲ uː
stebinčiųjų	sʲ tʲ æː bʲ ɪ nʲ tʲ ʃʲ uː j uː
stiklas	sʲ tʲ ɪ k l ɐ s
storas	s̪ t̪ ôː r ɐ s̪
stuburais	s t ʊ b ʊ ɾ ɐ j s
stuburą	s t ʊ b ʊ ɾ aː
sunaudotojose	s ʊ n ɐ ʊ d oː t o j o sʲ ɛ
suomiškas	s u ɔ mʲ ɪ ʃ k ɐ s
suomiški	s u ɔ mʲ ɪ ʃʲ kʲ ɪ
suomiškos	s u ɔ mʲ ɪ ʃ k o s
sutarimo	s ʊ t ɐ ɾʲ ɪ m o
sutarimui	s ʊ t ɐ ɾʲ ɪ m ʊ ɪ
sutarimą	s ʊ t ɐ ɾʲ ɪ m aː
svajonėmis	s ʋ ɐ j oː nʲ eː mʲ ɪ s
svarbus	s ʋ ɐ r b ʊ s
svastikų	s ʋ aː sʲ tʲ ɪ k uː
sviestas	s̪ʲ vʲ ɪ̂ ə s̪ t̪ ɐ s̪
sėdintiems	sʲ eː dʲ ɪ nʲ tʲ j ɛ m s
sėdinčiojo	sʲ eː dʲ ɪ nʲ tʲ ʃʲ o j o
sėdinčiuoju	sʲ eː dʲ ɪ nʲ tʲ ʃʲ ʊ o j ʊ
sėdinčiųjų	sʲ eː dʲ ɪ nʲ tʲ ʃʲ uː j uː
sėdėti	sʲ eː dʲ eː tʲ ɪ
sėkla	sʲ eː k l ɐ
sėklas	sʲ eː k l ɐ s
sėkliniuose	sʲ eː kʲ lʲ ɪ nʲ ʊ o sʲ ɛ
sėklinė	sʲ eː kʲ lʲ ɪ nʲ eː
sėklų	sʲ eː k l uː
tamsa	t a m s ɐ
tarimo	t ɐ ɾʲ ɪ m o
tarnai	t ɐ r n ɐ j
tarnams	t ɐ r n aː m s
tarno	t ɐ r n o
tarnu	t ɐ r n ʊ
tarnų	t ɐ r n uː
tarpvietei	t ɐ ɾʲ pʲ ʋʲ i ɛ tʲ ɛ j
tarpvietėje	t ɐ ɾʲ pʲ ʋʲ i ɛ tʲ e j ɛ
tarė	t aː rʲ eː
teikti	tʲ ɛ ɪ̯ˑ kʲ tʲ ɪ
tik	tʲ ɪ k
turinčiai	t ʊ rʲ ɪ nʲ tʲ ʃʲ ɛ j
turinčiam	t ʊ rʲ ɪ nʲ tʲ ʃʲ ɛ m
turinčio	t ʊ rʲ ɪ nʲ tʲ ʃʲ o
turinčiųjų	t ʊ rʲ ɪ nʲ tʲ ʃʲ uː j uː
turkiškoje	t ʊ rʲ kʲ ɪ ʃ k o j ɛ
turkiškos	t ʊ rʲ kʲ ɪ ʃ k o s
turkišku	t ʊ rʲ kʲ ɪ ʃ k ʊ
turkiškų	t ʊ rʲ kʲ ɪ ʃ k uː
turėdamos	t ʊ rʲ eː d ɐ m o s
turėdavusia	t ʊ rʲ eː d ɐ ʋ ʊ sʲ ɛ
turėdavusioji	t ʊ rʲ eː d ɐ ʋ ʊ sʲ o j ɪ
turėdavusiąją	t ʊ rʲ eː d ɐ ʋ ʊ sʲ æː j æː
turėjusią	t ʊ rʲ eː j ʊ sʲ æː
turėsianti	t ʊ rʲ eː sʲ ɛ nʲ tʲ ɪ
tvarkai	t ʋ ɐ ɾ k ɐ j
tvarkingai	t ʋ ɐ ɾʲ kʲ ɪ n ɡ ɐ j
tvarkingajai	t ʋ ɐ ɾʲ kʲ ɪ n ɡ ɐ j ɛ j
tvarkingesnįjį	t ʋ ɐ ɾʲ kʲ ɪ nʲ ɡʲ ɛ sʲ nʲ iː j iː
tvarkingumu	t ʋ ɐ rʲ kʲ ɪ n ɡ ʊ m ʊ
tvarkinguosius	t ʋ ɐ ɾʲ kʲ ɪ n ɡ ʊ o sʲ ʊ s
tvarkingus	t ʋ ɐ ɾʲ kʲ ɪ n ɡ ʊ s
tvarkingą	t ʋ ɐ ɾʲ kʲ ɪ n ɡ aː
tvarkingų	t ʋ ɐ ɾʲ kʲ ɪ n ɡ uː
tylinti	tʲ iː lʲ ɪ nʲ tʲ ɪ
tylintįjį	tʲ iː lʲ ɪ nʲ tʲ iː j iː
ugnikalnio	ʊ ɡʲ nʲ ɪ k ɐ lʲ nʲ o
ugningas	ʊ ɡʲ nʲ ɪ n ɡ ɐ s
ugningiausiai	ʊ ɡʲ nʲ ɪ nʲ ɡʲ æː ʊ sʲ ɛ j
ugningiausiąsias	ʊ ɡʲ nʲ ɪ nʲ ɡʲ æː ʊ sʲ æː sʲ ɛ s
ugningąją	ʊ ɡʲ nʲ ɪ n ɡ aː j æː
ungurys	ʊ ŋ ɡ ʊ rʲ iː s̪
uostams	u ɔ s t ɐ m s
uoste	u ɔ s t ɛ
upei	ʊ pʲ ɛ j
upeliuose	ʊ pʲ æː lʲ ʊ o sʲ ɛ
upelius	ʊ pʲ ɛ lʲ ʊ s
upėtakis	ʊ pʲ eː t ɐ kʲ ɪ s
upėtakiu	ʊ pʲ eː t ɐ kʲ ʊ
užsimerkė	ʊ ʒʲ sʲ ɪ m æ ɾʲ kʲ e
užtarimas	ʊ ʒ t ɐ ɾʲ ɪ m ɐ s
užtarimu	ʊ ʒ t ɐ ɾʲ ɪ m ʊ
užtarti	ʊ ʒ t ɐ ɾ tʲ ɪ
vaistas	ʋ aː j s t ɐ s
vaiste	ʋ aː j s tʲ ɛ
vaistu	ʋ aː j s t ʊ
vaizdinga	ʋ ɐ j zʲ dʲ ɪ n ɡ ɐ
vaizdingiausiajame	ʋ ɐ j zʲ dʲ ɪ nʲ ɡʲ æː ʊ sʲ ɛ j ɛ mʲ ɛ
vaizdingosios	ʋ ɐ j zʲ dʲ ɪ n ɡ o sʲ o s
vaizdingą	ʋ ɐ j zʲ dʲ ɪ n ɡ aː
valgantys	ʋ aː l ɡ ɐ nʲ tʲ iː s
valgantį	ʋ aː l ɡ ɐ nʲ tʲ iː
valgančiaisiais	ʋ aː l ɡ ɐ nʲ tʲ ʃʲ ɛ j sʲ ɛ j s
varles	v ɐ ɾʲ lʲ ɛ s
varlė	ʋ ɐ ɾʲ lʲ e
varlėmis	ʋ ɐ ɾʲ lʲ e mʲ ɪ s
varpomis	ʋ aː ɾ p o mʲ ɪ s
vartojančiam	ʋ ɐ r t oː j ɛ nʲ tʲ ʃʲ ɛ m
vartojančio	ʋ ɐ r t oː j ɛ nʲ tʲ ʃʲ o
vartojančios	ʋ ɐ r t oː j ɛ nʲ tʲ ʃʲ o s
vartojančių	ʋ ɐ r t oː j ɛ nʲ tʲ ʃʲ uː
varyti	v ɐ rʲ îː tʲ ɪ
vaškas	ʋ aː ʃ k ɐ s
veidrodis	ʋʲ æ j d ɾ o dʲ ɪ s
vietininku	ʋʲ j ɛ tʲ ɪ nʲ ɪ n k ʊ
vilke	ʋʲ ɪ lʲ kʲ ɛ
vinis	vʲ ɪ nʲ ɪ s̪
visuomenė	v ɪ s u ɔ m ɛ n eː
vištos	ʋʲ ɪ ʃ t o s
vištų	ʋʲ ɪ ʃ t uː
vokietes	ʋ oː kʲ j ɛ tʲ ɛ s
vokietė	ʋ oː kʲ j ɛ tʲ eː
vokiečiai	ʋ oː kʲ j ɛ tʲ ʃʲ ɛ j
vokiškiems	ʋ oː kʲ ɪ ʃʲ kʲ j ɛ m s
vokiško	ʋ oː kʲ ɪ ʃ k o
vokiškomis	ʋ oː kʲ ɪ ʃ k o mʲ ɪ s
vokiškose	ʋ oː kʲ ɪ ʃ k o sʲ ɛ
vokišką	ʋ oː kʲ ɪ ʃ k aː
vokiškų	ʋ oː kʲ ɪ ʃ k uː
vorai	ʋ ɔ ɾ ɐ j
vorus	ʋ o r ʊ s
voveres	ʋ oː ʋʲ ɛ ɾʲ ɛ s
voverė	ʋ o ʋʲ ɛ ɾʲ eː
voverėse	ʋ o ʋʲ ɛ ɾʲ eː sʲ ɛ
vyriškas	ʋ iː ɾ ɪ ʃ k ɐ s
ypatingajai	iː p ɐ tʲ ɪ n ɡ ɐ j ɛ j
ypatingajame	iː p ɐ tʲ ɪ n ɡ ɐ j ɛ mʲ ɛ
ypatingųjų	iː p ɐ tʲ ɪ n ɡ uː j uː
ypač	iː p ɐ t ʃ
ąžuole	aː ʒ ʊ ɔ lʲ ɛ
ąžuolus	aː ʒ ʊ ɔ ɫ ʊ s
įdomesnė	iː d o mʲ ɛ sʲ nʲ eː
įdomesnėse	iː d o mʲ ɛ sʲ nʲ eː sʲ ɛ
įdomesnį	iː d o mʲ ɛ sʲ nʲ iː
įdomiam	iː d o mʲ æː m
įdomiame	iː d o mʲ ɛ mʲ ɛ
įdomių	iː d o mʲ uː
įdomų	iː d oː m uː
įduosią	iː d u ɔ sʲ æː
įkeliaujančioms	iː kʲ ɛ lʲ æ ʊ j ɛ nʲ tʲ ʃʲ o m s
įsiklausyti	iː sʲ ɪ k l ɐ u sʲ iː tʲ ɪ
įspūdingam	iː s p uː dʲ ɪ n ɡ ɐ m
įspūdingesni	iː s p uː dʲ ɪ nʲ ɡʲ ɛ sʲ nʲ ɪ
įspūdingesnio	iː s p uː dʲ ɪ nʲ ɡʲ ɛ sʲ nʲ o
įspūdingiausi	iː s p uː dʲ ɪ nʲ ɡʲ æː ʊ sʲ ɪ
įspūdingiausiai	iː s p uː dʲ ɪ nʲ ɡʲ æː ʊ sʲ ɛ j
įspūdingiausiuosius	iː s p uː dʲ ɪ nʲ ɡʲ æː ʊ sʲ ʊ o sʲ ʊ s
įspūdingo	iː s p uː dʲ ɪ n ɡ o
įspūdingoje	iː s p uː dʲ ɪ n ɡ o j ɛ
įspūdingomis	iː s p uː dʲ ɪ n ɡ o mʲ ɪ s
įspūdingumams	iː s p uː dʲ ɪ n ɡ ʊ m ɐ m s
įspūdingą	iː s p uː dʲ ɪ n ɡ aː
įspūdingų	iː s p uː dʲ ɪ n ɡ uː
įtarimais	iː t ɐ ɾʲ ɪ m ɐ j s
įtarimams	iː t ɐ ɾʲ ɪ m ɐ m s
įtarimus	iː t ɐ ɾʲ ɪ m ʊ s
įtarti	i t ɐ ɾ tʲ ɪ
įvykio	iː ʋʲ iː kʲ o
įvykiui	iː ʋʲ iː kʲ ʊ ɪ
šaka	ʃ ɐ k ɐ
šakai	ʃ aː k ɐ j
šakalams	ʃ ɐ k aː l ɐ m s
šakoje	ʃ ɐ k o j ɛ
šalina	ʃ ä̌ː lʲ ɪ n̪ ɐ
šalis	ʃ ɐ lʲ ɪ s
šeškams	ʃʲ ɛ ʃ k aː m s
šešką	ʃʲ æː ʃ k aː
šilku	ʃʲ ɪ l k ʊ
širdis	ʃʲ ɪ rʲ dʲ ɪ s
šizofrenija	ʃʲ ɪ z o fʲ rʲ ɛ nʲ ɪ j ɛ
šluota	ʃ l û ə t̪ ɐ
šokančiomis	ʃ oː k ɐ nʲ tʲ ʃʲ o mʲ ɪ s
šokančios	ʃ oː k ɐ nʲ tʲ ʃʲ o s
šokančiąsias	ʃ oː k ɐ nʲ tʲ ʃʲ æː sʲ ɛ s
šokančių	ʃ oː k ɐ nʲ tʲ ʃʲ uː
šokome	ʃ oː k o mʲ ɛ
šoksime	ʃ oː kʲ sʲ ɪ mʲ ɛ
švelnesniųjų	ʃʲ ʋʲ ɛ lʲ nʲ ɛ sʲ nʲ uː j uː
švelnesnės	ʃʲ ʋʲ ɛ l nʲ ɛ sʲ nʲ eː s
švelnesnę	ʃʲ ʋʲ ɛ l nʲ ɛ sʲ nʲ æː
švelnia	ʃʲ ʋʲ ɛ l nʲ ɛ
švelniam	ʃʲ ʋʲ ɛ l nʲ æː m
švelniame	ʃʲ ʋʲ ɛ l nʲ ɛ mʲ ɛ
švelnias	ʃʲ ʋʲ ɛ l nʲ ɛ s
švelniausia	ʃʲ ʋʲ ɛ l nʲ æː ʊ sʲ ɛ
švelnioje	ʃʲ ʋʲ ɛ l nʲ o j ɛ
švelniojo	ʃʲ ʋʲ ɛ l nʲ o j o
švelniosiomis	ʃʲ ʋʲ ɛ l nʲ oː sʲ o mʲ ɪ s
švelniu	ʃʲ ʋʲ ɛ l nʲ ʊ
švelnius	ʃʲ ʋʲ ɛ l nʲ ʊ s
švelniąsias	ʃʲ ʋʲ ɛ l nʲ æː sʲ ɛ s
švelniųjų	ʃʲ ʋʲ ɛ l nʲ uː j uː
švelnūs	ʃʲ ʋʲ ɛ l n uː s
šviesus	ʃʲ vʲ ɪ ə s̪ ʊ s̪
ūkai	uː k ɐ j
ūkais	uː k ɐ j s
žebenkštis	ʒʲ ɛ bʲ ɛ ŋ kʲ ʃʲ tʲ ɪ s
žemaiti	ʒʲ ɛ m ɐ j tʲ ɪ
žemaitiškaisiais	ʒʲ ɛ m ɐ j tʲ ɪ ʃ k ɐ j sʲ ɛ j s
žemaitiškieji	ʒʲ ɛ m ɐ j tʲ ɪ ʃʲ kʲ j ɛ j ɪ
žemaitiškoms	ʒʲ ɛ m ɐ j tʲ ɪ ʃ k o m s
žemaitė	ʒʲ ɛ m ɐ j tʲ eː
žemaičiams	ʒʲ ɛ m ɐ j tʲ ʃʲ ɛ m s
žemaičius	ʒʲ ɛ m ɐ j tʲ ʃʲ ʊ s
žemynas	ʒʲ ɛ mʲ iː n ɐ s
žiedynai	ʒʲ j ɛ dʲ iː n ɐ j
žiedynais	ʒʲ j ɛ dʲ iː n ɐ j s
žiedynus	ʒʲ j ɛ dʲ iː n ʊ s
žiemą	ʒʲ i ɛ m aː
žievė	ʒʲ ɪ ə vʲ ěː
žinduoliai	ʒʲ ɪ n d ʊ o lʲ ɛ j
žinduolius	ʒʲ ɪ n d ʊ o lʲ ʊ s
žiūrintieji	ʒʲ uː rʲ ɪ nʲ tʲ j ɛ j ɪ
žiūrintiems	ʒʲ uː rʲ ɪ nʲ tʲ j ɛ m s
žiūrintiesiems	ʒʲ uː rʲ ɪ nʲ tʲ j ɛ sʲ j ɛ m s
žiūrintys	ʒʲ uː rʲ ɪ nʲ tʲ iː s
žiūrinčiam	ʒʲ uː rʲ ɪ nʲ tʲ ʃʲ ɛ m
žiūrinčius	ʒʲ uː rʲ ɪ nʲ tʲ ʃʲ ʊ s
žiūriu	ʒʲ u ɾʲ ʊ
žiūrėjo	ʒʲ u ɾʲ eː j ɔ
žmogiškai	ʒ m oː ɡʲ ɪ ʃ k ɐ j
žmogiškajam	ʒ m oː ɡʲ ɪ ʃ k ɐ j ɛ m
žmogiškiems	ʒ m oː ɡʲ ɪ ʃʲ kʲ j ɛ m s
žmogiško	ʒ m oː ɡʲ ɪ ʃ k o
žmogiškus	ʒ m oː ɡʲ ɪ ʃ k ʊ s
žmogiškąsias	ʒ m oː ɡʲ ɪ ʃ k aː sʲ ɛ s
žmogiškųjų	ʒ m oː ɡʲ ɪ ʃ k uː j uː
žmoniškai	ʒ m oː nʲ ɪ ʃ k ɐ j
žmoniškus	ʒ m oː nʲ ɪ ʃ k ʊ s
žodynui	ʒ o dʲ iː n ʊ ɪ
žodynuose	ʒ o dʲ iː n ʊ o sʲ ɛ
žodynus	ʒ o dʲ iː n ʊ s
žodžių	ʒ oː dʲ ʒʲ uː
žolių	ʒ o lʲ uː
žolėms	ʒ o lʲ eː m s
žvaigždiniu	ʒ ʋ ɐ j ɡʲ ʒʲ dʲ ɪ nʲ ʊ
žvaigždiškasis	ʒ ʋ ɐ j ɡʲ ʒʲ dʲ ɪ ʃ k ɐ sʲ ɪ s
žvaigždiškesniojoje	ʒ ʋ ɐ j ɡʲ ʒʲ dʲ ɪ ʃʲ kʲ ɛ sʲ nʲ oː j o j ɛ
žvaigždiškesnėje	ʒ ʋ ɐ j ɡʲ ʒʲ dʲ ɪ ʃʲ kʲ ɛ sʲ nʲ eː j ɛ
žvaigždiškiausia	ʒ ʋ ɐ j ɡʲ ʒʲ dʲ ɪ ʃʲ kʲ æː ʊ sʲ ɛ
žvaigždiškiausiasis	ʒ ʋ ɐ j ɡʲ ʒʲ dʲ ɪ ʃʲ kʲ æː ʊ sʲ ɛ sʲ ɪ s
žvaigždiškąją	ʒ ʋ ɐ j ɡʲ ʒʲ dʲ ɪ ʃ k aː j æː
žvaigždyno	ʒ ʋ ɐ j ɡʲ ʒʲ dʲ iː n o
žvaigždynuose	ʒ ʋ ɐ j ɡʲ ʒʲ dʲ iː n ʊ o sʲ ɛ
žvaigždė	ʒ ʋ ɐ j ɡʲ ʒʲ dʲ eː
žvaigždūnės	ʒ ʋ ɐ j ɡ ʒ d uː nʲ eː s
žvakutė	ʒ ʋ ɐ k ʊ tʲ eː
